airtime,selected_mcs,txgain,pm_power
1.0,0,74,13.64801467
1.0,5,74,13.29312133
1.0,9,74,13.384308
1.0,14,74,13.92321867
1.0,18,74,14.15009067
1.0,23,74,14.504804
1.0,0,74,13.173232
1.0,5,74,13.26783067
1.0,9,74,13.38876933
1.0,14,74,13.90405333
1.0,18,74,13.98012667
1.0,23,74,14.663716
1.0,0,74,13.13391333
1.0,5,74,13.17193333
1.0,9,74,13.49841067
1.0,14,74,13.89795333
1.0,18,74,13.97604267
1.0,23,74,14.65706
1.0,0,74,13.15818933
1.0,5,74,13.25306533
1.0,9,74,13.442608
1.0,14,74,13.90110667
1.0,18,74,14.04236133
1.0,23,74,14.61877733
1.0,0,74,13.2004
1.0,5,74,13.2525
1.0,9,74,13.38906667
1.0,14,74,13.91890933
1.0,18,74,14.169468
1.0,23,74,14.66096267
1.0,0,74,13.09033067
1.0,5,74,13.30767733
1.0,9,74,13.43879467
1.0,14,74,13.888648
1.0,18,74,14.07563067
1.0,23,74,14.69889067
1.0,0,73,12.91968533
1.0,5,73,13.34114667
1.0,9,73,13.45250133
1.0,14,73,13.70968133
1.0,18,73,14.0603
1.0,23,73,14.59386267
1.0,0,73,13.077936
1.0,5,73,13.24326933
1.0,9,73,13.44942533
1.0,14,73,13.73745333
1.0,18,73,14.09557867
1.0,23,73,14.57437733
1.0,0,73,12.99715867
1.0,5,73,13.31807733
1.0,9,73,13.47362667
1.0,14,73,13.720812
1.0,18,73,14.04087867
1.0,23,73,14.56942933
1.0,0,73,13.12752
1.0,5,73,13.182124
1.0,9,73,13.46952933
1.0,14,73,13.82833333
1.0,18,73,14.04844267
1.0,23,73,14.51671467
1.0,0,73,13.099596
1.0,5,73,13.234836
1.0,9,73,13.30551867
1.0,14,73,13.836472
1.0,18,73,14.08596533
1.0,23,73,14.55329733
1.0,0,73,13.084944
1.0,5,73,13.173152
1.0,9,73,13.48297733
1.0,14,73,13.872388
1.0,18,73,14.02676
1.0,23,73,14.61192667
1.0,0,68,12.98343733
1.0,5,68,13.28438267
1.0,9,68,14.09231067
1.0,14,68,14.25640133
1.0,18,68,14.03718667
1.0,23,68,14.56502133
1.0,0,68,13.02927733
1.0,5,68,14.12338667
1.0,9,68,13.47359467
1.0,14,68,14.74617733
1.0,18,68,14.057348
1.0,23,68,14.55357467
1.0,0,68,13.03885467
1.0,5,68,14.13259067
1.0,9,68,13.42730267
1.0,14,68,13.75375333
1.0,18,68,14.40284667
1.0,23,68,15.177416
1.0,0,68,13.13889067
1.0,5,68,13.20506533
1.0,9,68,13.97848667
1.0,14,68,14.19227733
1.0,18,68,14.09200267
1.0,23,68,14.58197333
1.0,0,68,13.11330267
1.0,5,68,13.16209333
1.0,9,68,13.44063867
1.0,14,68,13.87150533
1.0,18,68,15.121508
1.0,23,68,14.61436133
1.0,0,68,13.16322267
1.0,5,68,13.244868
1.0,9,68,13.50556267
1.0,14,68,13.80478933
1.0,18,68,14.11683067
1.0,23,68,14.678316
1.0,0,63,12.98541867
1.0,5,63,13.22204
1.0,9,63,13.485816
1.0,14,63,13.888136
1.0,18,63,14.0496
1.0,23,63,14.62222267
1.0,0,63,13.145472
1.0,5,63,13.21382133
1.0,9,63,13.48675733
1.0,14,63,13.84832
1.0,18,63,13.99203067
1.0,23,63,14.649976
1.0,0,63,13.120452
1.0,5,63,13.216316
1.0,9,63,13.467076
1.0,14,63,13.85562533
1.0,18,63,13.97039733
1.0,23,63,14.642472
1.0,0,63,13.146216
1.0,5,63,13.257
1.0,9,63,13.50238133
1.0,14,63,13.841448
1.0,18,63,14.10224533
1.0,23,63,14.55762533
1.0,0,63,13.162684
1.0,5,63,13.21282533
1.0,9,63,13.49411733
1.0,14,63,13.79276933
1.0,18,63,14.12310267
1.0,23,63,14.68305467
1.0,0,63,13.105988
1.0,5,63,13.2167
1.0,9,63,13.518284
1.0,14,63,13.87478
1.0,18,63,14.132908
1.0,23,63,14.65382667
1.0,0,58,13.075564
1.0,5,58,13.261504
1.0,9,58,13.32473333
1.0,14,58,13.88468533
1.0,18,58,14.13447467
1.0,23,58,14.63990533
1.0,0,58,13.11159333
1.0,5,58,13.19168
1.0,9,58,13.50133867
1.0,14,58,13.854664
1.0,18,58,13.981428
1.0,23,58,14.63399333
1.0,0,58,13.033004
1.0,5,58,13.26745867
1.0,9,58,13.493376
1.0,14,58,13.843896
1.0,18,58,14.10334133
1.0,23,58,14.66178533
1.0,0,58,13.08112533
1.0,5,58,13.29817733
1.0,9,58,13.460588
1.0,14,58,13.70389067
1.0,18,58,14.10834133
1.0,23,58,14.64716933
1.0,0,58,13.16301733
1.0,5,58,13.240116
1.0,9,58,13.53564933
1.0,14,58,13.81001733
1.0,18,58,14.14592267
1.0,23,58,14.543124
1.0,0,58,13.13714667
1.0,5,58,13.35095867
1.0,9,58,13.396128
1.0,14,58,13.843404
1.0,18,58,14.071212
1.0,23,58,14.64168533
1.0,0,53,13.10731467
1.0,5,53,13.13375467
1.0,9,53,13.491828
1.0,14,53,13.87736267
1.0,18,53,14.09689467
1.0,23,53,14.60658267
1.0,0,53,13.149776
1.0,5,53,14.19582667
1.0,9,53,13.63795467
1.0,14,53,14.81312933
1.0,18,53,14.05207067
1.0,23,53,14.615144
1.0,0,53,13.14819067
1.0,5,53,14.27102933
1.0,9,53,13.49505333
1.0,14,53,13.86638933
1.0,18,53,14.41523333
1.0,23,53,15.29290133
1.0,0,53,13.137144
1.0,5,53,13.302512
1.0,9,53,13.46782667
1.0,14,53,13.85208133
1.0,18,53,14.092396
1.0,23,53,14.56642933
1.0,0,53,13.146464
1.0,5,53,13.281244
1.0,9,53,13.38762667
1.0,14,53,13.81247733
1.0,18,53,14.14953467
1.0,23,53,14.72738533
1.0,0,53,14.049092
1.0,5,53,13.50478133
1.0,9,53,14.25608133
1.0,14,53,13.85374
1.0,18,53,14.18183067
1.0,23,53,14.593872
1.0,0,48,12.95027333
1.0,5,48,13.27097733
1.0,9,48,13.450064
1.0,14,48,13.864516
1.0,18,48,14.08954133
1.0,23,48,14.599192
1.0,0,48,13.096456
1.0,5,48,13.223404
1.0,9,48,13.34911733
1.0,14,48,13.863328
1.0,18,48,14.094368
1.0,23,48,14.56955333
1.0,0,48,13.15386267
1.0,5,48,13.27295467
1.0,9,48,13.403548
1.0,14,48,13.898668
1.0,18,48,14.14467333
1.0,23,48,14.61685733
1.0,0,48,13.13878933
1.0,5,48,13.321388
1.0,9,48,13.47849333
1.0,14,48,13.896408
1.0,18,48,14.11004133
1.0,23,48,14.673
1.0,0,48,13.13752933
1.0,5,48,13.318052
1.0,9,48,13.49319467
1.0,14,48,13.846084
1.0,18,48,14.13995467
1.0,23,48,14.66776667
1.0,0,48,13.08598267
1.0,5,48,13.320364
1.0,9,48,13.53566533
1.0,14,48,13.91694267
1.0,18,48,14.168068
1.0,23,48,14.67618133
1.0,0,43,14.27000267
1.0,5,43,13.313132
1.0,9,43,13.49741867
1.0,14,43,13.87046267
1.0,18,43,14.07569867
1.0,23,43,14.56757867
1.0,0,43,13.15216
1.0,5,43,13.30794933
1.0,9,43,13.463284
1.0,14,43,13.83824667
1.0,18,43,14.07616667
1.0,23,43,14.542828
1.0,0,43,13.10065333
1.0,5,43,13.30437867
1.0,9,43,13.36824667
1.0,14,43,13.82207733
1.0,18,43,14.05689067
1.0,23,43,14.59110667
1.0,0,43,13.08940133
1.0,5,43,13.16534267
1.0,9,43,13.43464533
1.0,14,43,13.850136
1.0,18,43,14.08061067
1.0,23,43,14.58312667
1.0,0,43,13.126956
1.0,5,43,13.19658667
1.0,9,43,13.43218133
1.0,14,43,13.81715467
1.0,18,43,14.00908
1.0,23,43,14.52443467
1.0,0,43,13.09788533
1.0,5,43,13.24517867
1.0,9,43,13.45536267
1.0,14,43,13.67699333
1.0,18,43,14.12053333
1.0,23,43,14.64094533
1.0,0,38,13.123
1.0,5,38,13.20616133
1.0,9,38,13.42296
1.0,14,38,13.81956133
1.0,18,38,14.05627733
1.0,23,38,14.58735733
1.0,0,38,13.08348267
1.0,5,38,13.197172
1.0,9,38,13.46426
1.0,14,38,13.80784667
1.0,18,38,14.07342133
1.0,23,38,14.60863733
1.0,0,38,12.99443333
1.0,5,38,13.25992133
1.0,9,38,13.34230133
1.0,14,38,13.84691333
1.0,18,38,14.076856
1.0,23,38,14.53579067
1.0,0,38,13.09323867
1.0,5,38,13.27111467
1.0,9,38,13.29427467
1.0,14,38,13.84790933
1.0,18,38,14.08250267
1.0,23,38,14.577488
1.0,0,38,13.11097333
1.0,5,38,13.219812
1.0,9,38,13.40050533
1.0,14,38,13.79749867
1.0,18,38,14.09122533
1.0,23,38,14.57876267
1.0,0,38,13.09339733
1.0,5,38,13.13256667
1.0,9,38,13.44893333
1.0,14,38,13.85003067
1.0,18,38,14.06643067
1.0,23,38,14.55666533
1.0,0,37,13.04479333
1.0,5,37,13.14765867
1.0,9,37,13.463608
1.0,14,37,13.84017467
1.0,18,37,15.21256933
1.0,23,37,14.60517333
1.0,0,37,13.09458267
1.0,5,37,13.18687467
1.0,9,37,13.49020133
1.0,14,37,13.696216
1.0,18,37,14.0766
1.0,23,37,14.62895067
1.0,0,37,13.06044267
1.0,5,37,14.22216933
1.0,9,37,13.48084
1.0,14,37,14.82990533
1.0,18,37,14.25520133
1.0,23,37,14.91359733
1.0,0,37,14.12901467
1.0,5,37,13.258464
1.0,9,37,13.364824
1.0,14,37,13.75493067
1.0,18,37,14.049044
1.0,23,37,14.619912
1.0,0,37,13.084064
1.0,5,37,13.13966267
1.0,9,37,14.54026133
1.0,14,37,13.84701467
1.0,18,37,15.04677867
1.0,23,37,15.65456933
1.0,0,37,13.06945867
1.0,5,37,14.28183867
1.0,9,37,13.44241467
1.0,14,37,13.772948
1.0,18,37,13.974104
1.0,23,37,14.590296
1.0,0,36,12.98276933
1.0,5,36,13.51472533
1.0,9,36,14.160944
1.0,14,36,13.85042
1.0,18,36,14.008564
1.0,23,36,14.67876933
1.0,0,36,13.12607867
1.0,5,36,13.17329067
1.0,9,36,13.479784
1.0,14,36,14.97701333
1.0,18,36,14.086796
1.0,23,36,15.72307333
1.0,0,36,13.111748
1.0,5,36,13.19089333
1.0,9,36,13.47009467
1.0,14,36,13.77200933
1.0,18,36,14.14208133
1.0,23,36,14.803936
1.0,0,36,13.041648
1.0,5,36,13.23118933
1.0,9,36,13.46685467
1.0,14,36,13.83007733
1.0,18,36,14.072304
1.0,23,36,14.66093733
1.0,0,36,13.134072
1.0,5,36,13.162808
1.0,9,36,13.41078267
1.0,14,36,13.87127733
1.0,18,36,13.99286
1.0,23,36,14.700016
1.0,0,36,13.140808
1.0,5,36,13.12938
1.0,9,36,13.47648933
1.0,14,36,13.87511867
1.0,18,36,14.057232
1.0,23,36,14.714684
1.0,0,35,13.00168
1.0,5,35,13.22654533
1.0,9,35,13.45439733
1.0,14,35,13.84080133
1.0,18,35,13.968152
1.0,23,35,14.77906933
1.0,0,35,13.12720533
1.0,5,35,13.14237333
1.0,9,35,13.478872
1.0,14,35,13.78346267
1.0,18,35,14.112328
1.0,23,35,14.78593333
1.0,0,35,12.97680133
1.0,5,35,13.30336933
1.0,9,35,13.48347067
1.0,14,35,13.80093333
1.0,18,35,14.16188667
1.0,23,35,14.81594533
1.0,0,35,13.83162
1.0,5,35,13.06464267
1.0,9,35,13.18789467
1.0,14,35,13.56276667
1.0,18,35,14.20215867
1.0,23,35,14.98625867
1.0,0,35,12.8819
1.0,5,35,12.94034667
1.0,9,35,13.10827733
1.0,14,35,13.604024
1.0,18,35,13.79274533
1.0,23,35,14.47249333
1.0,0,35,12.752688
1.0,5,35,13.006616
1.0,9,35,13.18624933
1.0,14,35,13.47545867
1.0,18,35,13.83396
1.0,23,35,14.52324933
1.0,0,34,13.00729067
1.0,5,34,13.29175867
1.0,9,34,13.36166667
1.0,14,34,13.84993467
1.0,18,34,14.11714933
1.0,23,34,14.81817067
1.0,0,34,13.08868
1.0,5,34,13.237564
1.0,9,34,13.34605333
1.0,14,34,13.92975333
1.0,18,34,14.019324
1.0,23,34,14.88168667
1.0,0,34,13.11053733
1.0,5,34,13.18138933
1.0,9,34,13.39176133
1.0,14,34,13.87630133
1.0,18,34,13.99822133
1.0,23,34,14.98675867
1.0,0,34,13.03706267
1.0,5,34,13.31174533
1.0,9,34,13.322236
1.0,14,34,13.81736533
1.0,18,34,14.11858667
1.0,23,34,14.78562533
1.0,0,34,13.14784667
1.0,5,34,13.16059333
1.0,9,34,13.418504
1.0,14,34,13.78464267
1.0,18,34,13.95358133
1.0,23,34,14.88741067
1.0,0,34,13.080436
1.0,5,34,13.092536
1.0,9,34,13.467412
1.0,14,34,13.80237467
1.0,18,34,14.075904
1.0,23,34,14.91965733
1.0,0,33,12.947988
1.0,5,33,13.30818933
1.0,9,33,13.41215733
1.0,14,33,13.750124
1.0,18,33,14.18287333
1.0,23,33,15.11247733
1.0,0,33,13.10070933
1.0,5,33,13.249604
1.0,9,33,13.29103733
1.0,14,33,13.83813467
1.0,18,33,14.138436
1.0,23,33,15.026188
1.0,0,33,13.11105333
1.0,5,33,13.19000667
1.0,9,33,13.44163733
1.0,14,33,13.78828267
1.0,18,33,14.17157467
1.0,23,33,14.96861467
1.0,0,33,13.12049333
1.0,5,33,13.168992
1.0,9,33,13.41723867
1.0,14,33,13.86705467
1.0,18,33,14.11668933
1.0,23,33,15.07108
1.0,0,33,13.03714
1.0,5,33,13.08932133
1.0,9,33,13.45709867
1.0,14,33,13.88716667
1.0,18,33,14.06680533
1.0,23,33,15.10091867
1.0,0,33,13.09891467
1.0,5,33,13.12758133
1.0,9,33,13.44582667
1.0,14,33,13.796764
1.0,18,33,14.12757067
1.0,23,33,15.021936
1.0,0,32,13.072596
1.0,5,32,13.13761867
1.0,9,32,13.396384
1.0,14,32,13.84438267
1.0,18,32,14.17295867
1.0,0,32,12.723488
1.0,5,32,13.05586133
1.0,9,32,13.08697067
1.0,14,32,13.60716133
1.0,18,32,14.09008533
1.0,0,32,12.84905067
1.0,5,32,12.860144
1.0,9,32,13.19063067
1.0,14,32,13.66052533
1.0,18,32,13.970496
1.0,0,32,12.797232
1.0,5,32,12.912504
1.0,9,32,13.21852933
1.0,14,32,13.47213067
1.0,18,32,14.02185333
1.0,0,32,12.80280667
1.0,5,32,12.80907067
1.0,9,32,13.17542933
1.0,14,32,13.58901733
1.0,18,32,13.92198933
1.0,0,32,12.88076
1.0,5,32,12.91834533
1.0,9,32,13.17492133
1.0,14,32,13.62848133
1.0,18,32,13.89283067
1.0,0,31,13.01260533
1.0,5,31,13.115028
1.0,9,31,13.42859467
1.0,14,31,13.788092
1.0,18,31,14.24951467
1.0,0,31,13.089352
1.0,5,31,13.096508
1.0,9,31,13.40626933
1.0,14,31,13.91130667
1.0,18,31,14.23102667
1.0,0,31,13.04350933
1.0,5,31,13.21506933
1.0,9,31,13.4245
1.0,14,31,13.886452
1.0,18,31,14.170796
1.0,0,31,13.11452267
1.0,5,31,13.158688
1.0,9,31,13.36021733
1.0,14,31,13.91814667
1.0,18,31,14.13674133
1.0,0,31,13.03610667
1.0,5,31,13.27802667
1.0,9,31,13.21759467
1.0,14,31,13.90351867
1.0,18,31,14.37042667
1.0,0,31,12.946376
1.0,5,31,13.32905733
1.0,9,31,13.39759867
1.0,14,31,13.805956
1.0,18,31,14.37577067
1.0,0,30,12.86876667
1.0,5,30,13.19668533
1.0,9,30,13.381972
1.0,14,30,13.754936
1.0,18,30,14.434524
1.0,0,30,13.03646267
1.0,5,30,13.041632
1.0,9,30,13.41641067
1.0,14,30,13.87074267
1.0,18,30,14.31887467
1.0,0,30,13.04940133
1.0,5,30,13.06141333
1.0,9,30,13.45866133
1.0,14,30,13.96533067
1.0,18,30,14.27243867
1.0,0,30,13.088864
1.0,5,30,13.180936
1.0,9,30,13.30295733
1.0,14,30,13.93527067
1.0,18,30,14.34741733
1.0,0,30,12.996568
1.0,5,30,13.20439467
1.0,9,30,13.27608133
1.0,14,30,13.96073467
1.0,18,30,14.372508
1.0,0,30,14.13551733
1.0,5,30,13.23554667
1.0,9,30,13.31912533
1.0,14,30,13.80398
1.0,18,30,14.435164
1.0,0,29,12.934864
1.0,5,29,13.26956933
1.0,9,29,13.32170133
1.0,14,29,13.90120267
1.0,18,29,14.959372
1.0,0,29,13.0707
1.0,5,29,13.17766933
1.0,9,29,13.32940267
1.0,14,29,13.929452
1.0,18,29,14.967992
1.0,0,29,13.04066667
1.0,5,29,13.112668
1.0,9,29,13.40981467
1.0,14,29,13.918192
1.0,18,29,14.91276667
1.0,0,29,13.11747733
1.0,5,29,13.09631467
1.0,9,29,13.48229467
1.0,14,29,13.97301733
1.0,18,29,14.932532
1.0,0,29,12.950844
1.0,5,29,13.27494667
1.0,9,29,13.456484
1.0,14,29,13.90381067
1.0,18,29,14.96030533
1.0,0,29,13.10133333
1.0,5,29,13.124324
1.0,9,29,13.47979467
1.0,14,29,13.90367467
1.0,18,29,14.88218533
1.0,0,28,12.99739867
1.0,5,28,13.115416
1.0,9,28,13.45400133
1.0,14,28,13.94844
1.0,0,28,12.71242133
1.0,5,28,13.02956533
1.0,9,28,13.02542533
1.0,14,28,13.84211333
1.0,0,28,13.96640533
1.0,5,28,12.96666533
1.0,9,28,13.927704
1.0,14,28,13.95146533
1.0,0,28,12.763184
1.0,5,28,12.95073867
1.0,9,28,12.96368267
1.0,14,28,13.84851333
1.0,0,28,12.778028
1.0,5,28,12.83995333
1.0,9,28,13.12367467
1.0,14,28,13.81085067
1.0,0,28,12.79160933
1.0,5,28,12.86701733
1.0,9,28,13.21425067
1.0,14,28,13.64357067
1.0,0,27,12.92819733
1.0,5,27,13.316652
1.0,9,27,13.4405
1.0,14,27,14.05982267
1.0,0,27,13.18210533
1.0,5,27,13.27685733
1.0,9,27,13.35621867
1.0,14,27,14.28370533
1.0,0,27,13.018324
1.0,5,27,13.16611333
1.0,9,27,13.446068
1.0,14,27,14.066328
1.0,0,27,13.13381067
1.0,5,27,13.19475867
1.0,9,27,13.40885733
1.0,14,27,14.22414267
1.0,0,27,12.99189733
1.0,5,27,13.28687333
1.0,9,27,13.34296533
1.0,14,27,14.08551333
1.0,0,27,13.10859333
1.0,5,27,13.576184
1.0,9,27,13.97568933
1.0,14,27,14.201476
1.0,0,26,12.84377733
1.0,5,26,13.251012
1.0,9,26,13.3413
1.0,14,26,14.25296533
1.0,0,26,13.112016
1.0,5,26,13.08740133
1.0,9,26,13.381116
1.0,14,26,14.372224
1.0,0,26,12.868048
1.0,5,26,13.21346
1.0,9,26,13.337584
1.0,14,26,14.22921467
1.0,0,26,13.09465733
1.0,5,26,13.098304
1.0,9,26,13.392688
1.0,14,26,14.36589067
1.0,0,26,12.94695733
1.0,5,26,13.189712
1.0,9,26,13.22424933
1.0,14,26,14.34612933
1.0,0,26,13.00927733
1.0,5,26,13.05688667
1.0,9,26,13.45891333
1.0,14,26,14.22209733
1.0,0,25,13.08735867
1.0,5,25,13.11652133
1.0,9,25,13.41145867
1.0,0,25,12.870776
1.0,5,25,13.01339067
1.0,9,25,13.06847067
1.0,0,25,12.83664133
1.0,5,25,12.98003867
1.0,9,25,13.11023733
1.0,0,25,12.80989867
1.0,5,25,13.01434133
1.0,9,25,13.088332
1.0,0,25,12.81245867
1.0,5,25,13.019844
1.0,9,25,13.09029867
1.0,0,25,12.88571733
1.0,5,25,13.01544533
1.0,9,25,13.13643733
1.0,0,24,13.182808
1.0,5,24,14.24066
1.0,9,24,13.61935867
1.0,0,24,13.901844
1.0,5,24,13.27447467
1.0,9,24,14.54680533
1.0,0,24,13.09124267
1.0,5,24,13.31020267
1.0,9,24,13.39997467
1.0,0,24,13.13596
1.0,5,24,13.17177733
1.0,9,24,13.44798267
1.0,0,24,13.115928
1.0,5,24,13.07594933
1.0,9,24,13.548652
1.0,0,24,12.99373733
1.0,5,24,13.12185333
1.0,9,24,13.55256
1.0,0,23,12.879232
1.0,5,23,13.296084
1.0,9,23,13.414592
1.0,0,23,13.02614933
1.0,5,23,13.2481
1.0,9,23,13.366584
1.0,0,23,13.099028
1.0,5,23,13.16267867
1.0,9,23,13.42804667
1.0,0,23,13.09547333
1.0,5,23,13.0963
1.0,9,23,13.54901067
1.0,0,23,13.02796267
1.0,5,23,13.12893733
1.0,9,23,13.63869867
1.0,0,23,12.981996
1.0,5,23,13.18811067
1.0,9,23,13.40488267
1.0,0,22,13.047704
1.0,5,22,13.191504
1.0,9,22,13.67621067
1.0,0,22,12.95022133
1.0,5,22,13.297608
1.0,9,22,13.64729067
1.0,0,22,12.88770933
1.0,5,22,13.309796
1.0,9,22,13.59886533
1.0,0,22,13.005016
1.0,5,22,13.302456
1.0,9,22,13.45173333
1.0,0,22,13.06111333
1.0,5,22,13.28935467
1.0,9,22,13.46636133
1.0,0,22,13.09818533
1.0,5,22,13.22608
1.0,9,22,13.52607333
1.0,0,21,12.99183067
1.0,5,21,13.25072267
1.0,9,21,13.79197867
1.0,0,21,12.93863067
1.0,5,21,13.37699867
1.0,9,21,13.69641867
1.0,0,21,13.07263067
1.0,5,21,13.30601333
1.0,9,21,13.67480133
1.0,0,21,13.03874267
1.0,5,21,13.238164
1.0,9,21,13.76498
1.0,0,21,13.09671467
1.0,5,21,13.121988
1.0,9,21,13.785364
1.0,0,21,12.982356
1.0,5,21,13.24694533
1.0,9,21,13.81140267
1.0,0,20,12.89686
1.0,5,20,13.372116
1.0,0,20,12.747312
1.0,5,20,12.85988933
1.0,0,20,12.82217067
1.0,5,20,12.90236533
1.0,0,20,12.788244
1.0,5,20,12.89130533
1.0,0,20,12.826448
1.0,5,20,12.95815333
1.0,0,20,12.73514533
1.0,5,20,12.94131333
1.0,0,74,13.35191333
1.0,5,74,13.64964133
1.0,9,74,13.85624533
1.0,14,74,14.151312
1.0,18,74,14.58562267
1.0,23,74,15.02991333
1.0,0,74,13.53448667
1.0,5,74,13.72329467
1.0,9,74,13.81948533
1.0,14,74,14.416664
1.0,18,74,15.71803733
1.0,23,74,15.20187067
1.0,0,74,13.65887867
1.0,5,74,13.68872
1.0,9,74,13.97321467
1.0,14,74,14.33527867
1.0,18,74,14.64317733
1.0,23,74,15.28878533
1.0,0,74,13.618504
1.0,5,74,13.78703067
1.0,9,74,14.15087733
1.0,14,74,14.435736
1.0,18,74,14.67596933
1.0,23,74,15.32027467
1.0,0,74,13.813852
1.0,5,74,13.9945
1.0,9,74,14.173784
1.0,14,74,14.53441733
1.0,18,74,14.86021467
1.0,23,74,15.47488
1.0,0,74,13.81125333
1.0,5,74,14.13237467
1.0,9,74,14.24037733
1.0,14,74,14.70609333
1.0,18,74,15.004992
1.0,23,74,15.64098533
1.0,0,73,13.547208
1.0,5,73,13.59480667
1.0,9,73,13.87854267
1.0,14,73,14.25298267
1.0,18,73,14.58431333
1.0,23,73,15.01706133
1.0,0,73,13.57107733
1.0,5,73,13.73947867
1.0,9,73,13.784088
1.0,14,73,14.36846933
1.0,18,73,14.63158667
1.0,23,73,15.07186
1.0,0,73,13.57606267
1.0,5,73,13.68349467
1.0,9,73,13.989732
1.0,14,73,14.483316
1.0,18,73,14.587304
1.0,23,73,15.20830267
1.0,0,73,13.745092
1.0,5,73,13.72598267
1.0,9,73,14.10571333
1.0,14,73,14.55295067
1.0,18,73,14.5783
1.0,23,73,15.33026133
1.0,0,73,13.81539467
1.0,5,73,13.86861067
1.0,9,73,14.22253467
1.0,14,73,14.62917067
1.0,18,73,14.684916
1.0,23,73,15.506596
1.0,0,73,13.90760267
1.0,5,73,13.93731333
1.0,9,73,14.34191733
1.0,14,73,14.75463333
1.0,18,73,14.93032533
1.0,23,73,15.77835467
1.0,0,68,13.362072
1.0,5,68,13.75506667
1.0,9,68,13.824248
1.0,14,68,14.31746933
1.0,18,68,14.656464
1.0,23,68,15.00095333
1.0,0,68,13.565112
1.0,5,68,13.72517733
1.0,9,68,13.79054667
1.0,14,68,14.44521467
1.0,18,68,14.588976
1.0,23,68,15.10002267
1.0,0,68,13.62982
1.0,5,68,13.65353067
1.0,9,68,13.98382667
1.0,14,68,14.44453467
1.0,18,68,14.56854
1.0,23,68,15.25558667
1.0,0,68,13.77905467
1.0,5,68,13.79738533
1.0,9,68,14.07652667
1.0,14,68,14.59033333
1.0,18,68,14.60708133
1.0,23,68,15.30873733
1.0,0,68,13.914552
1.0,5,68,13.82364133
1.0,9,68,14.24270667
1.0,14,68,14.64259733
1.0,18,68,14.77021333
1.0,23,68,15.53413467
1.0,0,68,13.93979733
1.0,5,68,14.05557733
1.0,9,68,14.17980267
1.0,14,68,14.72337867
1.0,18,68,15.052116
1.0,23,68,15.66193733
1.0,0,63,13.56632533
1.0,5,63,13.56147867
1.0,9,63,13.91544267
1.0,14,63,14.29990667
1.0,18,63,14.479876
1.0,23,63,15.13252
1.0,0,63,13.56447733
1.0,5,63,13.64303867
1.0,9,63,13.98467333
1.0,14,63,14.249096
1.0,18,63,14.594632
1.0,23,63,15.186036
1.0,0,63,13.53986
1.0,5,63,13.778352
1.0,9,63,14.06980667
1.0,14,63,14.35628533
1.0,18,63,14.695736
1.0,23,63,15.25303867
1.0,0,63,13.60335733
1.0,5,63,13.97269067
1.0,9,63,13.94713733
1.0,14,63,14.47284533
1.0,18,63,14.752692
1.0,23,63,15.17962267
1.0,0,63,13.83156267
1.0,5,63,13.89366267
1.0,9,63,14.20150267
1.0,14,63,14.727528
1.0,18,63,14.79877333
1.0,23,63,15.55115867
1.0,0,63,13.96720667
1.0,5,63,13.96494
1.0,9,63,14.38526
1.0,14,63,14.83090267
1.0,18,63,14.89629467
1.0,23,63,15.728436
1.0,0,58,13.488456
1.0,5,58,13.625496
1.0,9,58,13.94943733
1.0,14,58,14.145436
1.0,18,58,14.59173333
1.0,23,58,15.15759333
1.0,0,58,13.449656
1.0,5,58,13.76698133
1.0,9,58,13.88242267
1.0,14,58,14.28501733
1.0,18,58,14.62710133
1.0,23,58,15.14709733
1.0,0,58,13.52773867
1.0,5,58,13.85163867
1.0,9,58,13.85313333
1.0,14,58,14.50834933
1.0,18,58,14.628232
1.0,23,58,15.11762133
1.0,0,58,13.692988
1.0,5,58,13.71128533
1.0,9,58,14.087608
1.0,14,58,14.53959867
1.0,18,58,14.59586667
1.0,23,58,15.31240667
1.0,0,58,13.82318533
1.0,5,58,13.79249333
1.0,9,58,14.181676
1.0,14,58,14.571928
1.0,18,58,14.76543333
1.0,23,58,15.48388
1.0,0,58,13.83536667
1.0,5,58,14.046072
1.0,9,58,14.31348667
1.0,14,58,14.58244667
1.0,18,58,16.12582533
1.0,23,58,16.144848
1.0,0,53,13.45964933
1.0,5,53,13.65896933
1.0,9,53,13.94180267
1.0,14,53,14.188844
1.0,18,53,14.56954533
1.0,23,53,15.76772667
1.0,0,53,13.678212
1.0,5,53,13.659628
1.0,9,53,13.97033333
1.0,14,53,14.33418267
1.0,18,53,14.512044
1.0,23,53,15.17644667
1.0,0,53,13.67387067
1.0,5,53,13.709484
1.0,9,53,14.099628
1.0,14,53,14.36098133
1.0,18,53,14.68867467
1.0,23,53,15.23613733
1.0,0,53,13.63374933
1.0,5,53,13.92975333
1.0,9,53,14.05575067
1.0,14,53,14.541532
1.0,18,53,14.63471733
1.0,23,53,15.31711067
1.0,0,53,13.859616
1.0,5,53,13.919388
1.0,9,53,14.187076
1.0,14,53,14.55367733
1.0,18,53,14.73149733
1.0,23,53,15.45726933
1.0,0,53,13.888624
1.0,5,53,14.05411067
1.0,9,53,14.33123067
1.0,14,53,14.543968
1.0,18,53,15.01425467
1.0,23,53,15.746888
1.0,0,48,13.35885867
1.0,5,48,13.68546667
1.0,9,48,13.72738267
1.0,14,48,14.253116
1.0,18,48,14.56923067
1.0,23,48,14.96774133
1.0,0,48,13.57469333
1.0,5,48,13.65249467
1.0,9,48,13.77538133
1.0,14,48,14.35488133
1.0,18,48,14.44526267
1.0,23,48,15.08074
1.0,0,48,13.615
1.0,5,48,13.60136933
1.0,9,48,13.995388
1.0,14,48,14.38125467
1.0,18,48,14.59537467
1.0,23,48,15.20768267
1.0,0,48,13.673952
1.0,5,48,13.77182667
1.0,9,48,14.04658933
1.0,14,48,14.55559333
1.0,18,48,14.63982133
1.0,23,48,15.38213467
1.0,0,48,13.82404133
1.0,5,48,13.83129067
1.0,9,48,14.17624133
1.0,14,48,14.50985467
1.0,18,48,14.83360933
1.0,23,48,15.477688
1.0,0,48,13.85301733
1.0,5,48,14.04608133
1.0,9,48,14.31727333
1.0,14,48,14.57227733
1.0,18,48,14.99462933
1.0,23,48,15.671388
1.0,0,43,13.376452
1.0,5,43,13.65967067
1.0,9,43,13.84784267
1.0,14,43,14.16871733
1.0,18,43,14.54222
1.0,23,43,15.06861867
1.0,0,43,13.47520667
1.0,5,43,13.70238667
1.0,9,43,13.74374667
1.0,14,43,14.36704533
1.0,18,43,14.504128
1.0,23,43,15.05920267
1.0,0,43,13.63136133
1.0,5,43,13.60860133
1.0,9,43,13.98461867
1.0,14,43,14.315668
1.0,18,43,14.654688
1.0,23,43,15.26553333
1.0,0,43,13.561036
1.0,5,43,13.87682133
1.0,9,43,14.05212933
1.0,14,43,14.40939867
1.0,18,43,14.76483733
1.0,23,43,15.25324267
1.0,0,43,13.68327733
1.0,5,43,14.01562133
1.0,9,43,14.06001467
1.0,14,43,14.59318133
1.0,18,43,14.88734533
1.0,23,43,15.34856
1.0,0,43,13.898008
1.0,5,43,14.07322
1.0,9,43,14.18808933
1.0,14,43,14.76409867
1.0,18,43,14.988268
1.0,23,43,15.73345733
1.0,0,38,13.424464
1.0,5,38,13.60659867
1.0,9,38,13.91625867
1.0,14,38,14.13640267
1.0,18,38,14.55574933
1.0,23,38,15.19777067
1.0,0,38,13.47672133
1.0,5,38,13.789208
1.0,9,38,13.75744267
1.0,14,38,14.39283333
1.0,18,38,14.569036
1.0,23,38,15.12991467
1.0,0,38,13.66683067
1.0,5,38,13.708284
1.0,9,38,14.04781467
1.0,14,38,14.362972
1.0,18,38,14.68165333
1.0,23,38,15.217148
1.0,0,38,13.67502667
1.0,5,38,13.88943467
1.0,9,38,13.992616
1.0,14,38,14.56684667
1.0,18,38,14.59235867
1.0,23,38,15.32666933
1.0,0,38,13.893536
1.0,5,38,13.8619
1.0,9,38,15.37414667
1.0,14,38,14.63035867
1.0,18,38,14.81962
1.0,23,38,15.454732
1.0,0,38,15.09747867
1.0,5,38,14.181756
1.0,9,38,14.14982933
1.0,14,38,14.76493467
1.0,18,38,14.96758
1.0,23,38,15.703908
1.0,0,37,13.34434667
1.0,5,37,13.69919067
1.0,9,37,13.831012
1.0,14,37,14.20925733
1.0,18,37,14.59513867
1.0,23,37,15.09144533
1.0,0,37,13.5428
1.0,5,37,13.69820667
1.0,9,37,13.91763067
1.0,14,37,14.424428
1.0,18,37,14.50362667
1.0,23,37,15.16890667
1.0,0,37,13.65218267
1.0,5,37,13.61192667
1.0,9,37,14.054828
1.0,14,37,14.39485333
1.0,18,37,14.591468
1.0,23,37,15.272744
1.0,0,37,13.56614267
1.0,5,37,13.90295467
1.0,9,37,14.464516
1.0,14,37,15.09669067
1.0,18,37,14.798936
1.0,23,37,15.38475067
1.0,0,37,13.801804
1.0,5,37,14.95289067
1.0,9,37,14.233128
1.0,14,37,16.48067733
1.0,18,37,14.97234933
1.0,23,37,15.543964
1.0,0,37,13.928608
1.0,5,37,13.91175867
1.0,9,37,14.31545467
1.0,14,37,14.72750533
1.0,18,37,14.90782667
1.0,23,37,15.830564
1.0,0,36,13.35664667
1.0,5,36,13.67164267
1.0,9,36,13.90370533
1.0,14,36,14.17224
1.0,18,36,14.53987333
1.0,23,36,15.165448
1.0,0,36,13.47235867
1.0,5,36,13.74229333
1.0,9,36,13.72908
1.0,14,36,14.33584533
1.0,18,36,14.56058
1.0,23,36,15.14729867
1.0,0,36,13.648312
1.0,5,36,13.65362267
1.0,9,36,13.91455067
1.0,14,36,14.46231067
1.0,18,36,14.48288133
1.0,23,36,15.36300133
1.0,0,36,13.72307333
1.0,5,36,13.69485867
1.0,9,36,14.07292
1.0,14,36,14.45996667
1.0,18,36,14.603316
1.0,23,36,15.46253733
1.0,0,36,13.80988133
1.0,5,36,13.90439067
1.0,9,36,14.26122667
1.0,14,36,14.56290933
1.0,18,36,14.82696
1.0,23,36,15.71323733
1.0,0,36,13.831748
1.0,5,36,14.08847333
1.0,9,36,14.26000133
1.0,14,36,14.58920533
1.0,18,36,14.96519067
1.0,23,36,15.87446667
1.0,0,35,13.49872
1.0,5,35,13.53343467
1.0,9,35,13.817372
1.0,14,35,14.330524
1.0,18,35,14.42486
1.0,23,35,15.37210267
1.0,0,35,13.58638133
1.0,5,35,13.678332
1.0,9,35,13.98320933
1.0,14,35,14.311808
1.0,18,35,14.57587333
1.0,23,35,15.41580267
1.0,0,35,13.549944
1.0,5,35,13.77882267
1.0,9,35,14.01466
1.0,14,35,14.28618133
1.0,18,35,14.71351467
1.0,23,35,15.538736
1.0,0,35,13.624788
1.0,5,35,13.91149733
1.0,9,35,13.93220667
1.0,14,35,14.51940667
1.0,18,35,14.67118933
1.0,23,35,15.60514933
1.0,0,35,13.832852
1.0,5,35,13.92471733
1.0,9,35,14.11338533
1.0,14,35,14.649568
1.0,18,35,14.75738133
1.0,23,35,15.88413467
1.0,0,35,13.916572
1.0,5,35,13.88798533
1.0,9,35,14.32071867
1.0,14,35,14.813988
1.0,18,35,14.87661733
1.0,23,35,16.07873867
1.0,0,34,13.31825067
1.0,5,34,13.70374933
1.0,9,34,13.82798133
1.0,14,34,14.13942533
1.0,18,34,14.58209333
1.0,23,34,15.1904
1.0,0,34,13.29681333
1.0,5,34,13.35955867
1.0,9,34,13.62348267
1.0,14,34,14.17856533
1.0,18,34,14.26451733
1.0,23,34,15.41376133
1.0,0,34,13.37343867
1.0,5,34,13.38145067
1.0,9,34,13.75414267
1.0,14,34,14.18499733
1.0,18,34,14.293212
1.0,23,34,15.499128
1.0,0,34,13.47712533
1.0,5,34,13.46231333
1.0,9,34,13.82775333
1.0,14,34,14.29319467
1.0,18,34,14.33522933
1.0,23,34,15.658136
1.0,0,34,13.58330267
1.0,5,34,13.59759867
1.0,9,34,13.99535067
1.0,14,34,14.26182933
1.0,18,34,14.57930667
1.0,23,34,15.880124
1.0,0,34,13.440528
1.0,5,34,13.72080133
1.0,9,34,13.744048
1.0,14,34,14.41019067
1.0,18,34,14.62125867
1.0,23,34,15.74778267
1.0,0,33,13.48140667
1.0,5,33,13.54128933
1.0,9,33,13.88728
1.0,14,33,14.242948
1.0,18,33,14.61716933
1.0,23,33,15.96848933
1.0,0,33,13.52029867
1.0,5,33,13.62549733
1.0,9,33,13.97275733
1.0,14,33,14.29463467
1.0,18,33,14.66312667
1.0,23,33,16.09392267
1.0,0,33,13.617304
1.0,5,33,13.67263333
1.0,9,33,14.03004533
1.0,14,33,14.43043333
1.0,18,33,14.68927333
1.0,23,33,16.15516
1.0,0,33,13.75616933
1.0,5,33,13.75391733
1.0,9,33,14.128024
1.0,14,33,14.453056
1.0,18,33,14.90199067
1.0,23,33,16.145928
1.0,0,33,13.83915067
1.0,5,33,13.84514133
1.0,9,33,14.10790133
1.0,14,33,14.675784
1.0,18,33,14.884996
1.0,23,33,16.33227867
1.0,0,33,13.94405067
1.0,5,33,14.03203467
1.0,9,33,14.21728
1.0,14,33,14.80944667
1.0,18,33,15.10686
1.0,23,33,16.51227867
1.0,0,32,13.87399333
1.0,5,32,14.12590933
1.0,9,32,13.868028
1.0,14,32,14.34770267
1.0,18,32,14.76361467
1.0,0,32,13.33926133
1.0,5,32,13.32233867
1.0,9,32,13.68420667
1.0,14,32,14.141292
1.0,18,32,14.493396
1.0,0,32,13.21472
1.0,5,32,13.536896
1.0,9,32,13.59621333
1.0,14,32,14.20600933
1.0,18,32,14.52069467
1.0,0,32,13.468864
1.0,5,32,13.50492133
1.0,9,32,13.87761467
1.0,14,32,14.22195467
1.0,18,32,14.79301067
1.0,0,32,13.43545333
1.0,5,32,13.66466667
1.0,9,32,13.740508
1.0,14,32,14.36089467
1.0,18,32,14.93103733
1.0,0,32,13.458912
1.0,5,32,13.53827333
1.0,9,32,13.91751333
1.0,14,32,14.453772
1.0,18,32,14.83189067
1.0,0,31,13.49513067
1.0,5,31,13.59412533
1.0,9,31,13.90120533
1.0,14,31,14.41582267
1.0,18,31,14.525336
1.0,0,31,13.34100533
1.0,5,31,13.51265733
1.0,9,31,13.52645733
1.0,14,31,14.18258267
1.0,18,31,14.656668
1.0,0,31,13.25980267
1.0,5,31,13.57530133
1.0,9,31,13.64738133
1.0,14,31,14.199736
1.0,18,31,14.76849333
1.0,0,31,13.39425067
1.0,5,31,13.446376
1.0,9,31,13.85722
1.0,14,31,14.30880267
1.0,18,31,14.684732
1.0,0,31,13.57119467
1.0,5,31,13.60505733
1.0,9,31,13.940804
1.0,14,31,14.34186133
1.0,18,31,14.98967333
1.0,0,31,13.45615067
1.0,5,31,13.64793067
1.0,9,31,13.92428667
1.0,14,31,14.333764
1.0,18,31,15.02086933
1.0,0,30,13.48556
1.0,5,30,13.67484933
1.0,9,30,13.98161867
1.0,14,30,14.45991467
1.0,18,30,15.021496
1.0,0,30,13.57392933
1.0,5,30,13.55734133
1.0,9,30,14.04710933
1.0,14,30,14.62513467
1.0,18,30,15.078428
1.0,0,30,13.70244
1.0,5,30,13.68376533
1.0,9,30,14.04648133
1.0,14,30,14.62701867
1.0,18,30,15.175728
1.0,0,30,13.781632
1.0,5,30,13.76949067
1.0,9,30,14.19286533
1.0,14,30,14.75604533
1.0,18,30,15.28312667
1.0,0,30,13.88133333
1.0,5,30,14.07639733
1.0,9,30,14.121528
1.0,14,30,14.84772533
1.0,18,30,15.61681733
1.0,0,30,13.92423867
1.0,5,30,14.09988
1.0,9,30,14.35079733
1.0,14,30,14.858584
1.0,18,30,15.81202133
1.0,0,29,13.481168
1.0,5,29,13.56585067
1.0,9,29,13.851732
1.0,14,29,14.41487333
1.0,18,29,15.66727333
1.0,0,29,13.551688
1.0,5,29,13.59073733
1.0,9,29,14.02812267
1.0,14,29,14.46246933
1.0,18,29,16.5764
1.0,0,29,13.801052
1.0,5,29,13.78667867
1.0,9,29,13.84725467
1.0,14,29,14.55827067
1.0,18,29,15.83010133
1.0,0,29,13.71898
1.0,5,29,13.94993467
1.0,9,29,14.896156
1.0,14,29,14.760256
1.0,18,29,15.94324
1.0,0,29,13.85185867
1.0,5,29,13.852644
1.0,9,29,14.18181067
1.0,14,29,14.88085733
1.0,18,29,16.04599067
1.0,0,29,13.97302133
1.0,5,29,14.00228667
1.0,9,29,14.316032
1.0,14,29,14.98542933
1.0,18,29,16.116908
1.0,0,28,13.446084
1.0,5,28,13.65242533
1.0,9,28,13.879656
1.0,14,28,14.45613333
1.0,0,28,13.26537333
1.0,5,28,13.37587733
1.0,9,28,13.61568667
1.0,14,28,14.34066133
1.0,0,28,13.38506267
1.0,5,28,13.404144
1.0,9,28,13.798464
1.0,14,28,14.45425867
1.0,0,28,13.44753467
1.0,5,28,13.47190933
1.0,9,28,13.80927867
1.0,14,28,14.543036
1.0,0,28,13.590516
1.0,5,28,13.577524
1.0,9,28,14.939332
1.0,14,28,14.75481733
1.0,0,28,13.53135333
1.0,5,28,13.64109333
1.0,9,28,13.94525067
1.0,14,28,14.62754
1.0,0,27,13.37276933
1.0,5,27,13.69399867
1.0,9,27,13.91628933
1.0,14,27,14.56910533
1.0,0,27,13.53610267
1.0,5,27,13.71967867
1.0,9,27,13.76365467
1.0,14,27,14.70662667
1.0,0,27,13.648888
1.0,5,27,13.68339333
1.0,9,27,14.03089867
1.0,14,27,14.864304
1.0,0,27,13.549368
1.0,5,27,13.8373
1.0,9,27,13.98031333
1.0,14,27,14.89070933
1.0,0,27,13.82767867
1.0,5,27,13.92577067
1.0,9,27,14.23123067
1.0,14,27,15.15736533
1.0,0,27,13.86102267
1.0,5,27,14.12803467
1.0,9,27,14.252896
1.0,14,27,15.25758533
1.0,0,26,13.527584
1.0,5,26,13.62094133
1.0,9,26,13.87564533
1.0,14,26,15.04884133
1.0,0,26,13.56788533
1.0,5,26,13.58878267
1.0,9,26,14.026332
1.0,14,26,15.16007467
1.0,0,26,13.56018
1.0,5,26,13.72795067
1.0,9,26,14.05186533
1.0,14,26,15.16534
1.0,0,26,13.69714533
1.0,5,26,13.740092
1.0,9,26,14.14079467
1.0,14,26,15.40385067
1.0,0,26,13.71091067
1.0,5,26,14.03921467
1.0,9,26,14.18848667
1.0,14,26,16.168528
1.0,0,26,14.26706533
1.0,5,26,14.105972
1.0,9,26,14.34135067
1.0,14,26,15.66676667
1.0,0,25,13.46721867
1.0,5,25,13.52380267
1.0,9,25,13.96837733
1.0,0,25,13.27125067
1.0,5,25,13.31560267
1.0,9,25,13.80015867
1.0,0,25,13.38061467
1.0,5,25,13.37795733
1.0,9,25,13.84414133
1.0,0,25,13.37932533
1.0,5,25,13.65314267
1.0,9,25,13.82963333
1.0,0,25,13.54755867
1.0,5,25,13.591628
1.0,9,25,14.012004
1.0,0,25,13.46067467
1.0,5,25,13.651176
1.0,9,25,14.916672
1.0,0,24,13.37618933
1.0,5,24,13.62103333
1.0,9,24,14.04367467
1.0,0,24,13.471352
1.0,5,24,13.71916
1.0,9,24,14.05642
1.0,0,24,13.55155867
1.0,5,24,13.870764
1.0,9,24,14.00278
1.0,0,24,13.687176
1.0,5,24,13.86108
1.0,9,24,14.05322533
1.0,0,24,13.833832
1.0,5,24,14.01937733
1.0,9,24,14.225172
1.0,0,24,13.94104133
1.0,5,24,13.97092
1.0,9,24,14.41763333
1.0,0,23,13.43041333
1.0,5,23,13.662892
1.0,9,23,14.08149733
1.0,0,23,13.561072
1.0,5,23,13.62137067
1.0,9,23,14.09041867
1.0,0,23,13.62975867
1.0,5,23,13.68970933
1.0,9,23,14.19690667
1.0,0,23,13.67612933
1.0,5,23,13.799276
1.0,9,23,14.24566667
1.0,0,23,13.70041333
1.0,5,23,14.00785333
1.0,9,23,14.32940133
1.0,0,23,13.837304
1.0,5,23,14.10623467
1.0,9,23,14.826736
1.0,0,22,13.38992933
1.0,5,22,13.77470133
1.0,9,22,14.02504933
1.0,0,22,13.469264
1.0,5,22,13.79339467
1.0,9,22,14.094
1.0,0,22,13.500168
1.0,5,22,13.86618133
1.0,9,22,14.180028
1.0,0,22,13.542068
1.0,5,22,13.94903467
1.0,9,22,14.236092
1.0,0,22,13.66166267
1.0,5,22,14.06758
1.0,9,22,14.32185333
1.0,0,22,13.878424
1.0,5,22,14.145336
1.0,9,22,14.516456
1.0,0,21,13.33623333
1.0,5,21,13.74981867
1.0,9,21,14.271028
1.0,0,21,13.56032667
1.0,5,21,13.68734133
1.0,9,21,14.36089467
1.0,0,21,13.61147867
1.0,5,21,13.813068
1.0,9,21,14.40028133
1.0,0,21,13.66048
1.0,5,21,13.97519867
1.0,9,21,14.405328
1.0,0,21,13.77191067
1.0,5,21,14.12592133
1.0,9,21,14.60398
1.0,0,21,13.90601867
1.0,5,21,14.207608
1.0,9,21,14.80213467
1.0,0,20,13.45222267
1.0,5,20,13.634152
1.0,0,20,13.09768933
1.0,5,20,13.63984533
1.0,0,20,13.37246
1.0,5,20,13.66152667
1.0,0,20,13.36980267
1.0,5,20,13.72603333
1.0,0,20,13.32709733
1.0,5,20,13.84068133
1.0,0,20,13.55229067
1.0,5,20,13.79346
0.01,0,74,12.58550267
0.01,5,74,12.62738533
0.01,9,74,12.72300267
0.01,14,74,12.55887333
0.01,18,74,12.69831067
0.01,23,74,12.71008667
0.01,0,74,12.48289067
0.01,5,74,12.77247733
0.01,9,74,12.68148933
0.01,14,74,12.34337867
0.01,18,74,12.525052
0.01,23,74,12.47361467
0.01,0,74,12.472756
0.01,5,74,12.56331867
0.01,9,74,12.344812
0.01,14,74,12.50324
0.01,18,74,12.55814267
0.01,23,74,12.367644
0.01,0,74,12.63835867
0.01,5,74,12.480416
0.01,9,74,12.53169867
0.01,14,74,12.587604
0.01,18,74,12.39926133
0.01,23,74,12.61332667
0.01,0,74,12.66045867
0.01,5,74,12.55582933
0.01,9,74,12.70854133
0.01,14,74,12.56235733
0.01,18,74,12.60885733
0.01,23,74,12.68686933
0.01,0,74,12.454868
0.01,5,74,12.61582267
0.01,9,74,12.58846933
0.01,14,74,12.52201333
0.01,18,74,12.670252
0.01,23,74,12.57874133
0.01,0,73,12.751072
0.01,5,73,12.554128
0.01,9,73,12.64594
0.01,14,73,12.68393733
0.01,18,73,12.51315467
0.01,23,73,12.71480533
0.01,0,73,12.70945067
0.01,5,73,12.586164
0.01,9,73,12.70962
0.01,14,73,12.54891067
0.01,18,73,12.69423333
0.01,23,73,12.68896667
0.01,0,73,12.57285333
0.01,5,73,12.78015333
0.01,9,73,12.68093067
0.01,14,73,12.67443467
0.01,18,73,12.75514933
0.01,23,73,12.6066
0.01,0,73,12.833208
0.01,5,73,12.78530133
0.01,9,73,12.69365333
0.01,14,73,12.852908
0.01,18,73,12.698376
0.01,23,73,13.95378667
0.01,0,73,12.91647067
0.01,5,73,12.8954
0.01,9,73,12.8214
0.01,14,73,12.94623733
0.01,18,73,12.89820267
0.01,23,73,13.92121467
0.01,0,73,13.037972
0.01,5,73,12.992064
0.01,9,73,12.88332
0.01,14,73,13.03205867
0.01,18,73,12.876184
0.01,23,73,13.02606
0.01,0,68,12.522576
0.01,5,68,12.34546133
0.01,9,68,12.29068
0.01,14,68,12.36037733
0.01,18,68,12.397468
0.01,23,68,12.24343467
0.01,0,68,12.40533867
0.01,5,68,12.385132
0.01,9,68,12.344764
0.01,14,68,12.48960533
0.01,18,68,12.33321867
0.01,23,68,12.43272667
0.01,0,68,12.463844
0.01,5,68,12.411336
0.01,9,68,12.46188267
0.01,14,68,12.337356
0.01,18,68,12.53703333
0.01,23,68,12.37631333
0.01,0,68,12.540092
0.01,5,68,12.52133867
0.01,9,68,12.38604533
0.01,14,68,12.57616
0.01,18,68,12.382464
0.01,23,68,12.59576133
0.01,0,68,12.59487867
0.01,5,68,12.56758
0.01,9,68,12.705032
0.01,14,68,12.522184
0.01,18,68,12.70423333
0.01,23,68,12.684328
0.01,0,68,12.56568133
0.01,5,68,12.67302667
0.01,9,68,12.51776933
0.01,14,68,12.686012
0.01,18,68,12.57587067
0.01,23,68,12.57318667
0.01,0,63,12.5874
0.01,5,63,12.569708
0.01,9,63,12.69274533
0.01,14,63,12.54927733
0.01,18,63,12.66792267
0.01,23,63,12.68548133
0.01,0,63,12.59492133
0.01,5,63,12.72299333
0.01,9,63,12.58150533
0.01,14,63,12.748712
0.01,18,63,12.56155333
0.01,23,63,12.72395067
0.01,0,63,12.754384
0.01,5,63,12.60400533
0.01,9,63,12.809984
0.01,14,63,12.72128
0.01,18,63,12.670744
0.01,23,63,12.81480667
0.01,0,63,12.73533867
0.01,5,63,12.81857867
0.01,9,63,12.84657067
0.01,14,63,12.71071067
0.01,18,63,12.919528
0.01,23,63,12.770924
0.01,0,63,12.92300933
0.01,5,63,12.92589467
0.01,9,63,12.77840267
0.01,14,63,12.96632533
0.01,18,63,12.890516
0.01,23,63,12.86464933
0.01,0,63,13.074028
0.01,5,63,12.95534533
0.01,9,63,13.01936133
0.01,14,63,13.057148
0.01,18,63,12.91574933
0.01,23,63,13.0484
0.01,0,58,12.49493467
0.01,5,58,12.68857067
0.01,9,58,12.66108267
0.01,14,58,12.47763067
0.01,18,58,12.72272667
0.01,23,58,12.49863333
0.01,0,58,12.694872
0.01,5,58,12.72426
0.01,9,58,12.58330133
0.01,14,58,12.73986667
0.01,18,58,12.627096
0.01,23,58,12.702168
0.01,0,58,12.79704533
0.01,5,58,12.57207867
0.01,9,58,12.79567867
0.01,14,58,12.741672
0.01,18,58,12.6693
0.01,23,58,12.82198933
0.01,0,58,12.73586133
0.01,5,58,12.82614133
0.01,9,58,12.77938133
0.01,14,58,12.68868133
0.01,18,58,12.80754267
0.01,23,58,12.766144
0.01,0,58,12.93250667
0.01,5,58,12.92730533
0.01,9,58,12.82069867
0.01,14,58,12.96150667
0.01,18,58,12.90409733
0.01,23,58,12.91227733
0.01,0,58,13.09059067
0.01,5,58,12.87560533
0.01,9,58,13.04087333
0.01,14,58,13.02809467
0.01,18,58,12.89879333
0.01,23,58,13.0839
0.01,0,53,12.53918667
0.01,5,53,12.677072
0.01,9,53,12.591884
0.01,14,53,12.66962
0.01,18,53,12.67121067
0.01,23,53,12.51112133
0.01,0,53,12.706144
0.01,5,53,12.62413067
0.01,9,53,12.57924267
0.01,14,53,12.67330667
0.01,18,53,12.547884
0.01,23,53,12.74812133
0.01,0,53,12.63180933
0.01,5,53,12.73102533
0.01,9,53,12.776528
0.01,14,53,12.669968
0.01,18,53,12.787836
0.01,23,53,12.61956667
0.01,0,53,12.86313467
0.01,5,53,12.700064
0.01,9,53,12.83580933
0.01,14,53,12.72122667
0.01,18,53,12.74612267
0.01,23,53,12.88949467
0.01,0,53,12.75820133
0.01,5,53,12.954896
0.01,9,53,12.968396
0.01,14,53,12.810644
0.01,18,53,12.95065733
0.01,23,53,12.623152
0.01,0,53,12.61703733
0.01,5,53,12.47875467
0.01,9,53,12.67069067
0.01,14,53,12.58860933
0.01,18,53,12.56736667
0.01,23,53,12.65506267
0.01,0,48,12.594956
0.01,5,48,12.66598
0.01,9,48,12.566812
0.01,14,48,12.692692
0.01,18,48,12.533956
0.01,23,48,12.70211733
0.01,0,48,12.62702267
0.01,5,48,12.58958533
0.01,9,48,12.71431333
0.01,14,48,12.56369067
0.01,18,48,12.72747467
0.01,23,48,12.72058533
0.01,0,48,12.668484
0.01,5,48,12.811772
0.01,9,48,12.63550267
0.01,14,48,12.76541867
0.01,18,48,12.765616
0.01,23,48,12.625828
0.01,0,48,12.882464
0.01,5,48,12.72418267
0.01,9,48,12.849904
0.01,14,48,12.79126933
0.01,18,48,12.78498533
0.01,23,48,12.84629333
0.01,0,48,12.72338533
0.01,5,48,12.97924667
0.01,9,48,12.90750533
0.01,14,48,12.832084
0.01,18,48,12.944928
0.01,23,48,12.80498267
0.01,0,48,12.98396
0.01,5,48,13.039308
0.01,9,48,12.68274
0.01,14,48,12.44357733
0.01,18,48,12.657232
0.01,23,48,12.51813067
0.01,0,43,12.698232
0.01,5,43,12.53609467
0.01,9,43,12.71254933
0.01,14,43,12.59811467
0.01,18,43,12.64197733
0.01,23,43,12.6776
0.01,0,43,12.51433333
0.01,5,43,12.74410533
0.01,9,43,12.63154533
0.01,14,43,12.633416
0.01,18,43,12.67408933
0.01,23,43,12.54724933
0.01,0,43,12.715268
0.01,5,43,12.573668
0.01,9,43,12.75927067
0.01,14,43,12.72883867
0.01,18,43,12.5954
0.01,23,43,12.783236
0.01,0,43,12.700716
0.01,5,43,12.795792
0.01,9,43,12.73132667
0.01,14,43,12.73806933
0.01,18,43,12.84217067
0.01,23,43,12.66617333
0.01,0,43,12.951572
0.01,5,43,12.84713467
0.01,9,43,12.783272
0.01,14,43,12.93373467
0.01,18,43,12.80489467
0.01,23,43,12.90785733
0.01,0,43,13.047744
0.01,5,43,12.93047867
0.01,9,43,13.00239467
0.01,14,43,12.87471467
0.01,18,43,12.9879
0.01,23,43,13.03374933
0.01,0,38,12.57504267
0.01,5,38,12.72547867
0.01,9,38,12.53111333
0.01,14,38,12.641284
0.01,18,38,12.66648133
0.01,23,38,12.60799467
0.01,0,38,12.736928
0.01,5,38,12.55911067
0.01,9,38,12.63716
0.01,14,38,12.67377333
0.01,18,38,12.52729733
0.01,23,38,12.73585067
0.01,0,38,12.67171467
0.01,5,38,12.73128933
0.01,9,38,12.73907867
0.01,14,38,12.56927867
0.01,18,38,12.77032933
0.01,23,38,12.709908
0.01,0,38,12.66408933
0.01,5,38,13.24368267
0.01,9,38,13.30131733
0.01,14,38,12.66292667
0.01,18,38,12.85498
0.01,23,38,12.73781467
0.01,0,38,12.848184
0.01,5,38,12.53575867
0.01,9,38,12.60462933
0.01,14,38,12.893988
0.01,18,38,13.24690133
0.01,23,38,12.63474667
0.01,0,38,12.49533067
0.01,5,38,12.54958933
0.01,9,38,12.60078533
0.01,14,38,12.45650533
0.01,18,38,12.663368
0.01,23,38,12.488448
0.01,0,37,12.67602533
0.01,5,37,12.480344
0.01,9,37,12.64022933
0.01,14,37,12.63392133
0.01,18,37,12.573272
0.01,23,37,12.72660133
0.01,0,37,12.56984
0.01,5,37,12.76610267
0.01,9,37,12.70962933
0.01,14,37,12.61873467
0.01,18,37,12.72619867
0.01,23,37,12.58767333
0.01,0,37,12.83684267
0.01,5,37,12.73522533
0.01,9,37,12.73242667
0.01,14,37,12.790548
0.01,18,37,12.66874667
0.01,23,37,12.82153467
0.01,0,37,12.7574
0.01,5,37,12.78063733
0.01,9,37,12.85711867
0.01,14,37,12.69975333
0.01,18,37,12.896044
0.01,23,37,12.84942133
0.01,0,37,12.829984
0.01,5,37,12.96012933
0.01,9,37,12.79135067
0.01,14,37,12.94798133
0.01,18,37,12.95686667
0.01,23,37,12.79313467
0.01,0,37,13.04386933
0.01,5,37,13.00919867
0.01,9,37,12.90426267
0.01,14,37,13.06477733
0.01,18,37,12.94444
0.01,23,37,13.03862933
0.01,0,36,12.498336
0.01,5,36,12.68051067
0.01,9,36,12.58037867
0.01,14,36,12.548072
0.01,18,36,12.694556
0.01,23,36,12.53495867
0.01,0,36,12.69480933
0.01,5,36,12.607944
0.01,9,36,12.667788
0.01,14,36,12.699476
0.01,18,36,12.47926533
0.01,23,36,12.757688
0.01,0,36,12.69646267
0.01,5,36,12.61480267
0.01,9,36,12.75189467
0.01,14,36,12.62749467
0.01,18,36,12.78410933
0.01,23,36,12.60818133
0.01,0,36,12.78906133
0.01,5,36,12.81544133
0.01,9,36,12.66172267
0.01,14,36,12.82000667
0.01,18,36,12.671884
0.01,23,36,12.80013333
0.01,0,36,12.88882533
0.01,5,36,12.73387333
0.01,9,36,12.94187867
0.01,14,36,12.84820933
0.01,18,36,12.832336
0.01,23,36,12.93244933
0.01,0,36,12.816956
0.01,5,36,13.02679733
0.01,9,36,12.94282133
0.01,14,36,12.910616
0.01,18,36,13.00164933
0.01,23,36,12.87221733
0.01,0,35,12.69297067
0.01,5,35,12.51047733
0.01,9,35,12.71242267
0.01,14,35,12.59111733
0.01,18,35,12.621068
0.01,23,35,12.70731733
0.01,0,35,12.53985333
0.01,5,35,12.71652267
0.01,9,35,12.64141733
0.01,14,35,12.678592
0.01,18,35,12.706896
0.01,23,35,12.59299733
0.01,0,35,12.78702667
0.01,5,35,12.611468
0.01,9,35,12.76984133
0.01,14,35,12.70459467
0.01,18,35,12.67908
0.01,23,35,12.83528133
0.01,0,35,12.65661333
0.01,5,35,12.81792267
0.01,9,35,12.81182667
0.01,14,35,12.75132933
0.01,18,35,12.84006267
0.01,23,35,12.666216
0.01,0,35,12.95522667
0.01,5,35,12.889236
0.01,9,35,12.82352533
0.01,14,35,12.921592
0.01,18,35,12.79884667
0.01,23,35,12.94841467
0.01,0,35,13.00827467
0.01,5,35,12.85875333
0.01,9,35,13.05972267
0.01,14,35,12.90490267
0.01,18,35,12.949636
0.01,23,35,13.03182933
0.01,0,34,12.57073333
0.01,5,34,12.66355733
0.01,9,34,12.46456267
0.01,14,34,12.65147067
0.01,18,34,12.56088
0.01,23,34,12.678244
0.01,0,34,12.574004
0.01,5,34,12.66410933
0.01,9,34,12.66469067
0.01,14,34,12.56249867
0.01,18,34,12.72104533
0.01,23,34,12.45934533
0.01,0,34,12.796476
0.01,5,34,12.62608933
0.01,9,34,12.69359333
0.01,14,34,12.73352933
0.01,18,34,12.698576
0.01,23,34,12.75797733
0.01,0,34,12.61335333
0.01,5,34,12.805
0.01,9,34,12.77480933
0.01,14,34,12.67020267
0.01,18,34,12.86363333
0.01,23,34,12.71783867
0.01,0,34,12.92306133
0.01,5,34,12.88730133
0.01,9,34,12.76389067
0.01,14,34,12.91499733
0.01,18,34,12.71459333
0.01,23,34,12.88014933
0.01,0,34,12.98365867
0.01,5,34,12.855556
0.01,9,34,13.02734
0.01,14,34,12.62636933
0.01,18,34,12.594776
0.01,23,34,12.603544
0.01,0,33,12.49103067
0.01,5,33,12.606976
0.01,9,33,12.62981467
0.01,14,33,12.50175333
0.01,18,33,12.68830933
0.01,23,33,12.54708133
0.01,0,33,12.66886533
0.01,5,33,12.65484667
0.01,9,33,12.54808
0.01,14,33,12.73393733
0.01,18,33,12.55139333
0.01,23,33,12.69944
0.01,0,33,12.69714267
0.01,5,33,12.59183467
0.01,9,33,12.76605467
0.01,14,33,12.59173467
0.01,18,33,12.69621867
0.01,23,33,12.694292
0.01,0,33,12.707884
0.01,5,33,12.83789333
0.01,9,33,12.65271733
0.01,14,33,12.84848933
0.01,18,33,12.768644
0.01,23,33,12.80601067
0.01,0,33,12.89793733
0.01,5,33,12.841512
0.01,9,33,12.961908
0.01,14,33,12.80986
0.01,18,33,12.97359333
0.01,23,33,12.89711067
0.01,0,33,12.890972
0.01,5,33,13.01576133
0.01,9,33,12.89654
0.01,14,33,13.04472
0.01,18,33,12.87308267
0.01,23,33,13.05350267
0.01,0,32,12.50195333
0.01,5,32,12.64979867
0.01,9,32,12.59974133
0.01,14,32,12.596404
0.01,18,32,12.70999867
0.01,0,32,13.42150933
0.01,5,32,12.39238133
0.01,9,32,12.40927067
0.01,14,32,12.228168
0.01,18,32,12.43458
0.01,0,32,12.34123867
0.01,5,32,12.52601867
0.01,9,32,12.34356667
0.01,14,32,12.42449067
0.01,18,32,12.422024
0.01,0,32,12.530528
0.01,5,32,12.479472
0.01,9,32,12.42940133
0.01,14,32,12.561192
0.01,18,32,12.37183867
0.01,0,32,12.74984133
0.01,5,32,12.609936
0.01,9,32,12.64439067
0.01,14,32,12.69795333
0.01,18,32,12.51978
0.01,0,32,12.540464
0.01,5,32,12.641324
0.01,9,32,12.53149333
0.01,14,32,12.7108
0.01,18,32,12.51765733
0.01,0,31,12.68203067
0.01,5,31,12.53500933
0.01,9,31,12.64692
0.01,14,31,12.504656
0.01,18,31,12.617708
0.01,0,31,12.66888267
0.01,5,31,12.55415867
0.01,9,31,12.68214
0.01,14,31,12.54235733
0.01,18,31,12.68724267
0.01,0,31,12.717016
0.01,5,31,12.68260933
0.01,9,31,12.750708
0.01,14,31,12.58700133
0.01,18,31,12.76336533
0.01,0,31,12.69757467
0.01,5,31,12.74464267
0.01,9,31,12.798204
0.01,14,31,12.68004933
0.01,18,31,12.865008
0.01,0,31,12.82121867
0.01,5,31,12.825128
0.01,9,31,12.89250933
0.01,14,31,12.80095867
0.01,18,31,12.93592933
0.01,0,31,12.84816
0.01,5,31,12.98755467
0.01,9,31,12.94199733
0.01,14,31,12.90418133
0.01,18,31,13.035712
0.01,0,30,12.56913867
0.01,5,30,12.68932667
0.01,9,30,12.48629067
0.01,14,30,12.66418
0.01,18,30,12.60947467
0.01,0,30,12.57854267
0.01,5,30,12.68010933
0.01,9,30,12.539772
0.01,14,30,12.7069
0.01,18,30,12.61809333
0.01,0,30,12.614432
0.01,5,30,12.73639867
0.01,9,30,12.57652
0.01,14,30,12.75618667
0.01,18,30,12.623192
0.01,0,30,12.82351067
0.01,5,30,12.739684
0.01,9,30,12.70907867
0.01,14,30,12.86858
0.01,18,30,12.65203467
0.01,0,30,12.93012533
0.01,5,30,12.87274
0.01,9,30,12.80625733
0.01,14,30,12.945712
0.01,18,30,12.794712
0.01,0,30,13.007184
0.01,5,30,13.00558933
0.01,9,30,12.87001067
0.01,14,30,13.11854667
0.01,18,30,12.96096533
0.01,0,29,12.643084
0.01,5,29,12.51276933
0.01,9,29,12.664748
0.01,14,29,12.598644
0.01,18,29,12.630592
0.01,0,29,12.73595467
0.01,5,29,12.54364133
0.01,9,29,12.756144
0.01,14,29,12.60700133
0.01,18,29,12.71947867
0.01,0,29,12.69054667
0.01,5,29,12.640068
0.01,9,29,12.78437067
0.01,14,29,12.562808
0.01,18,29,12.828548
0.01,0,29,12.74172
0.01,5,29,12.76163067
0.01,9,29,12.80439467
0.01,14,29,12.63317733
0.01,18,29,12.87335733
0.01,0,29,12.88325467
0.01,5,29,12.82520267
0.01,9,29,12.95151733
0.01,14,29,12.82028533
0.01,18,29,12.96753867
0.01,0,29,13.032984
0.01,5,29,12.85196533
0.01,9,29,13.06356667
0.01,14,29,13.020452
0.01,18,29,12.967016
0.01,0,28,12.58695067
0.01,5,28,12.53584133
0.01,9,28,12.65298267
0.01,14,28,12.47774533
0.01,0,28,13.55248933
0.01,5,28,12.41271333
0.01,9,28,12.26458133
0.01,14,28,12.40416
0.01,0,28,12.512984
0.01,5,28,12.38514267
0.01,9,28,12.467916
0.01,14,28,12.449744
0.01,0,28,12.550256
0.01,5,28,12.57032267
0.01,9,28,13.14222
0.01,14,28,12.78869333
0.01,0,28,12.63007333
0.01,5,28,12.55292133
0.01,9,28,12.68803067
0.01,14,28,12.53325067
0.01,0,28,12.580812
0.01,5,28,12.66396267
0.01,9,28,12.489852
0.01,14,28,12.692896
0.01,0,27,12.412184
0.01,5,27,12.632488
0.01,9,27,12.53406133
0.01,14,27,12.56794533
0.01,0,27,12.68347067
0.01,5,27,12.52973067
0.01,9,27,12.69286
0.01,14,27,12.584676
0.01,0,27,12.65572933
0.01,5,27,12.75574133
0.01,9,27,12.56464133
0.01,14,27,12.77211333
0.01,0,27,12.79064133
0.01,5,27,12.71806267
0.01,9,27,12.80223867
0.01,14,27,12.70196533
0.01,0,27,12.83272
0.01,5,27,12.95406133
0.01,9,27,12.708208
0.01,14,27,12.90075333
0.01,0,27,12.95437867
0.01,5,27,12.902364
0.01,9,27,13.034104
0.01,14,27,12.91974267
0.01,0,26,12.20611867
0.01,5,26,12.3657
0.01,9,26,12.28699467
0.01,14,26,12.30858667
0.01,0,26,12.38739333
0.01,5,26,12.304844
0.01,9,26,12.26963467
0.01,14,26,12.40320267
0.01,0,26,12.5156
0.01,5,26,12.31683733
0.01,9,26,12.49338933
0.01,14,26,12.44125867
0.01,0,26,12.484572
0.01,5,26,12.5309
0.01,9,26,12.409884
0.01,14,26,12.57057467
0.01,0,26,12.56008133
0.01,5,26,12.56856933
0.01,9,26,12.640492
0.01,14,26,12.49277867
0.01,0,26,12.572576
0.01,5,26,12.63107467
0.01,9,26,12.44338667
0.01,14,26,12.634848
0.01,0,25,12.34994267
0.01,5,25,12.19165733
0.01,9,25,12.43763733
0.01,0,25,12.48955733
0.01,5,25,12.32391467
0.01,9,25,12.47284267
0.01,0,25,12.45499467
0.01,5,25,12.249908
0.01,9,25,12.512252
0.01,0,25,12.49138133
0.01,5,25,12.49325333
0.01,9,25,12.56352667
0.01,0,25,12.60662933
0.01,5,25,12.611244
0.01,9,25,12.65826533
0.01,0,25,12.630292
0.01,5,25,12.46701067
0.01,9,25,12.62189333
0.01,0,24,12.50028133
0.01,5,24,12.65773467
0.01,9,24,12.67390267
0.01,0,24,12.521704
0.01,5,24,12.72691733
0.01,9,24,12.464012
0.01,0,24,12.44936533
0.01,5,24,12.54913733
0.01,9,24,12.37036133
0.01,0,24,12.493652
0.01,5,24,12.51055733
0.01,9,24,12.392832
0.01,0,24,12.62606933
0.01,5,24,12.60564133
0.01,9,24,12.53635467
0.01,0,24,12.63296133
0.01,5,24,12.51241733
0.01,9,24,12.637156
0.01,0,23,12.338124
0.01,5,23,12.286308
0.01,9,23,12.46064533
0.01,0,23,12.33196133
0.01,5,23,12.447068
0.01,9,23,12.27156533
0.01,0,23,12.51615067
0.01,5,23,12.414584
0.01,9,23,12.431508
0.01,0,23,12.59912267
0.01,5,23,12.49257733
0.01,9,23,13.321112
0.01,0,23,12.94532
0.01,5,23,12.63158933
0.01,9,23,12.55750933
0.01,0,23,13.70824267
0.01,5,23,12.577872
0.01,9,23,12.533336
0.01,0,22,12.23723867
0.01,5,22,12.323628
0.01,9,22,12.37040533
0.01,0,22,12.26187067
0.01,5,22,12.411752
0.01,9,22,12.28261867
0.01,0,22,12.47399867
0.01,5,22,12.41719467
0.01,9,22,12.35304133
0.01,0,22,12.59089067
0.01,5,22,12.52127067
0.01,9,22,12.50272
0.01,0,22,12.66834133
0.01,5,22,12.62199067
0.01,9,22,12.56958267
0.01,0,22,12.64310533
0.01,5,22,12.563928
0.01,9,22,12.549508
0.01,0,21,12.31916933
0.01,5,21,12.41353067
0.01,0,21,12.39908
0.01,5,21,12.299696
0.01,0,21,12.27279067
0.01,5,21,12.54394133
0.01,0,21,12.497384
0.01,5,21,12.54170267
0.01,0,21,12.524076
0.01,5,21,12.68732267
0.01,0,21,12.56812933
0.01,5,21,12.48059867
0.01,0,20,12.65277733
0.01,5,20,12.573448
0.01,0,20,12.63301867
0.01,5,20,12.68957333
0.01,0,20,12.63721333
0.01,5,20,12.65544667
0.01,0,20,12.77698133
0.01,5,20,12.68087333
0.01,0,20,12.863152
0.01,5,20,12.89083333
0.01,0,20,12.84045467
0.01,5,20,13.030436
0.6,0,74,13.204268
0.6,5,74,13.32262
0.6,9,74,13.38556533
0.6,14,74,13.670356
0.6,18,74,13.817176
0.6,23,74,14.13184667
0.6,0,74,13.230204
0.6,5,74,13.35016933
0.6,9,74,13.35608667
0.6,14,74,13.741344
0.6,18,74,13.873264
0.6,23,74,14.20926
0.6,0,74,13.30222133
0.6,5,74,13.37463467
0.6,9,74,13.496772
0.6,14,74,13.81286267
0.6,18,74,13.95400667
0.6,23,74,14.24525867
0.6,0,74,13.380168
0.6,5,74,13.47246667
0.6,9,74,13.61660533
0.6,14,74,13.847376
0.6,18,74,13.973136
0.6,23,74,14.348972
0.6,0,74,13.492596
0.6,5,74,13.555028
0.6,9,74,13.67928667
0.6,14,74,13.98774267
0.6,18,74,14.107244
0.6,23,74,14.50994667
0.6,0,74,13.568
0.6,5,74,13.690932
0.6,9,74,13.813276
0.6,14,74,14.126584
0.6,18,74,14.215112
0.6,23,74,14.71146267
0.6,0,73,13.20006933
0.6,5,73,13.31997467
0.6,9,73,13.44062133
0.6,14,73,13.72250933
0.6,18,73,13.85581067
0.6,23,73,14.15371067
0.6,0,73,13.218492
0.6,5,73,13.31170133
0.6,9,73,13.45857733
0.6,14,73,13.64753867
0.6,18,73,14.83793067
0.6,23,73,14.19509467
0.6,0,73,14.40953867
0.6,5,73,13.42204933
0.6,9,73,13.53588133
0.6,14,73,13.80650267
0.6,18,73,13.93849867
0.6,23,73,14.241056
0.6,0,73,13.39618267
0.6,5,73,13.445404
0.6,9,73,13.57831467
0.6,14,73,13.87816533
0.6,18,73,13.98265067
0.6,23,73,14.343268
0.6,0,73,13.50707733
0.6,5,73,13.61014667
0.6,9,73,13.626404
0.6,14,73,13.988044
0.6,18,73,14.159952
0.6,23,73,14.49262
0.6,0,73,13.57320933
0.6,5,73,13.289024
0.6,9,73,13.40226667
0.6,14,73,13.68664
0.6,18,73,13.854512
0.6,23,73,14.20516
0.6,0,68,13.16590667
0.6,5,68,13.28453867
0.6,9,68,13.39936267
0.6,14,68,13.690008
0.6,18,68,13.845332
0.6,23,68,14.132932
0.6,0,68,13.17104667
0.6,5,68,13.27840667
0.6,9,68,13.43792667
0.6,14,68,13.75628267
0.6,18,68,13.89298667
0.6,23,68,14.20239067
0.6,0,68,13.320072
0.6,5,68,13.432368
0.6,9,68,13.567356
0.6,14,68,13.82523067
0.6,18,68,13.936028
0.6,23,68,14.276004
0.6,0,68,13.3151
0.6,5,68,13.379216
0.6,9,68,13.56595867
0.6,14,68,13.84267067
0.6,18,68,13.97672133
0.6,23,68,14.36757067
0.6,0,68,13.50876933
0.6,5,68,13.54146933
0.6,9,68,13.69112933
0.6,14,68,14.030076
0.6,18,68,14.11874533
0.6,23,68,14.52655333
0.6,0,68,13.58999867
0.6,5,68,13.73562533
0.6,9,68,13.855188
0.6,14,68,14.12256667
0.6,18,68,14.30354667
0.6,23,68,14.73787467
0.6,0,63,13.170228
0.6,5,63,13.283136
0.6,9,63,13.36471467
0.6,14,63,13.65873333
0.6,18,63,13.8358
0.6,23,63,14.13658667
0.6,0,63,13.21080667
0.6,5,63,13.32598267
0.6,9,63,13.44444133
0.6,14,63,13.74614267
0.6,18,63,13.86345467
0.6,23,63,14.17742533
0.6,0,63,13.29705733
0.6,5,63,13.40622
0.6,9,63,13.52021333
0.6,14,63,13.76819467
0.6,18,63,13.92479467
0.6,23,63,14.25375733
0.6,0,63,13.403056
0.6,5,63,13.466716
0.6,9,63,13.552536
0.6,14,63,13.81617333
0.6,18,63,13.949416
0.6,23,63,14.33546667
0.6,0,63,13.49363867
0.6,5,63,13.58382133
0.6,9,63,13.68400533
0.6,14,63,13.95770933
0.6,18,63,14.09794667
0.6,23,63,14.47671467
0.6,0,63,13.599676
0.6,5,63,13.68579333
0.6,9,63,13.82077467
0.6,14,63,14.053128
0.6,18,63,14.20205733
0.6,23,63,14.675784
0.6,0,58,13.16107733
0.6,5,58,13.317488
0.6,9,58,13.427448
0.6,14,58,13.665312
0.6,18,58,13.83914933
0.6,23,58,14.10526933
0.6,0,58,13.21407733
0.6,5,58,13.33558267
0.6,9,58,13.45860933
0.6,14,58,13.64158533
0.6,18,58,14.93952533
0.6,23,58,14.146324
0.6,0,58,13.267664
0.6,5,58,13.63364
0.6,9,58,14.34129867
0.6,14,58,14.187268
0.6,18,58,14.57562667
0.6,23,58,14.75644533
0.6,0,58,13.938136
0.6,5,58,14.08087867
0.6,9,58,13.963024
0.6,14,58,13.88371733
0.6,18,58,14.00834533
0.6,23,58,14.32164667
0.6,0,58,13.53351067
0.6,5,58,13.63965067
0.6,9,58,14.807892
0.6,14,58,14.02845067
0.6,18,58,15.03371733
0.6,23,58,14.50858
0.6,0,58,13.61225733
0.6,5,58,13.723324
0.6,9,58,13.84832267
0.6,14,58,14.084044
0.6,18,58,14.22072933
0.6,23,58,14.667772
0.6,0,53,13.231848
0.6,5,53,13.336456
0.6,9,53,13.443096
0.6,14,53,13.690652
0.6,18,53,13.83306533
0.6,23,53,14.128068
0.6,0,53,13.27856267
0.6,5,53,13.37238133
0.6,9,53,13.444
0.6,14,53,13.67191333
0.6,18,53,13.85089867
0.6,23,53,14.172828
0.6,0,53,13.308552
0.6,5,53,13.41850667
0.6,9,53,13.52253333
0.6,14,53,13.81606533
0.6,18,53,13.94323867
0.6,23,53,14.01191333
0.6,0,53,13.12884267
0.6,5,53,13.20082267
0.6,9,53,13.33262267
0.6,14,53,13.57874267
0.6,18,53,13.75429733
0.6,23,53,14.11341867
0.6,0,53,13.235376
0.6,5,53,13.341712
0.6,9,53,13.45024
0.6,14,53,13.71866533
0.6,18,53,13.914112
0.6,23,53,14.25377333
0.6,0,53,13.18718533
0.6,5,53,13.311484
0.6,9,53,13.41088133
0.6,14,53,13.71154933
0.6,18,53,13.84123467
0.6,23,53,14.24645733
0.6,0,48,13.215428
0.6,5,48,13.33172533
0.6,9,48,13.43067467
0.6,14,48,13.71412933
0.6,18,48,13.86160667
0.6,23,48,14.14592267
0.6,0,48,13.263536
0.6,5,48,13.37187867
0.6,9,48,13.44749467
0.6,14,48,13.74476267
0.6,18,48,13.910088
0.6,23,48,14.26833867
0.6,0,48,13.32158533
0.6,5,48,13.40816533
0.6,9,48,13.53044133
0.6,14,48,13.81909067
0.6,18,48,13.95516533
0.6,23,48,14.27550267
0.6,0,48,13.42895867
0.6,5,48,13.509016
0.6,9,48,13.61307467
0.6,14,48,13.90347067
0.6,18,48,14.02697733
0.6,23,48,14.38184267
0.6,0,48,13.49394933
0.6,5,48,13.57388667
0.6,9,48,13.73562933
0.6,14,48,14.001152
0.6,18,48,14.17099467
0.6,23,48,14.540144
0.6,0,48,13.613436
0.6,5,48,13.69864667
0.6,9,48,13.830756
0.6,14,48,14.15117467
0.6,18,48,14.277112
0.6,23,48,14.71675733
0.6,0,43,13.599844
0.6,5,43,13.80951067
0.6,9,43,13.429476
0.6,14,43,13.70822
0.6,18,43,13.84474667
0.6,23,43,14.169788
0.6,0,43,13.25600533
0.6,5,43,13.35798933
0.6,9,43,13.48214933
0.6,14,43,13.72835467
0.6,18,43,13.876444
0.6,23,43,14.24211733
0.6,0,43,13.32601067
0.6,5,43,13.454144
0.6,9,43,13.53518267
0.6,14,43,13.83845067
0.6,18,43,13.961512
0.6,23,43,14.28620533
0.6,0,43,13.375972
0.6,5,43,13.50174267
0.6,9,43,13.60546267
0.6,14,43,13.89499067
0.6,18,43,14.03453733
0.6,23,43,14.42072133
0.6,0,43,13.49013867
0.6,5,43,13.54098667
0.6,9,43,13.75008133
0.6,14,43,14.044576
0.6,18,43,14.178492
0.6,23,43,14.570468
0.6,0,43,13.57610933
0.6,5,43,13.765352
0.6,9,43,13.81920533
0.6,14,43,14.12926933
0.6,18,43,14.28970533
0.6,23,43,14.69747067
0.6,0,38,13.18265333
0.6,5,38,13.33342667
0.6,9,38,13.41305467
0.6,14,38,13.70085733
0.6,18,38,13.81797333
0.6,23,38,14.149652
0.6,0,38,13.260192
0.6,5,38,13.35055067
0.6,9,38,13.46632267
0.6,14,38,13.71252267
0.6,18,38,13.88996267
0.6,23,38,14.22538267
0.6,0,38,13.309176
0.6,5,38,13.45104533
0.6,9,38,13.57515067
0.6,14,38,13.86768133
0.6,18,38,13.973388
0.6,23,38,14.32363333
0.6,0,38,13.39134667
0.6,5,38,13.4793
0.6,9,38,13.63368667
0.6,14,38,13.88147867
0.6,18,38,14.04907867
0.6,23,38,14.380548
0.6,0,38,13.497504
0.6,5,38,13.59121867
0.6,9,38,13.71613867
0.6,14,38,14.07230667
0.6,18,38,14.18914533
0.6,23,38,14.58914933
0.6,0,38,13.62490133
0.6,5,38,13.717604
0.6,9,38,13.82718667
0.6,14,38,14.13286
0.6,18,38,14.32388267
0.6,23,38,14.73110267
0.6,0,37,13.17683067
0.6,5,37,14.40338933
0.6,9,37,13.42384933
0.6,14,37,13.66288267
0.6,18,37,13.80888267
0.6,23,37,14.15334133
0.6,0,37,13.23458533
0.6,5,37,13.33257733
0.6,9,37,13.41812533
0.6,14,37,13.68448933
0.6,18,37,13.87080133
0.6,23,37,14.21960933
0.6,0,37,13.28212933
0.6,5,37,13.389984
0.6,9,37,13.52254133
0.6,14,37,13.802332
0.6,18,37,13.91840267
0.6,23,37,14.26351333
0.6,0,37,13.38350667
0.6,5,37,13.492276
0.6,9,37,13.610136
0.6,14,37,13.84174667
0.6,18,37,13.98854933
0.6,23,37,14.35218533
0.6,0,37,13.50107467
0.6,5,37,13.58416933
0.6,9,37,13.66929067
0.6,14,37,14.00129733
0.6,18,37,14.09057867
0.6,23,37,14.539092
0.6,0,37,13.60212933
0.6,5,37,13.71887867
0.6,9,37,13.82866933
0.6,14,37,14.113784
0.6,18,37,14.25183467
0.6,23,37,14.771652
0.6,0,36,13.188632
0.6,5,36,13.25702533
0.6,9,36,13.40112667
0.6,14,36,14.130568
0.6,18,36,14.252672
0.6,23,36,14.25291067
0.6,0,36,13.262852
0.6,5,36,14.17243733
0.6,9,36,13.54891067
0.6,14,36,14.74951333
0.6,18,36,13.82339067
0.6,23,36,15.33541867
0.6,0,36,13.31914267
0.6,5,36,13.44424267
0.6,9,36,13.5157
0.6,14,36,14.116016
0.6,18,36,14.686872
0.6,23,36,14.36408
0.6,0,36,13.360884
0.6,5,36,14.090728
0.6,9,36,14.076876
0.6,14,36,14.49448267
0.6,18,36,14.26850533
0.6,23,36,15.118372
0.6,0,36,13.6349
0.6,5,36,13.579364
0.6,9,36,13.69961733
0.6,14,36,13.93646667
0.6,18,36,14.113892
0.6,23,36,14.654732
0.6,0,36,13.58866667
0.6,5,36,13.87059333
0.6,9,36,14.58638667
0.6,14,36,14.37861333
0.6,18,36,14.84648
0.6,23,36,14.823792
0.6,0,35,13.22700933
0.6,5,35,13.360916
0.6,9,35,13.48464667
0.6,14,35,13.729132
0.6,18,35,13.87466
0.6,23,35,14.274572
0.6,0,35,13.368916
0.6,5,35,13.37724133
0.6,9,35,13.467556
0.6,14,35,13.753032
0.6,18,35,13.92311333
0.6,23,35,14.38151733
0.6,0,35,13.29278533
0.6,5,35,13.41067333
0.6,9,35,13.52913067
0.6,14,35,13.790784
0.6,18,35,13.987496
0.6,23,35,14.48254133
0.6,0,35,13.38727467
0.6,5,35,13.50494933
0.6,9,35,13.63846667
0.6,14,35,13.910396
0.6,18,35,14.04624267
0.6,23,35,14.60405467
0.6,0,35,13.54178533
0.6,5,35,13.62788933
0.6,9,35,13.71624667
0.6,14,35,13.92174667
0.6,18,35,14.139344
0.6,23,35,14.79420267
0.6,0,35,13.61606667
0.6,5,35,13.72574267
0.6,9,35,13.83389867
0.6,14,35,14.084088
0.6,18,35,14.26211067
0.6,23,35,14.89543733
0.6,0,34,13.24478133
0.6,5,34,13.35002267
0.6,9,34,13.42644667
0.6,14,34,13.71341067
0.6,18,34,14.88012667
0.6,23,34,14.47298133
0.6,0,34,14.38256267
0.6,5,34,13.40296133
0.6,9,34,13.48700267
0.6,14,34,13.75074933
0.6,18,34,13.93387333
0.6,23,34,14.53862933
0.6,0,34,13.339652
0.6,5,34,13.42041733
0.6,9,34,14.72324133
0.6,14,34,13.82862667
0.6,18,34,15.19327467
0.6,23,34,14.64459733
0.6,0,34,14.53616
0.6,5,34,13.50542933
0.6,9,34,14.661964
0.6,14,34,13.88183467
0.6,18,34,15.199204
0.6,23,34,14.74410667
0.6,0,34,14.54646
0.6,5,34,13.60838
0.6,9,34,14.64648
0.6,14,34,13.9681
0.6,18,34,14.12897333
0.6,23,34,14.96435733
0.6,0,34,13.59595733
0.6,5,34,13.74259467
0.6,9,34,14.86333333
0.6,14,34,14.11567867
0.6,18,34,14.276168
0.6,23,34,14.98216267
0.6,0,33,14.351608
0.6,5,33,13.31479867
0.6,9,33,13.411548
0.6,14,33,13.691148
0.6,18,33,13.910408
0.6,23,33,14.70820133
0.6,0,33,13.26209867
0.6,5,33,13.339452
0.6,9,33,13.45015733
0.6,14,33,13.7316
0.6,18,33,13.958108
0.6,23,33,14.76836667
0.6,0,33,13.313136
0.6,5,33,13.42942533
0.6,9,33,13.575284
0.6,14,33,13.857276
0.6,18,33,14.06383333
0.6,23,33,14.54071333
0.6,0,33,13.94312
0.6,5,33,13.32222533
0.6,9,33,13.356932
0.6,14,33,13.57399733
0.6,18,33,13.82034267
0.6,23,33,14.69359333
0.6,0,33,13.24185333
0.6,5,33,13.33218267
0.6,9,33,13.46524
0.6,14,33,13.70832133
0.6,18,33,13.96177467
0.6,23,33,14.78045467
0.6,0,33,13.24783067
0.6,5,33,13.32138533
0.6,9,33,13.41728267
0.6,14,33,13.70380533
0.6,18,33,13.96210533
0.6,23,33,14.72778
0.6,0,32,13.20916533
0.6,5,32,13.28754133
0.6,9,32,13.44440933
0.6,14,32,13.69918267
0.6,18,32,13.978588
0.6,0,32,12.989824
0.6,5,32,13.075888
0.6,9,32,13.22156267
0.6,14,32,13.51610533
0.6,18,32,13.782236
0.6,0,32,13.06757467
0.6,5,32,13.14048533
0.6,9,32,13.21386133
0.6,14,32,13.547424
0.6,18,32,13.813464
0.6,0,32,13.135012
0.6,5,32,13.274752
0.6,9,32,13.39754667
0.6,14,32,13.662612
0.6,18,32,13.95566
0.6,0,32,13.24043333
0.6,5,32,13.343004
0.6,9,32,13.52465067
0.6,14,32,13.79710267
0.6,18,32,14.140948
0.6,0,32,13.263512
0.6,5,32,13.330972
0.6,9,32,13.51226
0.6,14,32,13.78738667
0.6,18,32,14.13736133
0.6,0,31,13.173484
0.6,5,31,14.48802533
0.6,9,31,13.40124
0.6,14,31,14.040536
0.6,18,31,14.786916
0.6,0,31,13.59446667
0.6,5,31,13.92751733
0.6,9,31,13.448284
0.6,14,31,14.83137333
0.6,18,31,14.10023733
0.6,0,31,14.46272667
0.6,5,31,13.42187067
0.6,9,31,13.49296933
0.6,14,31,13.864364
0.6,18,31,14.07342267
0.6,0,31,13.31670133
0.6,5,31,13.46614133
0.6,9,31,13.63076533
0.6,14,31,13.874188
0.6,18,31,14.184372
0.6,0,31,13.48252933
0.6,5,31,13.587972
0.6,9,31,13.70117467
0.6,14,31,14.046428
0.6,18,31,14.37357467
0.6,0,31,13.5792
0.6,5,31,13.71354267
0.6,9,31,13.79920267
0.6,14,31,14.15706133
0.6,18,31,14.58402667
0.6,0,30,13.176316
0.6,5,30,13.31502533
0.6,9,30,13.43178533
0.6,14,30,13.79910133
0.6,18,30,14.14598667
0.6,0,30,13.250428
0.6,5,30,13.38153733
0.6,9,30,13.45756667
0.6,14,30,13.84943467
0.6,18,30,14.23063333
0.6,0,30,13.315692
0.6,5,30,13.427396
0.6,9,30,13.52809333
0.6,14,30,13.910612
0.6,18,30,14.27608933
0.6,0,30,13.39317333
0.6,5,30,13.54160667
0.6,9,30,13.65843467
0.6,14,30,13.99317733
0.6,18,30,14.4479
0.6,0,30,13.483684
0.6,5,30,13.57084133
0.6,9,30,13.75270267
0.6,14,30,14.11882267
0.6,18,30,14.613612
0.6,0,30,13.57315867
0.6,5,30,13.72931867
0.6,9,30,13.8303
0.6,14,30,14.215536
0.6,18,30,14.75132933
0.6,0,29,13.209584
0.6,5,29,13.301696
0.6,9,29,13.40994933
0.6,14,29,13.793192
0.6,18,29,14.55592
0.6,0,29,13.296396
0.6,5,29,13.33885067
0.6,9,29,13.40845067
0.6,14,29,13.82280267
0.6,18,29,14.58261733
0.6,0,29,13.29475733
0.6,5,29,13.33933867
0.6,9,29,13.54315333
0.6,14,29,13.925452
0.6,18,29,14.73741733
0.6,0,29,13.36220133
0.6,5,29,13.50364667
0.6,9,29,13.61587733
0.6,14,29,13.98922933
0.6,18,29,14.81274667
0.6,0,29,13.49841067
0.6,5,29,13.58031467
0.6,9,29,13.69930267
0.6,14,29,14.11428933
0.6,18,29,14.94880933
0.6,0,29,13.62723467
0.6,5,29,13.68206267
0.6,9,29,13.80153067
0.6,14,29,14.20843333
0.6,18,29,15.04640933
0.6,0,28,13.18074533
0.6,5,28,13.27632133
0.6,9,28,13.40912533
0.6,14,28,13.81723333
0.6,0,28,12.975884
0.6,5,28,13.09466133
0.6,9,28,13.19293467
0.6,14,28,13.59975733
0.6,0,28,13.05185733
0.6,5,28,13.11491333
0.6,9,28,13.24344667
0.6,14,28,13.63316267
0.6,0,28,13.146684
0.6,5,28,13.249428
0.6,9,28,13.354152
0.6,14,28,13.809888
0.6,0,28,13.227096
0.6,5,28,13.356728
0.6,9,28,13.52636267
0.6,14,28,13.972884
0.6,0,28,13.23279067
0.6,5,28,13.31000533
0.6,9,28,13.433932
0.6,14,28,13.88508933
0.6,0,27,13.18884933
0.6,5,27,13.29699333
0.6,9,27,13.38204
0.6,14,27,13.92245867
0.6,0,27,13.240652
0.6,5,27,13.33863467
0.6,9,27,13.514612
0.6,14,27,13.99823733
0.6,0,27,13.31365733
0.6,5,27,13.391704
0.6,9,27,13.539648
0.6,14,27,14.06266933
0.6,0,27,13.400528
0.6,5,27,13.49592267
0.6,9,27,13.53900533
0.6,14,27,14.14239333
0.6,0,27,13.47302267
0.6,5,27,13.593964
0.6,9,27,13.72883333
0.6,14,27,14.29717733
0.6,0,27,13.5976
0.6,5,27,13.702292
0.6,9,27,13.83734933
0.6,14,27,14.48727733
0.6,0,26,13.164692
0.6,5,26,13.27591067
0.6,9,26,13.41700533
0.6,14,26,14.10537333
0.6,0,26,13.226004
0.6,5,26,13.308688
0.6,9,26,13.457644
0.6,14,26,14.16249867
0.6,0,26,13.30089333
0.6,5,26,13.42128933
0.6,9,26,13.48091867
0.6,14,26,14.30067067
0.6,0,26,13.361928
0.6,5,26,13.50214
0.6,9,26,13.58445333
0.6,14,26,14.42227333
0.6,0,26,13.48855867
0.6,5,26,13.596232
0.6,9,26,13.71762
0.6,14,26,14.56699067
0.6,0,26,13.584708
0.6,5,26,13.68928933
0.6,9,26,13.81984667
0.6,14,26,14.722312
0.6,0,25,13.20935467
0.6,5,25,13.30953867
0.6,9,25,13.47587467
0.6,0,25,12.96143333
0.6,5,25,13.080708
0.6,9,25,13.26949467
0.6,0,25,12.98388667
0.6,5,25,13.13142933
0.6,9,25,13.34141733
0.6,0,25,13.07221467
0.6,5,25,13.220836
0.6,9,25,13.35629467
0.6,0,25,13.24112933
0.6,5,25,13.29189733
0.6,9,25,13.48620667
0.6,0,25,13.19402933
0.6,5,25,13.322572
0.6,9,25,13.4937
0.6,0,24,13.149664
0.6,5,24,13.25576667
0.6,9,24,13.4538
0.6,0,24,13.17558267
0.6,5,24,13.31575067
0.6,9,24,13.53019733
0.6,0,24,13.292444
0.6,5,24,13.392152
0.6,9,24,13.61774533
0.6,0,24,13.363244
0.6,5,24,13.43847733
0.6,9,24,13.67652267
0.6,0,24,13.43763067
0.6,5,24,13.55423867
0.6,9,24,13.75794933
0.6,0,24,13.57515067
0.6,5,24,13.69729333
0.6,9,24,13.88038933
0.6,0,23,13.17107867
0.6,5,23,13.30194933
0.6,9,23,13.52471733
0.6,0,23,13.26170933
0.6,5,23,13.36775067
0.6,9,23,13.55812267
0.6,0,23,13.27852933
0.6,5,23,13.44442267
0.6,9,23,13.637936
0.6,0,23,13.31923467
0.6,5,23,13.50339067
0.6,9,23,13.68000667
0.6,0,23,13.50890533
0.6,5,23,13.62204667
0.6,9,23,13.80409467
0.6,0,23,13.55241067
0.6,5,23,13.76296933
0.6,9,23,13.900424
0.6,0,22,13.18345867
0.6,5,22,13.36273067
0.6,9,22,13.54449867
0.6,0,22,13.21393067
0.6,5,22,13.358684
0.6,9,22,13.59902933
0.6,0,22,13.29649867
0.6,5,22,13.05334133
0.6,9,22,13.37019733
0.6,0,22,13.06731067
0.6,5,22,13.233696
0.6,9,22,13.444136
0.6,0,22,13.20476267
0.6,5,22,13.36720133
0.6,9,22,13.59165333
0.6,0,22,13.131804
0.6,5,22,13.35005733
0.6,9,22,13.568208
0.6,0,21,13.12562133
0.6,5,21,13.31239867
0.6,0,21,12.975968
0.6,5,21,13.11122667
0.6,0,21,13.007328
0.6,5,21,13.19973867
0.6,0,21,13.076852
0.6,5,21,13.27069467
0.6,0,21,13.243132
0.6,5,21,13.384376
0.6,0,21,13.18564
0.6,5,21,13.32792667
0.6,0,20,13.107896
0.6,5,20,13.37433733
0.6,0,20,13.22432133
0.6,5,20,13.39768933
0.6,0,20,13.295632
0.6,5,20,13.47178667
0.6,0,20,13.37038533
0.6,5,20,13.52019867
0.6,0,20,13.51189867
0.6,5,20,13.61201333
0.6,0,20,13.57413333
0.6,5,20,13.75493333
0.2,0,74,12.81350667
0.2,5,74,12.82280133
0.2,9,74,12.870528
0.2,14,74,13.02086133
0.2,18,74,12.93292533
0.2,23,74,13.21890267
0.2,0,74,12.858796
0.2,5,74,12.95040267
0.2,9,74,12.960716
0.2,14,74,13.046752
0.2,18,74,13.10555733
0.2,23,74,13.215612
0.2,0,74,12.95815733
0.2,5,74,12.91622933
0.2,9,74,13.013748
0.2,14,74,13.13804667
0.2,18,74,13.183664
0.2,23,74,13.21695333
0.2,0,74,13.071752
0.2,5,74,13.11497467
0.2,9,74,13.08417067
0.2,14,74,13.20137067
0.2,18,74,13.26707467
0.2,23,74,13.33124533
0.2,0,74,13.06836667
0.2,5,74,13.21661467
0.2,9,74,13.23495333
0.2,14,74,13.287572
0.2,18,74,13.33527733
0.2,23,74,13.45903867
0.2,0,74,13.21232533
0.2,5,74,13.28222667
0.2,9,74,13.282612
0.2,14,74,13.299984
0.2,18,74,13.444344
0.2,23,74,13.55300667
0.2,0,73,12.82217867
0.2,5,73,12.89277867
0.2,9,73,12.937016
0.2,14,73,12.97022667
0.2,18,73,13.07750667
0.2,23,73,13.17165333
0.2,0,73,12.86041867
0.2,5,73,12.94950667
0.2,9,73,12.88776267
0.2,14,73,13.090092
0.2,18,73,13.08875733
0.2,23,73,13.21889067
0.2,0,73,12.90346
0.2,5,73,13.00925733
0.2,9,73,12.96863733
0.2,14,73,13.12518533
0.2,18,73,13.14903867
0.2,23,73,13.23307467
0.2,0,73,13.03334667
0.2,5,73,13.03193067
0.2,9,73,13.07646
0.2,14,73,13.18554
0.2,18,73,13.169872
0.2,23,73,13.38845067
0.2,0,73,13.15235067
0.2,5,73,13.16945333
0.2,9,73,13.135508
0.2,14,73,13.33810933
0.2,18,73,13.326288
0.2,23,73,13.47266933
0.2,0,73,13.20661067
0.2,5,73,13.19302
0.2,9,73,13.305212
0.2,14,73,13.36702933
0.2,18,73,13.43033333
0.2,23,73,13.587124
0.2,0,68,12.73642267
0.2,5,68,12.885468
0.2,9,68,12.91386
0.2,14,68,12.911516
0.2,18,68,13.043824
0.2,23,68,13.065864
0.2,0,68,12.915228
0.2,5,68,12.92614667
0.2,9,68,12.96981867
0.2,14,68,12.95784
0.2,18,68,13.08817467
0.2,23,68,13.170996
0.2,0,68,12.90427333
0.2,5,68,12.966728
0.2,9,68,12.88925333
0.2,14,68,13.115128
0.2,18,68,13.129984
0.2,23,68,13.248888
0.2,0,68,12.92734
0.2,5,68,13.04843867
0.2,9,68,13.004292
0.2,14,68,13.173908
0.2,18,68,13.204212
0.2,23,68,13.27494133
0.2,0,68,13.10757867
0.2,5,68,13.13646933
0.2,9,68,13.077368
0.2,14,68,13.26905333
0.2,18,68,13.33289733
0.2,23,68,13.5159
0.2,0,68,13.23516267
0.2,5,68,13.18616933
0.2,9,68,13.284576
0.2,14,68,13.363548
0.2,18,68,13.389148
0.2,23,68,13.56689733
0.2,0,63,12.83756
0.2,5,63,12.89030933
0.2,9,63,12.91182267
0.2,14,63,12.917928
0.2,18,63,13.11519467
0.2,23,63,13.20862
0.2,0,63,12.91682133
0.2,5,63,12.897308
0.2,9,63,12.994144
0.2,14,63,12.93986
0.2,18,63,13.07949067
0.2,23,63,13.19884533
0.2,0,63,12.93937333
0.2,5,63,12.876976
0.2,9,63,13.04027867
0.2,14,63,13.106684
0.2,18,63,13.21314
0.2,23,63,13.19906667
0.2,0,63,12.97693067
0.2,5,63,13.01212667
0.2,9,63,13.064832
0.2,14,63,13.07722933
0.2,18,63,13.189156
0.2,23,63,13.34138133
0.2,0,63,13.166944
0.2,5,63,13.10260933
0.2,9,63,13.21974933
0.2,14,63,13.27544533
0.2,18,63,13.32956267
0.2,23,63,13.44176133
0.2,0,63,13.24245733
0.2,5,63,13.221828
0.2,9,63,13.27736133
0.2,14,63,13.369236
0.2,18,63,13.34386533
0.2,23,63,13.586444
0.2,0,58,12.75999867
0.2,5,58,12.91921067
0.2,9,58,12.95017733
0.2,14,58,12.998432
0.2,18,58,13.04811333
0.2,23,58,13.217372
0.2,0,58,12.91142267
0.2,5,58,12.89747867
0.2,9,58,12.966432
0.2,14,58,13.00018933
0.2,18,58,13.079604
0.2,23,58,13.13232267
0.2,0,58,12.880824
0.2,5,58,12.949136
0.2,9,58,13.038368
0.2,14,58,13.038608
0.2,18,58,13.17684933
0.2,23,58,13.30115067
0.2,0,58,12.98551067
0.2,5,58,13.09606667
0.2,9,58,13.044864
0.2,14,58,13.21687467
0.2,18,58,13.123416
0.2,23,58,13.404128
0.2,0,58,13.16406667
0.2,5,58,13.196572
0.2,9,58,13.18218933
0.2,14,58,13.27423867
0.2,18,58,13.2523
0.2,23,58,13.45611067
0.2,0,58,13.125876
0.2,5,58,13.268184
0.2,9,58,13.27833867
0.2,14,58,13.40352133
0.2,18,58,13.39700667
0.2,23,58,13.62891067
0.2,0,53,12.76080133
0.2,5,53,12.92834
0.2,9,53,12.91345333
0.2,14,53,12.95595467
0.2,18,53,13.05998267
0.2,23,53,13.11377333
0.2,0,53,12.89389867
0.2,5,53,12.87099333
0.2,9,53,12.98200133
0.2,14,53,12.999832
0.2,18,53,13.099312
0.2,23,53,13.14101067
0.2,0,53,12.921928
0.2,5,53,12.97780933
0.2,9,53,12.919932
0.2,14,53,13.10114133
0.2,18,53,13.13574
0.2,23,53,13.24967467
0.2,0,53,13.001904
0.2,5,53,12.98800533
0.2,9,53,13.087348
0.2,14,53,13.17094
0.2,18,53,13.129444
0.2,23,53,13.36536933
0.2,0,53,13.15282267
0.2,5,53,13.12373467
0.2,9,53,13.22892667
0.2,14,53,13.34146933
0.2,18,53,13.30637467
0.2,23,53,13.46994933
0.2,0,53,13.15022
0.2,5,53,13.17882133
0.2,9,53,13.289544
0.2,14,53,13.37106
0.2,18,53,13.462528
0.2,23,53,13.56668133
0.2,0,48,12.817192
0.2,5,48,12.82026533
0.2,9,48,12.902012
0.2,14,48,12.94927733
0.2,18,48,12.99181333
0.2,23,48,13.15113867
0.2,0,48,12.91478
0.2,5,48,12.86266133
0.2,9,48,12.90059067
0.2,14,48,13.08599333
0.2,18,48,13.13650533
0.2,23,48,13.18974533
0.2,0,48,12.90803333
0.2,5,48,12.93179467
0.2,9,48,12.998632
0.2,14,48,13.09302133
0.2,18,48,13.09391333
0.2,23,48,13.211908
0.2,0,48,13.02398
0.2,5,48,12.98139467
0.2,9,48,12.99461333
0.2,14,48,13.198096
0.2,18,48,13.20436133
0.2,23,48,13.27080267
0.2,0,48,13.13081067
0.2,5,48,13.06897067
0.2,9,48,13.18101467
0.2,14,48,13.25912533
0.2,18,48,13.32376533
0.2,23,48,13.41858533
0.2,0,48,13.143184
0.2,5,48,13.21073733
0.2,9,48,13.30104533
0.2,14,48,13.33108667
0.2,18,48,13.45828533
0.2,23,48,13.587124
0.2,0,43,12.80096933
0.2,5,43,12.76794267
0.2,9,43,12.899308
0.2,14,43,12.94616133
0.2,18,43,13.014112
0.2,23,43,13.13473067
0.2,0,43,12.79496533
0.2,5,43,12.948712
0.2,9,43,12.869344
0.2,14,43,13.020644
0.2,18,43,12.980004
0.2,23,43,13.19147067
0.2,0,43,12.94839733
0.2,5,43,12.91452267
0.2,9,43,12.96689067
0.2,14,43,12.97078533
0.2,18,43,13.18644267
0.2,23,43,13.27528133
0.2,0,43,13.01643067
0.2,5,43,13.01196533
0.2,9,43,13.10744667
0.2,14,43,13.21933733
0.2,18,43,12.77513333
0.2,23,43,13.06909733
0.2,0,43,12.85402533
0.2,5,43,12.88567467
0.2,9,43,12.82670267
0.2,14,43,12.997236
0.2,18,43,13.07839867
0.2,23,43,13.15112133
0.2,0,43,12.745484
0.2,5,43,12.87424267
0.2,9,43,12.78269867
0.2,14,43,12.96925067
0.2,18,43,13.02423333
0.2,23,43,13.11875733
0.2,0,38,12.67783067
0.2,5,38,12.88256933
0.2,9,38,12.90092667
0.2,14,38,12.926084
0.2,18,38,13.043652
0.2,23,38,13.156424
0.2,0,38,12.85944
0.2,5,38,12.93615733
0.2,9,38,12.937844
0.2,14,38,12.99316667
0.2,18,38,13.09387467
0.2,23,38,13.19718933
0.2,0,38,12.88078933
0.2,5,38,12.89196533
0.2,9,38,12.967864
0.2,14,38,13.084752
0.2,18,38,13.04416533
0.2,23,38,13.25794933
0.2,0,38,13.06642933
0.2,5,38,12.977384
0.2,9,38,13.088612
0.2,14,38,13.167732
0.2,18,38,13.12323067
0.2,23,38,13.33966133
0.2,0,38,13.11557067
0.2,5,38,13.09685733
0.2,9,38,13.19049733
0.2,14,38,13.27173067
0.2,18,38,13.26810133
0.2,23,38,13.474968
0.2,0,38,13.2203
0.2,5,38,13.26592
0.2,9,38,13.269216
0.2,14,38,13.379976
0.2,18,38,13.43100133
0.2,23,38,13.595896
0.2,0,37,12.749796
0.2,5,37,12.882468
0.2,9,37,12.85492933
0.2,14,37,12.98941067
0.2,18,37,13.04948533
0.2,23,37,13.18967333
0.2,0,37,12.839772
0.2,5,37,12.90115867
0.2,9,37,12.898104
0.2,14,37,13.07855467
0.2,18,37,13.14424
0.2,23,37,13.23033067
0.2,0,37,12.902168
0.2,5,37,13.003812
0.2,9,37,13.01424267
0.2,14,37,13.048496
0.2,18,37,13.20522533
0.2,23,37,13.348288
0.2,0,37,13.027324
0.2,5,37,13.04589067
0.2,9,37,13.10565733
0.2,14,37,13.19858133
0.2,18,37,13.10278933
0.2,23,37,13.418468
0.2,0,37,13.11178533
0.2,5,37,13.16233733
0.2,9,37,13.20772267
0.2,14,37,13.23336267
0.2,18,37,13.35769733
0.2,23,37,13.49531067
0.2,0,37,13.12042933
0.2,5,37,13.294996
0.2,9,37,13.30957333
0.2,14,37,13.35685467
0.2,18,37,13.46353733
0.2,23,37,13.059244
0.2,0,36,12.88551067
0.2,5,36,12.90624267
0.2,9,36,12.87012133
0.2,14,36,12.98906
0.2,18,36,12.98932133
0.2,23,36,13.1782
0.2,0,36,12.8773
0.2,5,36,12.83326
0.2,9,36,12.95493867
0.2,14,36,13.04945867
0.2,18,36,13.00315067
0.2,23,36,13.271292
0.2,0,36,12.90950133
0.2,5,36,12.934708
0.2,9,36,12.96528267
0.2,14,36,13.10511067
0.2,18,36,13.17463067
0.2,23,36,13.219972
0.2,0,36,12.96768933
0.2,5,36,13.04152133
0.2,9,36,13.05288533
0.2,14,36,13.15039867
0.2,18,36,13.220072
0.2,23,36,13.37132533
0.2,0,36,13.07035333
0.2,5,36,13.13113867
0.2,9,36,12.82461467
0.2,14,36,12.99314533
0.2,18,36,13.0138
0.2,23,36,13.22953067
0.2,0,36,12.768308
0.2,5,36,12.833436
0.2,9,36,12.83566533
0.2,14,36,12.99828933
0.2,18,36,12.99954267
0.2,23,36,13.174508
0.2,0,35,12.80451733
0.2,5,35,12.79619067
0.2,9,35,12.89992
0.2,14,35,12.87114
0.2,18,35,13.10470667
0.2,23,35,13.25626133
0.2,0,35,12.83017467
0.2,5,35,13.923696
0.2,9,35,12.999464
0.2,14,35,13.02304
0.2,18,35,13.12708933
0.2,23,35,13.25302933
0.2,0,35,12.923812
0.2,5,35,12.96262533
0.2,9,35,12.94508
0.2,14,35,13.13494
0.2,18,35,13.17692667
0.2,23,35,13.314924
0.2,0,35,13.051068
0.2,5,35,13.02110133
0.2,9,35,14.250672
0.2,14,35,13.19984267
0.2,18,35,13.27781467
0.2,23,35,13.444828
0.2,0,35,13.121672
0.2,5,35,13.12216667
0.2,9,35,13.20815467
0.2,14,35,13.31201733
0.2,18,35,13.33686533
0.2,23,35,13.53726667
0.2,0,35,13.13182933
0.2,5,35,13.26134533
0.2,9,35,13.31743467
0.2,14,35,13.370476
0.2,18,35,13.442004
0.2,23,35,13.60279067
0.2,0,34,12.806912
0.2,5,34,12.724292
0.2,9,34,12.90838267
0.2,14,34,13.042728
0.2,18,34,13.135536
0.2,23,34,14.02769067
0.2,0,34,12.60936267
0.2,5,34,12.645724
0.2,9,34,12.661588
0.2,14,34,12.725796
0.2,18,34,12.731284
0.2,23,34,13.01999467
0.2,0,34,12.61352933
0.2,5,34,12.58500533
0.2,9,34,13.29393467
0.2,14,34,13.17593733
0.2,18,34,12.827652
0.2,23,34,13.05741067
0.2,0,34,12.65963333
0.2,5,34,12.74386133
0.2,9,34,12.728344
0.2,14,34,12.868316
0.2,18,34,12.93600267
0.2,23,34,13.188484
0.2,0,34,12.75998133
0.2,5,34,12.88631467
0.2,9,34,12.8401
0.2,14,34,12.99324533
0.2,18,34,13.04262933
0.2,23,34,13.29290667
0.2,0,34,12.83244533
0.2,5,34,12.81076
0.2,9,34,12.93796533
0.2,14,34,12.93581867
0.2,18,34,12.952988
0.2,23,34,13.29539467
0.2,0,33,12.75671867
0.2,5,33,12.87457467
0.2,9,33,12.869656
0.2,14,33,12.98237867
0.2,18,33,12.969736
0.2,23,33,13.347168
0.2,0,33,12.869212
0.2,5,33,12.89294533
0.2,9,33,12.87624533
0.2,14,33,13.070344
0.2,18,33,13.09541867
0.2,23,33,13.34128533
0.2,0,33,12.89931733
0.2,5,33,12.90097467
0.2,9,33,12.94695067
0.2,14,33,13.12521467
0.2,18,33,13.13982267
0.2,23,33,13.49292
0.2,0,33,12.93484533
0.2,5,33,13.021028
0.2,9,33,13.08226933
0.2,14,33,13.10656933
0.2,18,33,13.25671467
0.2,23,33,13.55146667
0.2,0,33,13.08681467
0.2,5,33,13.13552267
0.2,9,33,13.20254267
0.2,14,33,13.26044667
0.2,18,33,13.30111733
0.2,23,33,13.662252
0.2,0,33,13.20263467
0.2,5,33,13.22132933
0.2,9,33,13.27802267
0.2,14,33,13.42135467
0.2,18,33,13.45531067
0.2,23,33,13.77925333
0.2,0,32,12.828316
0.2,5,32,12.79653867
0.2,9,32,13.33738933
0.2,14,32,14.69169867
0.2,18,32,13.13300667
0.2,0,32,12.62430267
0.2,5,32,12.635484
0.2,9,32,12.69452533
0.2,14,32,12.76998
0.2,18,32,12.784168
0.2,0,32,12.64872933
0.2,5,32,12.72142933
0.2,9,32,12.677104
0.2,14,32,12.856548
0.2,18,32,12.94747067
0.2,0,32,12.739492
0.2,5,32,12.75708533
0.2,9,32,12.74680133
0.2,14,32,12.88588667
0.2,18,32,12.997692
0.2,0,32,12.81413067
0.2,5,32,12.84897867
0.2,9,32,12.91542
0.2,14,32,12.996156
0.2,18,32,13.127764
0.2,0,32,12.828184
0.2,5,32,12.85422533
0.2,9,32,12.89967067
0.2,14,32,12.99999867
0.2,18,32,13.08721333
0.2,0,31,12.787824
0.2,5,31,12.86800933
0.2,9,31,12.91845867
0.2,14,31,12.97162667
0.2,18,31,13.13549467
0.2,0,31,12.869444
0.2,5,31,12.96168667
0.2,9,31,12.95364267
0.2,14,31,13.04753733
0.2,18,31,13.18181467
0.2,0,31,12.916884
0.2,5,31,12.916076
0.2,9,31,13.02014667
0.2,14,31,13.102556
0.2,18,31,13.26193467
0.2,0,31,13.058444
0.2,5,31,13.01024667
0.2,9,31,13.10429333
0.2,14,31,13.21987867
0.2,18,31,13.32694
0.2,0,31,13.11914
0.2,5,31,13.14162667
0.2,9,31,13.18541067
0.2,14,31,13.36079733
0.2,18,31,13.45783733
0.2,0,31,13.209724
0.2,5,31,13.244832
0.2,9,31,13.315452
0.2,14,31,13.33881733
0.2,18,31,13.53733333
0.2,0,30,12.81959733
0.2,5,30,12.827804
0.2,9,30,12.86154267
0.2,14,30,12.99882267
0.2,18,30,13.16761467
0.2,0,30,12.89795733
0.2,5,30,12.9011
0.2,9,30,12.94137467
0.2,14,30,13.08260133
0.2,18,30,13.25763333
0.2,0,30,12.938888
0.2,5,30,12.963376
0.2,9,30,13.00310267
0.2,14,30,13.15246
0.2,18,30,13.25369333
0.2,0,30,13.02046667
0.2,5,30,13.06140533
0.2,9,30,13.09187067
0.2,14,30,13.17750267
0.2,18,30,13.34551867
0.2,0,30,13.14876
0.2,5,30,13.13266533
0.2,9,30,13.17378533
0.2,14,30,13.33796533
0.2,18,30,13.484556
0.2,0,30,13.24332667
0.2,5,30,13.26007733
0.2,9,30,13.27887333
0.2,14,30,13.39232933
0.2,18,30,13.57768933
0.2,0,29,12.86404667
0.2,5,29,12.90244933
0.2,9,29,12.93954133
0.2,14,29,13.08496
0.2,18,29,13.34340667
0.2,0,29,12.90790533
0.2,5,29,12.93811067
0.2,9,29,12.94470267
0.2,14,29,13.05950133
0.2,18,29,13.35315067
0.2,0,29,12.88929333
0.2,5,29,12.98741867
0.2,9,29,13.057336
0.2,14,29,13.18714
0.2,18,29,13.489272
0.2,0,29,13.02533467
0.2,5,29,13.07065067
0.2,9,29,13.09549467
0.2,14,29,13.22010667
0.2,18,29,13.50413333
0.2,0,29,13.12858133
0.2,5,29,13.13099867
0.2,9,29,13.19251333
0.2,14,29,13.31678
0.2,18,29,13.638572
0.2,0,29,13.17743067
0.2,5,29,13.22986133
0.2,9,29,13.29349733
0.2,14,29,13.47877467
0.2,18,29,13.71081333
0.2,0,28,12.83884133
0.2,5,28,12.84216267
0.2,9,28,12.88975733
0.2,14,28,13.05924
0.2,0,28,12.61434667
0.2,5,28,12.624308
0.2,9,28,12.67335333
0.2,14,28,12.86312133
0.2,0,28,12.65036667
0.2,5,28,12.71432
0.2,9,28,12.75138933
0.2,14,28,12.91745733
0.2,0,28,12.74508533
0.2,5,28,12.76532
0.2,9,28,12.79090533
0.2,14,28,12.980636
0.2,0,28,12.83718667
0.2,5,28,12.87161067
0.2,9,28,12.877728
0.2,14,28,13.07446667
0.2,0,28,12.80833867
0.2,5,28,12.85289067
0.2,9,28,12.89479333
0.2,14,28,13.05538667
0.2,0,27,12.82204667
0.2,5,27,12.88019733
0.2,9,27,12.91698
0.2,14,27,13.06262267
0.2,0,27,12.86954933
0.2,5,27,12.89400133
0.2,9,27,12.911672
0.2,14,27,13.12912533
0.2,0,27,12.97432533
0.2,5,27,12.986848
0.2,9,27,12.99391467
0.2,14,27,13.21305733
0.2,0,27,13.012564
0.2,5,27,13.06820933
0.2,9,27,13.094984
0.2,14,27,13.44083467
0.2,0,27,13.90737467
0.2,5,27,13.21346267
0.2,9,27,13.20506667
0.2,14,27,13.44962533
0.2,0,27,13.276704
0.2,5,27,13.24453067
0.2,9,27,13.30972533
0.2,14,27,13.499916
0.2,0,26,12.841596
0.2,5,26,12.87369467
0.2,9,26,12.938112
0.2,14,26,13.20640133
0.2,0,26,12.895056
0.2,5,26,12.92045067
0.2,9,26,12.990872
0.2,14,26,13.19634267
0.2,0,26,12.958984
0.2,5,26,12.930088
0.2,9,26,13.02859067
0.2,14,26,13.31535333
0.2,0,26,13.06344
0.2,5,26,13.044888
0.2,9,26,13.11641333
0.2,14,26,13.39855867
0.2,0,26,13.12457467
0.2,5,26,13.16247467
0.2,9,26,13.22971733
0.2,14,26,13.51959467
0.2,0,26,13.22689733
0.2,5,26,13.32004533
0.2,9,26,13.30972667
0.2,14,26,14.50258933
0.2,0,25,12.81163333
0.2,5,25,12.87484533
0.2,9,25,12.92420667
0.2,0,25,12.60338133
0.2,5,25,12.64842267
0.2,9,25,12.66403867
0.2,0,25,12.656816
0.2,5,25,12.68982667
0.2,9,25,12.708072
0.2,0,25,12.66958267
0.2,5,25,12.753972
0.2,9,25,12.859904
0.2,0,25,12.84028533
0.2,5,25,12.895956
0.2,9,25,12.98514267
0.2,0,25,12.84264933
0.2,5,25,12.86211067
0.2,9,25,12.95253067
0.2,0,24,12.84614533
0.2,5,24,12.94139067
0.2,9,24,12.95647067
0.2,0,24,12.89634267
0.2,5,24,12.98866
0.2,9,24,12.982724
0.2,0,24,12.926144
0.2,5,24,13.01261067
0.2,9,24,13.01875333
0.2,0,24,13.016168
0.2,5,24,13.05965067
0.2,9,24,13.114152
0.2,0,24,13.124864
0.2,5,24,13.17828267
0.2,9,24,13.25720667
0.2,0,24,13.190744
0.2,5,24,13.22054
0.2,9,24,13.35808533
0.2,0,23,12.87021467
0.2,5,23,12.905684
0.2,9,23,12.93195333
0.2,0,23,12.87109467
0.2,5,23,12.95645733
0.2,9,23,12.97697067
0.2,0,23,12.93732933
0.2,5,23,12.99289867
0.2,9,23,13.069184
0.2,0,23,12.986092
0.2,5,23,13.01937333
0.2,9,23,13.11935867
0.2,0,23,13.12078533
0.2,5,23,13.14815067
0.2,9,23,13.25757067
0.2,0,23,13.20389333
0.2,5,23,13.253972
0.2,9,23,13.34468267
0.2,0,22,12.87247333
0.2,5,22,12.92821333
0.2,9,22,12.99852533
0.2,0,22,12.86978667
0.2,5,22,12.94799467
0.2,9,22,13.00949467
0.2,0,22,12.91550133
0.2,5,22,13.00292133
0.2,9,22,13.06661467
0.2,0,22,12.979968
0.2,5,22,13.027316
0.2,9,22,13.144864
0.2,0,22,13.08409467
0.2,5,22,13.14579733
0.2,9,22,13.28672533
0.2,0,22,13.20999067
0.2,5,22,13.23590667
0.2,9,22,13.34720667
0.2,0,21,12.82303067
0.2,5,21,12.912544
0.2,0,21,12.534352
0.2,5,21,12.633948
0.2,0,21,12.66219867
0.2,5,21,12.710996
0.2,0,21,12.74322667
0.2,5,21,12.80992133
0.2,0,21,12.82216667
0.2,5,21,12.91801867
0.2,0,21,12.83030267
0.2,5,21,12.88143067
0.2,0,20,12.709464
0.2,5,20,12.88809733
0.2,0,20,12.867664
0.2,5,20,12.90948267
0.2,0,20,12.94326267
0.2,5,20,13.021212
0.2,0,20,13.00270667
0.2,5,20,13.10349867
0.2,0,20,13.11677733
0.2,5,20,13.14512933
0.2,0,20,13.21744667
0.2,5,20,13.26849867
0.8,0,74,13.38425867
0.8,5,74,13.56834267
0.8,9,74,13.69053867
0.8,14,74,14.070052
0.8,18,74,14.243936
0.8,23,74,14.65256
0.8,0,74,13.50282667
0.8,5,74,13.562856
0.8,9,74,13.73787733
0.8,14,74,14.09185333
0.8,18,74,14.26497067
0.8,23,74,14.68818933
0.8,0,74,13.50905867
0.8,5,74,13.67881467
0.8,9,74,13.81974667
0.8,14,74,14.17941867
0.8,18,74,14.33936533
0.8,23,74,14.77741333
0.8,0,74,13.56356933
0.8,5,74,13.752948
0.8,9,74,13.89596933
0.8,14,74,14.24164
0.8,18,74,14.43393867
0.8,23,74,14.88245333
0.8,0,74,13.71016267
0.8,5,74,13.82121867
0.8,9,74,14.05191067
0.8,14,74,14.366292
0.8,18,74,14.59814667
0.8,23,74,15.08923067
0.8,0,74,13.80800667
0.8,5,74,13.969412
0.8,9,74,14.12608267
0.8,14,74,14.51968533
0.8,18,74,14.710716
0.8,23,74,15.25454133
0.8,0,73,13.40688933
0.8,5,73,13.54947467
0.8,9,73,13.692784
0.8,14,73,14.04628133
0.8,18,73,14.2501
0.8,23,73,14.64467733
0.8,0,73,13.4557
0.8,5,73,13.601464
0.8,9,73,13.75269067
0.8,14,73,14.05133467
0.8,18,73,14.33564933
0.8,23,73,14.75151333
0.8,0,73,13.502656
0.8,5,73,13.653332
0.8,9,73,13.81439467
0.8,14,73,14.130432
0.8,18,73,14.34388
0.8,23,73,14.81411467
0.8,0,73,13.58137867
0.8,5,73,13.726984
0.8,9,73,13.91704267
0.8,14,73,14.23600133
0.8,18,73,14.44434933
0.8,23,73,14.89944267
0.8,0,73,13.71552933
0.8,5,73,13.85405333
0.8,9,73,13.95947867
0.8,14,73,14.34807333
0.8,18,73,14.54412267
0.8,23,73,15.04837067
0.8,0,73,13.81994533
0.8,5,73,13.95522267
0.8,9,73,14.07688533
0.8,14,73,14.44873467
0.8,18,73,14.646064
0.8,23,73,15.20323067
0.8,0,68,13.39411867
0.8,5,68,13.51831867
0.8,9,68,13.668708
0.8,14,68,13.98772133
0.8,18,68,14.25211733
0.8,23,68,14.61958
0.8,0,68,13.45560267
0.8,5,68,13.56668133
0.8,9,68,13.73372533
0.8,14,68,14.05444
0.8,18,68,14.28443467
0.8,23,68,14.72590133
0.8,0,68,13.48131733
0.8,5,68,13.615392
0.8,9,68,13.789284
0.8,14,68,14.16627333
0.8,18,68,14.35154667
0.8,23,68,14.75555067
0.8,0,68,13.57364267
0.8,5,68,13.73069467
0.8,9,68,13.90103067
0.8,14,68,14.24796
0.8,18,68,14.42703067
0.8,23,68,14.85182533
0.8,0,68,13.711164
0.8,5,68,13.79966933
0.8,9,68,13.93438933
0.8,14,68,14.34451067
0.8,18,68,14.467048
0.8,23,68,15.06633467
0.8,0,68,14.055288
0.8,5,68,14.68853867
0.8,9,68,14.511824
0.8,14,68,15.091936
0.8,18,68,14.64294667
0.8,23,68,15.24254933
0.8,0,63,13.39079467
0.8,5,63,14.700816
0.8,9,63,13.65556133
0.8,14,63,14.0184
0.8,18,63,14.21625867
0.8,23,63,14.67574267
0.8,0,63,13.45786
0.8,5,63,13.56898
0.8,9,63,13.73235067
0.8,14,63,14.0778
0.8,18,63,14.30978533
0.8,23,63,14.74361733
0.8,0,63,13.499736
0.8,5,63,13.66062133
0.8,9,63,13.79895067
0.8,14,63,14.14398
0.8,18,63,14.84017733
0.8,23,63,15.43589733
0.8,0,63,14.19978933
0.8,5,63,14.21210933
0.8,9,63,14.51620533
0.8,14,63,14.56375333
0.8,18,63,15.27459867
0.8,23,63,15.07684933
0.8,0,63,13.73728933
0.8,5,63,13.86952267
0.8,9,63,13.962576
0.8,14,63,14.35589867
0.8,18,63,14.54663867
0.8,23,63,15.04922133
0.8,0,63,13.819948
0.8,5,63,13.95852667
0.8,9,63,14.091656
0.8,14,63,14.46544267
0.8,18,63,14.617424
0.8,23,63,15.287
0.8,0,58,13.36192133
0.8,5,58,13.481644
0.8,9,58,13.647492
0.8,14,58,14.02504
0.8,18,58,14.21206667
0.8,23,58,14.610416
0.8,0,58,13.45193067
0.8,5,58,13.59438133
0.8,9,58,13.71291467
0.8,14,58,14.06258
0.8,18,58,14.24213467
0.8,23,58,14.69036
0.8,0,58,13.44308
0.8,5,58,13.65004267
0.8,9,58,13.758544
0.8,14,58,14.08704267
0.8,18,58,14.30241333
0.8,23,58,14.73401733
0.8,0,58,13.581068
0.8,5,58,13.69708933
0.8,9,58,13.85318933
0.8,14,58,14.20811733
0.8,18,58,14.38449867
0.8,23,58,14.82143733
0.8,0,58,13.68126267
0.8,5,58,13.77897867
0.8,9,58,13.903184
0.8,14,58,14.29335067
0.8,18,58,14.48573733
0.8,23,58,15.009708
0.8,0,58,13.78617333
0.8,5,58,13.92990267
0.8,9,58,14.05227333
0.8,14,58,14.02572933
0.8,18,58,14.239304
0.8,23,58,14.78795467
0.8,0,53,13.337156
0.8,5,53,13.478672
0.8,9,53,13.65248
0.8,14,53,13.99175067
0.8,18,53,14.21762133
0.8,23,53,14.642012
0.8,0,53,13.38741867
0.8,5,53,13.54627867
0.8,9,53,13.693504
0.8,14,53,14.050644
0.8,18,53,14.24787467
0.8,23,53,14.652464
0.8,0,53,13.46927867
0.8,5,53,13.64548667
0.8,9,53,13.75799467
0.8,14,53,14.153108
0.8,18,53,14.336728
0.8,23,53,14.76547067
0.8,0,53,13.56673467
0.8,5,53,13.69413867
0.8,9,53,13.837796
0.8,14,53,14.182292
0.8,18,53,14.386544
0.8,23,53,14.85106133
0.8,0,53,13.694548
0.8,5,53,13.83181467
0.8,9,53,13.999908
0.8,14,53,14.34358267
0.8,18,53,14.53178
0.8,23,53,15.03895733
0.8,0,53,13.716592
0.8,5,53,13.95770933
0.8,9,53,14.08701867
0.8,14,53,14.43558133
0.8,18,53,14.65475733
0.8,23,53,15.22632133
0.8,0,48,14.14993733
0.8,5,48,13.52682
0.8,9,48,13.72660133
0.8,14,48,14.05519867
0.8,18,48,14.234832
0.8,23,48,14.676876
0.8,0,48,13.445872
0.8,5,48,13.55348667
0.8,9,48,13.72214533
0.8,14,48,14.10816267
0.8,18,48,14.317544
0.8,23,48,14.709928
0.8,0,48,13.49786667
0.8,5,48,13.66772667
0.8,9,48,13.77598933
0.8,14,48,14.1644
0.8,18,48,14.39391733
0.8,23,48,14.78260533
0.8,0,48,13.573632
0.8,5,48,13.97516267
0.8,9,48,14.61721733
0.8,14,48,14.73986933
0.8,18,48,15.01813867
0.8,23,48,14.870572
0.8,0,48,13.673908
0.8,5,48,13.835056
0.8,9,48,14.000252
0.8,14,48,14.37657333
0.8,18,48,14.554492
0.8,23,48,16.21684133
0.8,0,48,13.806516
0.8,5,48,13.966836
0.8,9,48,14.072708
0.8,14,48,14.504512
0.8,18,48,14.699936
0.8,23,48,15.24673467
0.8,0,43,13.34576
0.8,5,43,13.51849333
0.8,9,43,13.67594
0.8,14,43,14.04349733
0.8,18,43,14.222488
0.8,23,43,14.625476
0.8,0,43,13.40634267
0.8,5,43,13.54907467
0.8,9,43,13.70700533
0.8,14,43,14.07747467
0.8,18,43,14.229176
0.8,23,43,14.68185067
0.8,0,43,13.45236267
0.8,5,43,13.614144
0.8,9,43,13.70791067
0.8,14,43,14.11267467
0.8,18,43,14.31993067
0.8,23,43,14.761176
0.8,0,43,13.54203467
0.8,5,43,13.66338533
0.8,9,43,13.867248
0.8,14,43,14.240528
0.8,18,43,14.40778533
0.8,23,43,14.834584
0.8,0,43,13.64834
0.8,5,43,13.79365867
0.8,9,43,13.96385867
0.8,14,43,14.29855467
0.8,18,43,14.50082133
0.8,23,43,15.00413333
0.8,0,43,13.757536
0.8,5,43,13.88027867
0.8,9,43,14.09043467
0.8,14,43,14.44656
0.8,18,43,14.62353733
0.8,23,43,15.20721067
0.8,0,38,13.343392
0.8,5,38,14.59680933
0.8,9,38,13.657764
0.8,14,38,13.98984
0.8,18,38,14.201
0.8,23,38,14.65732533
0.8,0,38,13.41302267
0.8,5,38,13.54079467
0.8,9,38,13.67731867
0.8,14,38,14.05109733
0.8,18,38,14.222192
0.8,23,38,14.715096
0.8,0,38,13.50669733
0.8,5,38,13.60490933
0.8,9,38,13.70533467
0.8,14,38,14.114136
0.8,18,38,14.30624
0.8,23,38,14.758656
0.8,0,38,13.57931733
0.8,5,38,13.75451867
0.8,9,38,13.883128
0.8,14,38,14.220672
0.8,18,38,14.43597733
0.8,23,38,14.914328
0.8,0,38,13.644524
0.8,5,38,13.856396
0.8,9,38,14.01513467
0.8,14,38,14.344028
0.8,18,38,14.55048133
0.8,23,38,15.08374533
0.8,0,38,13.779408
0.8,5,38,13.930324
0.8,9,38,14.073732
0.8,14,38,14.481812
0.8,18,38,14.67399467
0.8,23,38,15.275056
0.8,0,37,13.35433333
0.8,5,37,13.48055333
0.8,9,37,13.632328
0.8,14,37,13.99791733
0.8,18,37,14.16147733
0.8,23,37,14.69229333
0.8,0,37,13.39424933
0.8,5,37,13.54559467
0.8,9,37,13.67945733
0.8,14,37,14.010176
0.8,18,37,14.24498267
0.8,23,37,14.73580267
0.8,0,37,13.48031867
0.8,5,37,13.60984267
0.8,9,37,13.728484
0.8,14,37,14.150376
0.8,18,37,14.317556
0.8,23,37,14.77822933
0.8,0,37,13.51968
0.8,5,37,13.67030933
0.8,9,37,13.82189733
0.8,14,37,14.201432
0.8,18,37,14.36739467
0.8,23,37,14.89827333
0.8,0,37,13.64578133
0.8,5,37,13.82164
0.8,9,37,13.990332
0.8,14,37,14.25442
0.8,18,37,14.45732
0.8,23,37,15.069672
0.8,0,37,13.752688
0.8,5,37,13.82139867
0.8,9,37,14.075572
0.8,14,37,14.44619733
0.8,18,37,14.59934133
0.8,23,37,15.27260267
0.8,0,36,13.365756
0.8,5,36,13.51347867
0.8,9,36,13.67387333
0.8,14,36,14.0041
0.8,18,36,14.19765067
0.8,23,36,14.732352
0.8,0,36,13.42733333
0.8,5,36,13.538704
0.8,9,36,13.693212
0.8,14,36,14.04480133
0.8,18,36,14.26359333
0.8,23,36,14.81875067
0.8,0,36,13.46959333
0.8,5,36,13.65107067
0.8,9,36,13.757572
0.8,14,36,14.11181067
0.8,18,36,14.32640667
0.8,23,36,14.87093333
0.8,0,36,13.54955333
0.8,5,36,13.70909467
0.8,9,36,13.85532
0.8,14,36,14.21193067
0.8,18,36,14.41134667
0.8,23,36,16.17823867
0.8,0,36,13.68066667
0.8,5,36,14.89623467
0.8,9,36,13.98151733
0.8,14,36,15.30261067
0.8,18,36,14.52362933
0.8,23,36,16.281232
0.8,0,36,13.79899733
0.8,5,36,14.85293067
0.8,9,36,14.06665733
0.8,14,36,14.41532
0.8,18,36,14.173672
0.8,23,36,14.94228933
0.8,0,35,13.29966267
0.8,5,35,13.50224667
0.8,9,35,14.75694133
0.8,14,35,14.057532
0.8,18,35,14.27475333
0.8,23,35,14.89497867
0.8,0,35,13.382996
0.8,5,35,13.548356
0.8,9,35,13.689656
0.8,14,35,14.077972
0.8,18,35,14.24008267
0.8,23,35,14.94131733
0.8,0,35,13.47462267
0.8,5,35,13.63464267
0.8,9,35,13.79269067
0.8,14,35,15.01305867
0.8,18,35,14.50093467
0.8,23,35,15.03745067
0.8,0,35,13.51670667
0.8,5,35,13.72954933
0.8,9,35,13.85758667
0.8,14,35,14.22234133
0.8,18,35,14.413644
0.8,23,35,15.14219333
0.8,0,35,13.70529067
0.8,5,35,13.83663733
0.8,9,35,13.99800133
0.8,14,35,14.357936
0.8,18,35,14.54071733
0.8,23,35,15.331972
0.8,0,35,13.81892933
0.8,5,35,13.91945333
0.8,9,35,14.09134133
0.8,14,35,14.40824267
0.8,18,35,14.64653333
0.8,23,35,15.48703333
0.8,0,34,13.355728
0.8,5,34,13.51792533
0.8,9,34,13.64992533
0.8,14,34,13.97997467
0.8,18,34,14.22829333
0.8,23,34,15.00145467
0.8,0,34,13.40815867
0.8,5,34,13.58831467
0.8,9,34,13.716252
0.8,14,34,14.117124
0.8,18,34,15.47371333
0.8,23,34,15.17969733
0.8,0,34,13.51591467
0.8,5,34,13.62483067
0.8,9,34,13.737468
0.8,14,34,14.113684
0.8,18,34,14.32554667
0.8,23,34,15.17478267
0.8,0,34,13.61053067
0.8,5,34,13.77617333
0.8,9,34,13.84879333
0.8,14,34,14.18476
0.8,18,34,14.41361733
0.8,23,34,15.39066933
0.8,0,34,13.68320133
0.8,5,34,13.87728133
0.8,9,34,13.97649067
0.8,14,34,14.317896
0.8,18,34,14.529356
0.8,23,34,15.52435333
0.8,0,34,13.77781333
0.8,5,34,13.92919733
0.8,9,34,13.51004133
0.8,14,34,14.00485067
0.8,18,34,14.23883867
0.8,23,34,15.33525067
0.8,0,33,13.35386933
0.8,5,33,13.505512
0.8,9,33,13.64895067
0.8,14,33,14.021916
0.8,18,33,14.27954267
0.8,23,33,15.368692
0.8,0,33,13.41907867
0.8,5,33,13.54386133
0.8,9,33,13.702328
0.8,14,33,14.06127067
0.8,18,33,14.381184
0.8,23,33,15.394152
0.8,0,33,14.55806667
0.8,5,33,13.59039067
0.8,9,33,13.775404
0.8,14,33,14.14444267
0.8,18,33,15.61984933
0.8,23,33,15.49579067
0.8,0,33,13.54143067
0.8,5,33,13.684624
0.8,9,33,13.90090267
0.8,14,33,14.21111867
0.8,18,33,14.50874
0.8,23,33,15.60010667
0.8,0,33,13.69747467
0.8,5,33,13.86923867
0.8,9,33,14.01220133
0.8,14,33,14.33369733
0.8,18,33,14.65285867
0.8,23,33,15.71302
0.8,0,33,13.77054267
0.8,5,33,13.93543333
0.8,9,33,14.09946267
0.8,14,33,14.412728
0.8,18,33,14.76266267
0.8,23,33,15.83294533
0.8,0,32,13.35585733
0.8,5,32,13.49568
0.8,9,32,13.63376533
0.8,14,32,13.97296533
0.8,18,32,14.42066133
0.8,0,32,13.14005467
0.8,5,32,13.30555067
0.8,9,32,13.45108267
0.8,14,32,13.79195333
0.8,18,32,14.29336267
0.8,0,32,13.22323867
0.8,5,32,13.34649467
0.8,9,32,13.53548267
0.8,14,32,13.875964
0.8,18,32,14.28956267
0.8,0,32,13.34366667
0.8,5,32,13.452592
0.8,9,32,13.680292
0.8,14,32,14.00812267
0.8,18,32,14.38740267
0.8,0,32,13.381532
0.8,5,32,13.501852
0.8,9,32,13.669496
0.8,14,32,14.09583067
0.8,18,32,14.48507067
0.8,0,32,13.40624
0.8,5,32,13.56954
0.8,9,32,13.709104
0.8,14,32,14.05714267
0.8,18,32,14.56994267
0.8,0,31,13.349004
0.8,5,31,13.467188
0.8,9,31,13.58727467
0.8,14,31,14.08888133
0.8,18,31,14.50097867
0.8,0,31,14.40300267
0.8,5,31,13.546312
0.8,9,31,14.67163733
0.8,14,31,14.14679867
0.8,18,31,15.32127733
0.8,0,31,13.48252
0.8,5,31,13.6406
0.8,9,31,13.78875733
0.8,14,31,14.22988133
0.8,18,31,14.62282267
0.8,0,31,13.55847067
0.8,5,31,14.335444
0.8,9,31,14.09581333
0.8,14,31,14.29999867
0.8,18,31,14.705844
0.8,0,31,13.658464
0.8,5,31,13.77163733
0.8,9,31,13.96676667
0.8,14,31,14.43956267
0.8,18,31,14.854456
0.8,0,31,13.76538133
0.8,5,31,13.928172
0.8,9,31,14.038468
0.8,14,31,14.55095333
0.8,18,31,15.08235067
0.8,0,30,13.34204
0.8,5,30,13.41026267
0.8,9,30,13.67915333
0.8,14,30,14.12509067
0.8,18,30,14.57679467
0.8,0,30,13.385524
0.8,5,30,13.49640133
0.8,9,30,13.676144
0.8,14,30,14.12591333
0.8,18,30,14.563532
0.8,0,30,13.470432
0.8,5,30,13.54120667
0.8,9,30,13.725328
0.8,14,30,14.21782
0.8,18,30,14.72021867
0.8,0,30,13.51352267
0.8,5,30,13.636528
0.8,9,30,13.801016
0.8,14,30,14.29414667
0.8,18,30,14.833084
0.8,0,30,13.639388
0.8,5,30,13.764092
0.8,9,30,13.86391867
0.8,14,30,14.43726933
0.8,18,30,15.07119467
0.8,0,30,13.73292
0.8,5,30,13.862716
0.8,9,30,13.993688
0.8,14,30,14.51164
0.8,18,30,15.27922667
0.8,0,29,13.25439867
0.8,5,29,13.36986133
0.8,9,29,13.64960133
0.8,14,29,14.150304
0.8,18,29,15.14615867
0.8,0,29,14.54964533
0.8,5,29,13.60728667
0.8,9,29,13.66937867
0.8,14,29,14.248312
0.8,18,29,15.187704
0.8,0,29,13.483476
0.8,5,29,13.59220133
0.8,9,29,13.69736
0.8,14,29,14.24629067
0.8,18,29,15.31091867
0.8,0,29,13.537324
0.8,5,29,13.67565333
0.8,9,29,13.76369333
0.8,14,29,14.31729467
0.8,18,29,15.427516
0.8,0,29,14.65517333
0.8,5,29,13.77991733
0.8,9,29,13.91962133
0.8,14,29,14.47411067
0.8,18,29,15.56378933
0.8,0,29,13.73653733
0.8,5,29,13.87987467
0.8,9,29,14.02493333
0.8,14,29,14.61754267
0.8,18,29,15.19354667
0.8,0,28,13.180104
0.8,5,28,13.51948
0.8,9,28,13.63904533
0.8,14,28,14.20205733
0.8,0,28,13.121512
0.8,5,28,13.24758667
0.8,9,28,13.41573067
0.8,14,28,13.99733067
0.8,0,28,13.167136
0.8,5,28,13.33852
0.8,9,28,13.42715733
0.8,14,28,14.06188267
0.8,0,28,13.22934533
0.8,5,28,13.380824
0.8,9,28,13.46505067
0.8,14,28,14.05055067
0.8,0,28,13.37987333
0.8,5,28,13.50564
0.8,9,28,13.59737333
0.8,14,28,14.29524933
0.8,0,28,13.35999067
0.8,5,28,13.53312133
0.8,9,28,13.60132267
0.8,14,28,14.311744
0.8,0,27,13.349256
0.8,5,27,13.52460933
0.8,9,27,13.66563467
0.8,14,27,14.26598667
0.8,0,27,13.39594667
0.8,5,27,13.53245067
0.8,9,27,13.557612
0.8,14,27,14.24796267
0.8,0,27,13.470508
0.8,5,27,13.593876
0.8,9,27,13.806372
0.8,14,27,14.421348
0.8,0,27,13.50050933
0.8,5,27,13.660728
0.8,9,27,13.77419733
0.8,14,27,14.529676
0.8,0,27,13.62519333
0.8,5,27,13.817556
0.8,9,27,13.960368
0.8,14,27,14.73456933
0.8,0,27,13.781416
0.8,5,27,13.89168667
0.8,9,27,14.064936
0.8,14,27,14.91898667
0.8,0,26,13.30211467
0.8,5,26,13.493656
0.8,9,26,13.719996
0.8,14,26,14.66665333
0.8,0,26,13.40701067
0.8,5,26,13.51929467
0.8,9,26,13.69224533
0.8,14,26,14.71988933
0.8,0,26,13.455896
0.8,5,26,13.63750133
0.8,9,26,13.809432
0.8,14,26,14.83295467
0.8,0,26,13.50807333
0.8,5,26,13.736808
0.8,9,26,13.86599333
0.8,14,26,14.916548
0.8,0,26,13.65676667
0.8,5,26,13.77150667
0.8,9,26,13.97746
0.8,14,26,15.084364
0.8,0,26,13.73776133
0.8,5,26,13.877712
0.8,9,26,13.993496
0.8,14,26,15.234924
0.8,0,25,13.37201867
0.8,5,25,13.44450933
0.8,9,25,13.739056
0.8,0,25,13.155456
0.8,5,25,13.267636
0.8,9,25,13.48595733
0.8,0,25,13.17279467
0.8,5,25,13.33788267
0.8,9,25,13.540316
0.8,0,25,13.07722267
0.8,5,25,13.377628
0.8,9,25,13.628096
0.8,0,25,13.35474267
0.8,5,25,13.51932667
0.8,9,25,13.72094933
0.8,0,25,13.35688267
0.8,5,25,13.49919333
0.8,9,25,13.71355467
0.8,0,24,13.34379067
0.8,5,24,13.49657467
0.8,9,24,13.74941467
0.8,0,24,13.392064
0.8,5,24,13.52253333
0.8,9,24,13.78752667
0.8,0,24,13.461308
0.8,5,24,13.579128
0.8,9,24,13.85194133
0.8,0,24,13.52109333
0.8,5,24,13.63992267
0.8,9,24,13.90610933
0.8,0,24,13.60916667
0.8,5,24,13.788804
0.8,9,24,14.04271467
0.8,0,24,13.72239733
0.8,5,24,13.89833867
0.8,9,24,14.18222533
0.8,0,23,13.34305867
0.8,5,23,13.49118267
0.8,9,23,13.79204267
0.8,0,23,13.42211333
0.8,5,23,13.645044
0.8,9,23,13.84880133
0.8,0,23,13.466424
0.8,5,23,13.65102933
0.8,9,23,13.90083067
0.8,0,23,13.54631067
0.8,5,23,13.75771067
0.8,9,23,14.031652
0.8,0,23,13.67024267
0.8,5,23,13.85334133
0.8,9,23,14.08022133
0.8,0,23,13.73596533
0.8,5,23,13.92477067
0.8,9,23,14.19117467
0.8,0,22,13.32887067
0.8,5,22,13.54555467
0.8,9,22,13.83207467
0.8,0,22,13.38667067
0.8,5,22,13.588564
0.8,9,22,13.92056667
0.8,0,22,13.446928
0.8,5,22,13.643872
0.8,9,22,13.93238267
0.8,0,22,13.53220533
0.8,5,22,13.721832
0.8,9,22,14.04954533
0.8,0,22,13.62531733
0.8,5,22,13.84622933
0.8,9,22,14.11191333
0.8,0,22,13.708704
0.8,5,22,13.85821733
0.8,9,22,14.215408
0.8,0,21,13.342348
0.8,5,21,13.56114
0.8,0,21,13.09301867
0.8,5,21,13.31710533
0.8,0,21,13.20358667
0.8,5,21,13.44893867
0.8,0,21,13.257564
0.8,5,21,13.47663867
0.8,0,21,13.41034
0.8,5,21,13.582136
0.8,0,21,13.374768
0.8,5,21,13.58180533
0.8,0,20,13.40009733
0.8,5,20,13.63912667
0.8,0,20,13.441508
0.8,5,20,13.62724
0.8,0,20,13.44696
0.8,5,20,13.750808
0.8,0,20,13.520064
0.8,5,20,13.75888933
0.8,0,20,13.63854267
0.8,5,20,13.8781
0.8,0,20,13.75734
0.8,5,20,13.99315467
0.4,0,74,13.029392
0.4,5,74,13.107308
0.4,9,74,13.20816533
0.4,14,74,13.35158667
0.4,18,74,13.46137867
0.4,23,74,13.67029333
0.4,0,74,13.083068
0.4,5,74,13.93157333
0.4,9,74,13.44181067
0.4,14,74,13.39032933
0.4,18,74,14.64957067
0.4,23,74,13.701768
0.4,0,74,14.26941867
0.4,5,74,13.218892
0.4,9,74,13.30771733
0.4,14,74,13.48404267
0.4,18,74,13.60093733
0.4,23,74,13.74512
0.4,0,74,13.23380533
0.4,5,74,13.27199867
0.4,9,74,13.37948267
0.4,14,74,13.572016
0.4,18,74,13.65526
0.4,23,74,13.87446133
0.4,0,74,13.30523467
0.4,5,74,13.394672
0.4,9,74,13.51115067
0.4,14,74,13.67351467
0.4,18,74,13.727328
0.4,23,74,13.96923333
0.4,0,74,13.41734667
0.4,5,74,13.53031867
0.4,9,74,13.57806533
0.4,14,74,13.759752
0.4,18,74,13.87163067
0.4,23,74,14.15306267
0.4,0,73,13.01232667
0.4,5,73,13.04681867
0.4,9,73,13.105332
0.4,14,73,13.35176933
0.4,18,73,13.43878267
0.4,23,73,13.829032
0.4,0,73,13.95488133
0.4,5,73,13.17091467
0.4,9,73,13.22917333
0.4,14,73,13.38216
0.4,18,73,13.491284
0.4,23,73,13.69560133
0.4,0,73,13.164036
0.4,5,73,13.18758533
0.4,9,73,13.30653733
0.4,14,73,13.472076
0.4,18,73,13.600368
0.4,23,73,13.79251333
0.4,0,73,13.180164
0.4,5,73,13.25829333
0.4,9,73,13.364332
0.4,14,73,13.499364
0.4,18,73,13.637444
0.4,23,73,13.832432
0.4,0,73,13.339464
0.4,5,73,13.39813067
0.4,9,73,13.49572667
0.4,14,73,13.680856
0.4,18,73,13.73404933
0.4,23,73,14.03071733
0.4,0,73,13.43005733
0.4,5,73,13.492104
0.4,9,73,13.55095333
0.4,14,73,13.764728
0.4,18,73,13.84586533
0.4,23,73,14.11252267
0.4,0,68,13.00675333
0.4,5,68,13.05311867
0.4,9,68,13.117796
0.4,14,68,13.325176
0.4,18,68,13.440008
0.4,23,68,13.66681067
0.4,0,68,13.03991867
0.4,5,68,13.12693067
0.4,9,68,13.24142133
0.4,14,68,13.39849333
0.4,18,68,13.47319333
0.4,23,68,13.68529733
0.4,0,68,13.15951867
0.4,5,68,13.15300267
0.4,9,68,13.27774133
0.4,14,68,13.454068
0.4,18,68,13.516632
0.4,23,68,13.759716
0.4,0,68,13.19662267
0.4,5,68,13.21090933
0.4,9,68,13.357752
0.4,14,68,13.49278267
0.4,18,68,13.61774267
0.4,23,68,13.848584
0.4,0,68,13.303132
0.4,5,68,13.360396
0.4,9,68,13.45650133
0.4,14,68,13.64969467
0.4,18,68,13.74980933
0.4,23,68,14.028604
0.4,0,68,13.421344
0.4,5,68,13.51640667
0.4,9,68,13.60036
0.4,14,68,13.76899467
0.4,18,68,13.78071467
0.4,23,68,15.153844
0.4,0,63,13.08835333
0.4,5,63,14.08880267
0.4,9,63,13.193008
0.4,14,63,13.38745733
0.4,18,63,13.49187067
0.4,23,63,13.63959733
0.4,0,63,13.09008
0.4,5,63,13.17011067
0.4,9,63,13.23657067
0.4,14,63,13.41706933
0.4,18,63,13.55412
0.4,23,63,13.78658
0.4,0,63,13.142176
0.4,5,63,13.22270533
0.4,9,63,13.32145867
0.4,14,63,13.49960667
0.4,18,63,13.611628
0.4,23,63,13.80930933
0.4,0,63,13.20655733
0.4,5,63,13.25461733
0.4,9,63,13.41920133
0.4,14,63,13.5686
0.4,18,63,13.64784933
0.4,23,63,13.92647333
0.4,0,63,13.181612
0.4,5,63,13.12674133
0.4,9,63,13.22704933
0.4,14,63,13.39513467
0.4,18,63,13.48175333
0.4,23,63,13.750824
0.4,0,63,13.092692
0.4,5,63,13.17006533
0.4,9,63,13.20245333
0.4,14,63,13.38608133
0.4,18,63,13.49568533
0.4,23,63,13.825424
0.4,0,58,13.02933467
0.4,5,58,13.06628933
0.4,9,58,13.150692
0.4,14,58,13.36581467
0.4,18,58,13.46251733
0.4,23,58,13.67848267
0.4,0,58,13.04900933
0.4,5,58,13.143056
0.4,9,58,13.18856933
0.4,14,58,13.37776533
0.4,18,58,13.48122267
0.4,23,58,13.72586
0.4,0,58,13.11634933
0.4,5,58,13.208692
0.4,9,58,13.30983467
0.4,14,58,13.50801467
0.4,18,58,13.55230267
0.4,23,58,13.78474
0.4,0,58,13.14077733
0.4,5,58,13.28776
0.4,9,58,13.37249867
0.4,14,58,13.49281067
0.4,18,58,13.640952
0.4,23,58,13.8444
0.4,0,58,13.29215867
0.4,5,58,13.42648
0.4,9,58,13.44051333
0.4,14,58,13.65634533
0.4,18,58,13.74570533
0.4,23,58,14.05203733
0.4,0,58,13.428584
0.4,5,58,13.488252
0.4,9,58,13.57715333
0.4,14,58,13.73159867
0.4,18,58,13.80955867
0.4,23,58,14.11342267
0.4,0,53,13.05879733
0.4,5,53,13.13789333
0.4,9,53,13.15651733
0.4,14,53,13.34219733
0.4,18,53,13.46127867
0.4,23,53,13.71678933
0.4,0,53,13.10761867
0.4,5,53,13.18596133
0.4,9,53,13.28247733
0.4,14,53,13.40475333
0.4,18,53,13.47646133
0.4,23,53,13.72706267
0.4,0,53,13.120416
0.4,5,53,13.191388
0.4,9,53,13.303484
0.4,14,53,13.50977067
0.4,18,53,13.516436
0.4,23,53,13.77915467
0.4,0,53,13.20002533
0.4,5,53,13.30193467
0.4,9,53,13.38585733
0.4,14,53,13.58144133
0.4,18,53,13.64966667
0.4,23,53,13.85294133
0.4,0,53,13.32135333
0.4,5,53,13.42604133
0.4,9,53,13.46538533
0.4,14,53,13.67601867
0.4,18,53,13.73898
0.4,23,53,14.03932
0.4,0,53,13.44057867
0.4,5,53,13.52053067
0.4,9,53,13.56411067
0.4,14,53,13.74271333
0.4,18,53,13.83436667
0.4,23,53,14.095264
0.4,0,48,13.033176
0.4,5,48,13.10143067
0.4,9,48,13.14291333
0.4,14,48,13.35995467
0.4,18,48,13.45377067
0.4,23,48,13.61631333
0.4,0,48,13.032268
0.4,5,48,13.104368
0.4,9,48,13.2158
0.4,14,48,13.36731333
0.4,18,48,13.51410533
0.4,23,48,13.708944
0.4,0,48,13.112744
0.4,5,48,13.18855333
0.4,9,48,13.22607733
0.4,14,48,13.48361733
0.4,18,48,13.55314933
0.4,23,48,13.79885333
0.4,0,48,13.208064
0.4,5,48,13.27794
0.4,9,48,13.34304
0.4,14,48,13.54756533
0.4,18,48,13.64412933
0.4,23,48,13.914336
0.4,0,48,13.34277467
0.4,5,48,13.44223733
0.4,9,48,13.46516533
0.4,14,48,13.68011467
0.4,18,48,13.75712267
0.4,23,48,14.02602133
0.4,0,48,13.40904133
0.4,5,48,13.470856
0.4,9,48,13.54849067
0.4,14,48,13.74886133
0.4,18,48,13.84042667
0.4,23,48,14.18861867
0.4,0,43,13.02732933
0.4,5,43,13.12938
0.4,9,43,13.19356133
0.4,14,43,13.379684
0.4,18,43,13.46230267
0.4,23,43,13.683776
0.4,0,43,13.08006267
0.4,5,43,13.14703867
0.4,9,43,13.15473867
0.4,14,43,13.37597067
0.4,18,43,13.53548
0.4,23,43,13.74499467
0.4,0,43,13.15948133
0.4,5,43,13.23280267
0.4,9,43,13.29122933
0.4,14,43,13.51405067
0.4,18,43,13.58498
0.4,23,43,13.76577867
0.4,0,43,13.20797867
0.4,5,43,13.26025467
0.4,9,43,13.34198
0.4,14,43,13.53878
0.4,18,43,13.61698267
0.4,23,43,13.83390133
0.4,0,43,13.29202267
0.4,5,43,13.325924
0.4,9,43,13.45980133
0.4,14,43,13.62850933
0.4,18,43,13.716652
0.4,23,43,13.97270533
0.4,0,43,13.41984533
0.4,5,43,13.44983333
0.4,9,43,13.55977067
0.4,14,43,13.725684
0.4,18,43,13.810728
0.4,23,43,14.177576
0.4,0,38,12.99280267
0.4,5,38,13.124104
0.4,9,38,13.132608
0.4,14,38,13.34469067
0.4,18,38,13.44007067
0.4,23,38,13.67025333
0.4,0,38,14.061592
0.4,5,38,13.11868933
0.4,9,38,14.28694267
0.4,14,38,13.34737333
0.4,18,38,13.48210267
0.4,23,38,13.725024
0.4,0,38,13.11224933
0.4,5,38,13.212796
0.4,9,38,13.25045067
0.4,14,38,13.46607733
0.4,18,38,13.52203067
0.4,23,38,13.78599067
0.4,0,38,13.21363733
0.4,5,38,13.24388
0.4,9,38,13.32791733
0.4,14,38,13.55461867
0.4,18,38,13.64782133
0.4,23,38,13.82698667
0.4,0,38,13.319584
0.4,5,38,13.36760533
0.4,9,38,13.23197467
0.4,14,38,13.63193467
0.4,18,38,13.76204133
0.4,23,38,14.04626933
0.4,0,38,13.428304
0.4,5,38,13.49314
0.4,9,38,13.601724
0.4,14,38,13.774372
0.4,18,38,13.88172
0.4,23,38,14.18028133
0.4,0,37,13.05174133
0.4,5,37,13.11374667
0.4,9,37,13.172328
0.4,14,37,13.364268
0.4,18,37,13.429132
0.4,23,37,13.70439733
0.4,0,37,13.07330133
0.4,5,37,13.13774667
0.4,9,37,13.199644
0.4,14,37,13.35890267
0.4,18,37,13.523444
0.4,23,37,13.71298
0.4,0,37,13.144836
0.4,5,37,13.22470133
0.4,9,37,13.28737333
0.4,14,37,13.53679067
0.4,18,37,13.60871067
0.4,23,37,13.81915867
0.4,0,37,13.23496133
0.4,5,37,13.31108133
0.4,9,37,13.39757733
0.4,14,37,13.532148
0.4,18,37,13.61574
0.4,23,37,13.89915733
0.4,0,37,13.33987467
0.4,5,37,13.36300667
0.4,9,37,13.493472
0.4,14,37,13.67725333
0.4,18,37,13.757572
0.4,23,37,14.06243067
0.4,0,37,13.440044
0.4,5,37,13.48093467
0.4,9,37,13.56495867
0.4,14,37,13.73945067
0.4,18,37,13.820984
0.4,23,37,14.194828
0.4,0,36,13.04495467
0.4,5,36,13.11066533
0.4,9,36,13.177548
0.4,14,36,13.34022
0.4,18,36,13.44402133
0.4,23,36,13.75636667
0.4,0,36,13.08330267
0.4,5,36,13.09913333
0.4,9,36,13.17328533
0.4,14,36,13.33314533
0.4,18,36,13.493452
0.4,23,36,13.766832
0.4,0,36,13.093664
0.4,5,36,13.19668933
0.4,9,36,13.21921467
0.4,14,36,13.43877067
0.4,18,36,13.53475733
0.4,23,36,13.821008
0.4,0,36,13.166688
0.4,5,36,13.2589
0.4,9,36,13.35424933
0.4,14,36,13.48523067
0.4,18,36,13.62735733
0.4,23,36,13.99019333
0.4,0,36,13.30544133
0.4,5,36,13.32239467
0.4,9,36,13.41786933
0.4,14,36,13.61519467
0.4,18,36,13.71435467
0.4,23,36,14.11723867
0.4,0,36,13.41086933
0.4,5,36,13.44148133
0.4,9,36,13.625164
0.4,14,36,13.78924933
0.4,18,36,13.884384
0.4,23,36,14.30061067
0.4,0,35,13.00085067
0.4,5,35,13.090496
0.4,9,35,13.15420133
0.4,14,35,13.34216133
0.4,18,35,13.45041333
0.4,23,35,13.78612133
0.4,0,35,13.083008
0.4,5,35,13.11128267
0.4,9,35,13.212812
0.4,14,35,13.422404
0.4,18,35,13.51147067
0.4,23,35,13.84054
0.4,0,35,13.13240533
0.4,5,35,13.21929333
0.4,9,35,13.26274533
0.4,14,35,13.44428267
0.4,18,35,13.552972
0.4,23,35,13.916132
0.4,0,35,13.196864
0.4,5,35,13.28236667
0.4,9,35,13.368848
0.4,14,35,14.527436
0.4,18,35,13.649164
0.4,23,35,14.019444
0.4,0,35,13.33109867
0.4,5,35,14.35785867
0.4,9,35,13.44057333
0.4,14,35,13.66378667
0.4,18,35,13.77566533
0.4,23,35,14.26486667
0.4,0,35,14.28881867
0.4,5,35,14.47875733
0.4,9,35,13.53530533
0.4,14,35,13.72197067
0.4,18,35,13.86978133
0.4,23,35,14.31129867
0.4,0,34,13.006288
0.4,5,34,13.10393867
0.4,9,34,13.15841733
0.4,14,34,13.30151867
0.4,18,34,13.443892
0.4,23,34,13.90073067
0.4,0,34,13.085452
0.4,5,34,13.103008
0.4,9,34,13.225064
0.4,14,34,13.35445333
0.4,18,34,13.39407467
0.4,23,34,13.927704
0.4,0,34,13.112656
0.4,5,34,13.13251067
0.4,9,34,13.21504933
0.4,14,34,13.410448
0.4,18,34,13.51389733
0.4,23,34,13.98155867
0.4,0,34,13.16456667
0.4,5,34,13.23249867
0.4,9,34,13.30744667
0.4,14,34,13.50663867
0.4,18,34,13.66764267
0.4,23,34,14.11974533
0.4,0,34,13.29866933
0.4,5,34,13.37305733
0.4,9,34,13.44708533
0.4,14,34,13.60738933
0.4,18,34,13.775968
0.4,23,34,14.26953467
0.4,0,34,13.427132
0.4,5,34,13.527584
0.4,9,34,13.52254933
0.4,14,34,13.77904133
0.4,18,34,13.84989867
0.4,23,34,14.352804
0.4,0,33,13.003712
0.4,5,33,13.07425067
0.4,9,33,13.15206
0.4,14,33,13.33045333
0.4,18,33,13.47749333
0.4,23,33,14.02004133
0.4,0,33,13.03962533
0.4,5,33,13.10332267
0.4,9,33,13.18555067
0.4,14,33,13.354464
0.4,18,33,13.55546267
0.4,23,33,14.030864
0.4,0,33,13.110912
0.4,5,33,13.16171733
0.4,9,33,13.22030667
0.4,14,33,13.44877867
0.4,18,33,13.60039867
0.4,23,33,14.16928
0.4,0,33,13.17894533
0.4,5,33,13.280908
0.4,9,33,13.29366267
0.4,14,33,13.508756
0.4,18,33,13.64749867
0.4,23,33,14.228368
0.4,0,33,13.29903067
0.4,5,33,13.354064
0.4,9,33,13.43704133
0.4,14,33,13.58181867
0.4,18,33,13.762556
0.4,23,33,14.360304
0.4,0,33,13.40616
0.4,5,33,13.45322533
0.4,9,33,13.53761333
0.4,14,33,13.71766533
0.4,18,33,13.8838
0.4,23,33,14.46977867
0.4,0,32,13.05469067
0.4,5,32,13.089656
0.4,9,32,13.14556133
0.4,14,32,13.33499467
0.4,18,32,13.53858133
0.4,0,32,12.78862533
0.4,5,32,12.863128
0.4,9,32,12.94857333
0.4,14,32,13.05811067
0.4,18,32,13.31078
0.4,0,32,12.89240933
0.4,5,32,12.978824
0.4,9,32,12.98933067
0.4,14,32,13.25912667
0.4,18,32,13.393352
0.4,0,32,12.909036
0.4,5,32,12.98402
0.4,9,32,13.09309067
0.4,14,32,13.21037467
0.4,18,32,13.458908
0.4,0,32,13.03238133
0.4,5,32,13.11811067
0.4,9,32,13.19486933
0.4,14,32,13.391636
0.4,18,32,13.589032
0.4,0,32,13.07207467
0.4,5,32,13.12324
0.4,9,32,13.16054
0.4,14,32,13.38736533
0.4,18,32,13.59972933
0.4,0,31,12.910048
0.4,5,31,13.098376
0.4,9,31,13.17499867
0.4,14,31,13.39114533
0.4,18,31,13.57654933
0.4,0,31,13.068504
0.4,5,31,13.14702667
0.4,9,31,13.19406667
0.4,14,31,13.45087067
0.4,18,31,13.60947067
0.4,0,31,13.10667733
0.4,5,31,13.157656
0.4,9,31,13.29529067
0.4,14,31,13.49378533
0.4,18,31,13.67134667
0.4,0,31,13.16065467
0.4,5,31,13.29271067
0.4,9,31,13.39406267
0.4,14,31,13.57145333
0.4,18,31,13.815552
0.4,0,31,13.320848
0.4,5,31,13.375896
0.4,9,31,13.48900267
0.4,14,31,13.67089333
0.4,18,31,13.93530267
0.4,0,31,13.40548
0.4,5,31,13.43568133
0.4,9,31,13.573
0.4,14,31,13.77198
0.4,18,31,14.12064933
0.4,0,30,13.011612
0.4,5,30,13.13258
0.4,9,30,13.10576533
0.4,14,30,13.472768
0.4,18,30,13.702028
0.4,0,30,13.08997867
0.4,5,30,13.13673067
0.4,9,30,13.18514133
0.4,14,30,13.484252
0.4,18,30,13.75443867
0.4,0,30,13.171132
0.4,5,30,13.25785467
0.4,9,30,13.295776
0.4,14,30,13.49694533
0.4,18,30,13.80972533
0.4,0,30,13.22182533
0.4,5,30,13.29501333
0.4,9,30,13.359196
0.4,14,30,13.63482
0.4,18,30,13.87499333
0.4,0,30,13.31346
0.4,5,30,13.42462933
0.4,9,30,13.51058267
0.4,14,30,13.72513867
0.4,18,30,14.06596667
0.4,0,30,13.40272
0.4,5,30,13.49103067
0.4,9,30,13.54554267
0.4,14,30,13.8365
0.4,18,30,14.180068
0.4,0,29,12.95724267
0.4,5,29,13.14037333
0.4,9,29,13.1555
0.4,14,29,13.40853867
0.4,18,29,13.947712
0.4,0,29,13.068304
0.4,5,29,13.15723867
0.4,9,29,13.111948
0.4,14,29,13.43548133
0.4,18,29,13.98452
0.4,0,29,13.10892667
0.4,5,29,13.19971867
0.4,9,29,13.26210133
0.4,14,29,13.53155867
0.4,18,29,15.171988
0.4,0,29,13.24587733
0.4,5,29,13.262532
0.4,9,29,13.36690133
0.4,14,29,13.63945733
0.4,18,29,14.15085867
0.4,0,29,13.311492
0.4,5,29,13.31904533
0.4,9,29,13.472324
0.4,14,29,13.68169867
0.4,18,29,14.24723733
0.4,0,29,13.41776933
0.4,5,29,13.51348533
0.4,9,29,13.56907733
0.4,14,29,13.86822933
0.4,18,29,14.39865867
0.4,0,28,13.010312
0.4,5,28,13.031752
0.4,9,28,13.17753467
0.4,14,28,13.437072
0.4,0,28,12.83644667
0.4,5,28,12.79300133
0.4,9,28,12.96215067
0.4,14,28,13.24223333
0.4,0,28,12.844152
0.4,5,28,12.91705467
0.4,9,28,13.042444
0.4,14,28,13.26186
0.4,0,28,12.922824
0.4,5,28,13.01522933
0.4,9,28,13.07053467
0.4,14,28,13.37700667
0.4,0,28,13.00700133
0.4,5,28,13.11405867
0.4,9,28,13.13399333
0.4,14,28,13.44970533
0.4,0,28,12.99869067
0.4,5,28,13.057364
0.4,9,28,13.14668133
0.4,14,28,13.39213333
0.4,0,27,13.057956
0.4,5,27,13.099304
0.4,9,27,13.13301867
0.4,14,27,13.517032
0.4,0,27,13.08840133
0.4,5,27,13.11200133
0.4,9,27,13.26248133
0.4,14,27,13.55406
0.4,0,27,13.16164
0.4,5,27,13.20500533
0.4,9,27,13.290736
0.4,14,27,13.61511333
0.4,0,27,13.182244
0.4,5,27,13.28655067
0.4,9,27,13.36955467
0.4,14,27,13.68214933
0.4,0,27,13.338912
0.4,5,27,13.39450533
0.4,9,27,13.46383467
0.4,14,27,13.90962667
0.4,0,27,13.504188
0.4,5,27,13.52743067
0.4,9,27,13.60256267
0.4,14,27,14.07999333
0.4,0,26,12.9502
0.4,5,26,13.126724
0.4,9,26,13.08445333
0.4,14,26,13.713436
0.4,0,26,13.09581067
0.4,5,26,13.13409333
0.4,9,26,13.20044133
0.4,14,26,13.706848
0.4,0,26,13.12425067
0.4,5,26,13.15156933
0.4,9,26,13.25329333
0.4,14,26,13.726564
0.4,0,26,13.154412
0.4,5,26,13.27454267
0.4,9,26,13.31719733
0.4,14,26,13.80968533
0.4,0,26,13.31579067
0.4,5,26,13.35055067
0.4,9,26,13.460348
0.4,14,26,14.042368
0.4,0,26,13.371272
0.4,5,26,13.405448
0.4,9,26,14.344008
0.4,14,26,14.258528
0.4,0,25,13.32013867
0.4,5,25,13.72334267
0.4,9,25,13.22795733
0.4,0,25,12.82570667
0.4,5,25,12.92024533
0.4,9,25,12.9714
0.4,0,25,12.856124
0.4,5,25,12.82221867
0.4,9,25,12.99462933
0.4,0,25,12.92141067
0.4,5,25,13.002908
0.4,9,25,13.142292
0.4,0,25,13.06582133
0.4,5,25,13.12587733
0.4,9,25,13.225268
0.4,0,25,12.96431867
0.4,5,25,12.97894667
0.4,9,25,13.165968
0.4,0,24,12.877276
0.4,5,24,13.12233867
0.4,9,24,13.21758667
0.4,0,24,13.09527067
0.4,5,24,13.12030133
0.4,9,24,13.256396
0.4,0,24,13.11885333
0.4,5,24,13.11222267
0.4,9,24,13.33285467
0.4,0,24,13.19203467
0.4,5,24,13.23041867
0.4,9,24,13.406604
0.4,0,24,13.28325467
0.4,5,24,13.39418
0.4,9,24,13.49741333
0.4,0,24,13.34597067
0.4,5,24,13.48398533
0.4,9,24,13.59895867
0.4,0,23,12.84720133
0.4,5,23,13.10841333
0.4,9,23,13.23947733
0.4,0,23,13.07333733
0.4,5,23,13.06631733
0.4,9,23,13.23878533
0.4,0,23,13.09786
0.4,5,23,13.18282533
0.4,9,23,13.33262933
0.4,0,23,13.12837733
0.4,5,23,13.24016933
0.4,9,23,13.436944
0.4,0,23,13.32322
0.4,5,23,13.308776
0.4,9,23,13.558164
0.4,0,23,13.38532533
0.4,5,23,13.50542933
0.4,9,23,13.64306133
0.4,0,22,12.89979867
0.4,5,22,13.12983067
0.4,9,22,13.22994133
0.4,0,22,13.03270933
0.4,5,22,13.07690133
0.4,9,22,13.3356
0.4,0,22,13.05299067
0.4,5,22,13.20479467
0.4,9,22,13.27267733
0.4,0,22,13.201568
0.4,5,22,13.26380133
0.4,9,22,13.49373867
0.4,0,22,13.31029067
0.4,5,22,13.33449333
0.4,9,22,13.59009333
0.4,0,22,13.39360533
0.4,5,22,13.53470533
0.4,9,22,13.669376
0.4,0,21,13.80750267
0.4,5,21,13.31998933
0.4,0,21,12.76126667
0.4,5,21,12.86249733
0.4,0,21,12.759648
0.4,5,21,12.97043067
0.4,0,21,12.89805067
0.4,5,21,13.02698533
0.4,0,21,13.01036
0.4,5,21,13.13533733
0.4,0,21,12.88198267
0.4,5,21,13.11810133
0.4,0,20,12.968452
0.4,5,20,13.14554133
0.4,0,20,12.995808
0.4,5,20,13.178716
0.4,0,20,13.00713067
0.4,5,20,13.24400267
0.4,0,20,13.186768
0.4,5,20,13.17502267
0.4,0,20,13.273596
0.4,5,20,13.341472
0.4,0,20,13.42707733
0.4,5,20,13.45976267
1.0,0,74,13.27243467
1.0,5,74,13.54658267
1.0,9,74,13.798728
1.0,14,74,14.21685333
1.0,18,74,14.434432
1.0,23,74,14.944064
1.0,0,74,13.467284
1.0,5,74,13.66604533
1.0,9,74,13.798264
1.0,14,74,14.17015333
1.0,18,74,14.46038267
1.0,23,74,14.98061067
1.0,0,74,13.453396
1.0,5,74,13.63420133
1.0,9,74,13.78410533
1.0,14,74,15.16918667
1.0,18,74,14.48275333
1.0,23,74,15.06357467
1.0,0,74,13.54154933
1.0,5,74,13.70904667
1.0,9,74,15.04214533
1.0,14,74,14.31604533
1.0,18,74,14.58102667
1.0,23,74,15.05373733
1.0,0,74,13.62556
1.0,5,74,13.755908
1.0,9,74,13.94794533
1.0,14,74,14.39487333
1.0,18,74,14.59880267
1.0,23,74,15.142508
1.0,0,74,13.665548
1.0,5,74,13.82289733
1.0,9,74,14.02109867
1.0,14,74,14.44651733
1.0,18,74,14.707972
1.0,23,74,15.358544
1.0,0,73,13.37831333
1.0,5,73,13.48944667
1.0,9,73,13.78418667
1.0,14,73,14.23362
1.0,18,73,14.4266
1.0,23,73,14.927632
1.0,0,73,13.42205067
1.0,5,73,14.71896133
1.0,9,73,13.80140933
1.0,14,73,14.22453333
1.0,18,73,14.439164
1.0,23,73,14.951708
1.0,0,73,13.462164
1.0,5,73,13.580952
1.0,9,73,13.788928
1.0,14,73,14.256936
1.0,18,73,14.48663333
1.0,23,73,15.07474533
1.0,0,73,13.51165867
1.0,5,73,13.68326267
1.0,9,73,13.86224133
1.0,14,73,14.21549467
1.0,18,73,14.552772
1.0,23,73,15.06563067
1.0,0,73,13.620156
1.0,5,73,13.78596267
1.0,9,73,13.957708
1.0,14,73,14.31434133
1.0,18,73,14.57457867
1.0,23,73,15.22283067
1.0,0,73,13.65493733
1.0,5,73,13.86382
1.0,9,73,14.01513067
1.0,14,73,14.40942267
1.0,18,73,14.654184
1.0,23,73,15.37723867
1.0,0,68,13.360104
1.0,5,68,13.556252
1.0,9,68,13.75256533
1.0,14,68,14.173016
1.0,18,68,14.45552533
1.0,23,68,14.99150933
1.0,0,68,13.44531467
1.0,5,68,13.55507867
1.0,9,68,13.73407733
1.0,14,68,14.22776533
1.0,18,68,14.42259733
1.0,23,68,14.98876267
1.0,0,68,13.467712
1.0,5,68,13.57508133
1.0,9,68,13.775276
1.0,14,68,15.300364
1.0,18,68,14.540368
1.0,23,68,15.02548667
1.0,0,68,13.505792
1.0,5,68,13.656836
1.0,9,68,13.889456
1.0,14,68,14.27386933
1.0,18,68,14.56968667
1.0,23,68,15.07103867
1.0,0,68,13.57960267
1.0,5,68,13.78950267
1.0,9,68,13.89634533
1.0,14,68,14.39086133
1.0,18,68,14.63091333
1.0,23,68,15.16172533
1.0,0,68,13.59308533
1.0,5,68,13.83083467
1.0,9,68,13.91532933
1.0,14,68,14.39817067
1.0,18,68,14.68767067
1.0,23,68,15.304408
1.0,0,63,13.37657333
1.0,5,63,13.756296
1.0,9,63,14.57430133
1.0,14,63,14.191084
1.0,18,63,14.38922667
1.0,23,63,14.94261333
1.0,0,63,13.43033333
1.0,5,63,13.54329067
1.0,9,63,13.74095067
1.0,14,63,14.23136133
1.0,18,63,14.42107067
1.0,23,63,14.98079067
1.0,0,63,13.445852
1.0,5,63,13.60124667
1.0,9,63,13.73607067
1.0,14,63,14.22721333
1.0,18,63,14.442152
1.0,23,63,15.02283867
1.0,0,63,13.517472
1.0,5,63,13.66047067
1.0,9,63,13.81077867
1.0,14,63,14.24201733
1.0,18,63,14.50068
1.0,23,63,15.09668533
1.0,0,63,13.57193067
1.0,5,63,13.77128933
1.0,9,63,13.93698933
1.0,14,63,14.286884
1.0,18,63,14.55789867
1.0,23,63,15.16263867
1.0,0,63,13.56760267
1.0,5,63,13.79082133
1.0,9,63,14.014084
1.0,14,63,14.453052
1.0,18,63,14.72431733
1.0,23,63,15.37677733
1.0,0,58,13.37601333
1.0,5,58,13.46508533
1.0,9,58,13.75916267
1.0,14,58,14.14964267
1.0,18,58,14.41483733
1.0,23,58,14.96972267
1.0,0,58,13.466264
1.0,5,58,13.60890133
1.0,9,58,13.74044267
1.0,14,58,14.240024
1.0,18,58,14.43331467
1.0,23,58,14.95433467
1.0,0,58,13.47182667
1.0,5,58,13.61810667
1.0,9,58,13.705104
1.0,14,58,14.231512
1.0,18,58,14.455384
1.0,23,58,14.99010133
1.0,0,58,13.49685867
1.0,5,58,13.69465467
1.0,9,58,13.83663067
1.0,14,58,14.25123867
1.0,18,58,14.530056
1.0,23,58,15.05540267
1.0,0,58,13.57032133
1.0,5,58,13.755932
1.0,9,58,13.90485067
1.0,14,58,14.36804667
1.0,18,58,14.56181467
1.0,23,58,15.15871867
1.0,0,58,13.622052
1.0,5,58,13.834872
1.0,9,58,13.98291067
1.0,14,58,14.39495067
1.0,18,58,14.63906533
1.0,23,58,15.34296933
1.0,0,53,13.41282933
1.0,5,53,13.49435467
1.0,9,53,13.73772667
1.0,14,53,14.16306267
1.0,18,53,14.39669467
1.0,23,53,14.942332
1.0,0,53,13.41351733
1.0,5,53,13.51442533
1.0,9,53,13.77060267
1.0,14,53,14.16988267
1.0,18,53,14.42650667
1.0,23,53,15.00222533
1.0,0,53,13.42053333
1.0,5,53,13.615764
1.0,9,53,13.646668
1.0,14,53,14.20030533
1.0,18,53,14.439656
1.0,23,53,15.04758933
1.0,0,53,13.48688
1.0,5,53,13.669336
1.0,9,53,13.824128
1.0,14,53,14.26181333
1.0,18,53,14.51984533
1.0,23,53,15.07286267
1.0,0,53,13.53357867
1.0,5,53,13.78706533
1.0,9,53,13.95089067
1.0,14,53,14.33004933
1.0,18,53,14.533448
1.0,23,53,15.142848
1.0,0,53,13.61770667
1.0,5,53,13.771964
1.0,9,53,14.02420267
1.0,14,53,14.451196
1.0,18,53,14.70569467
1.0,23,53,15.371388
1.0,0,48,13.37405067
1.0,5,48,13.47839467
1.0,9,48,13.749752
1.0,14,48,14.153312
1.0,18,48,14.372976
1.0,23,48,14.90848533
1.0,0,48,13.373604
1.0,5,48,13.545188
1.0,9,48,13.61909067
1.0,14,48,14.19462267
1.0,18,48,14.45030533
1.0,23,48,14.95924667
1.0,0,48,13.42177333
1.0,5,48,13.59942
1.0,9,48,13.76943733
1.0,14,48,14.25295867
1.0,18,48,14.46527467
1.0,23,48,14.9739
1.0,0,48,13.46891467
1.0,5,48,13.653136
1.0,9,48,13.81478267
1.0,14,48,14.23566267
1.0,18,48,14.472364
1.0,23,48,14.990768
1.0,0,48,13.5262
1.0,5,48,13.68545333
1.0,9,48,13.86821067
1.0,14,48,14.31362933
1.0,18,48,14.52338133
1.0,23,48,15.15218267
1.0,0,48,13.59260933
1.0,5,48,13.73262
1.0,9,48,14.01734267
1.0,14,48,14.44311867
1.0,18,48,14.64460133
1.0,23,48,15.26044
1.0,0,43,13.35949867
1.0,5,43,13.534912
1.0,9,43,13.73040667
1.0,14,43,14.117492
1.0,18,43,14.34522533
1.0,23,43,14.91913733
1.0,0,43,13.39568667
1.0,5,43,13.557888
1.0,9,43,13.77007333
1.0,14,43,14.19074533
1.0,18,43,14.423464
1.0,23,43,14.99707867
1.0,0,43,13.440112
1.0,5,43,13.59525467
1.0,9,43,13.78826667
1.0,14,43,14.209288
1.0,18,43,14.46158933
1.0,23,43,15.026528
1.0,0,43,13.48724933
1.0,5,43,13.63671067
1.0,9,43,13.85392533
1.0,14,43,14.279016
1.0,18,43,14.50805067
1.0,23,43,15.07239333
1.0,0,43,13.598904
1.0,5,43,13.76468267
1.0,9,43,13.92457733
1.0,14,43,14.34084267
1.0,18,43,14.606668
1.0,23,43,15.17133067
1.0,0,43,13.616052
1.0,5,43,13.77854933
1.0,9,43,14.019376
1.0,14,43,14.43092533
1.0,18,43,14.68557867
1.0,23,43,15.32316533
1.0,0,38,13.344808
1.0,5,38,14.57024933
1.0,9,38,13.72116933
1.0,14,38,14.13652933
1.0,18,38,14.362276
1.0,23,38,14.87908667
1.0,0,38,13.392624
1.0,5,38,13.55987467
1.0,9,38,13.73482667
1.0,14,38,14.183424
1.0,18,38,14.40247067
1.0,23,38,14.91580533
1.0,0,38,13.438368
1.0,5,38,13.612588
1.0,9,38,13.76445733
1.0,14,38,14.18466133
1.0,18,38,14.43020267
1.0,23,38,14.96630133
1.0,0,38,13.4567
1.0,5,38,13.661824
1.0,9,38,13.81853867
1.0,14,38,14.25994533
1.0,18,38,14.49012133
1.0,23,38,15.021356
1.0,0,38,13.58617467
1.0,5,38,13.73117867
1.0,9,38,13.89624933
1.0,14,38,14.31712667
1.0,18,38,14.52763333
1.0,23,38,15.19949467
1.0,0,38,13.643736
1.0,5,38,13.78702
1.0,9,38,13.97548667
1.0,14,38,14.40775467
1.0,18,38,14.648764
1.0,23,38,15.28902267
1.0,0,37,13.392968
1.0,5,37,13.53688667
1.0,9,37,13.69592133
1.0,14,37,14.14031333
1.0,18,37,14.39874267
1.0,23,37,14.95240933
1.0,0,37,13.383528
1.0,5,37,13.585304
1.0,9,37,13.73336667
1.0,14,37,14.22645867
1.0,18,37,14.44408667
1.0,23,37,14.96705733
1.0,0,37,13.423452
1.0,5,37,13.56412667
1.0,9,37,13.74529333
1.0,14,37,14.196188
1.0,18,37,14.47794933
1.0,23,37,15.06436667
1.0,0,37,13.43987467
1.0,5,37,13.652764
1.0,9,37,13.80761467
1.0,14,37,14.25682667
1.0,18,37,14.52680667
1.0,23,37,15.101248
1.0,0,37,13.54551867
1.0,5,37,13.729028
1.0,9,37,13.91353467
1.0,14,37,14.314176
1.0,18,37,14.585452
1.0,23,37,15.266364
1.0,0,37,13.64000667
1.0,5,37,13.739648
1.0,9,37,13.92961733
1.0,14,37,14.365984
1.0,18,37,14.65304
1.0,23,37,15.359064
1.0,0,36,13.36674
1.0,5,36,13.518148
1.0,9,36,13.69414267
1.0,14,36,14.10141067
1.0,18,36,14.355096
1.0,23,36,15.00165333
1.0,0,36,13.410352
1.0,5,36,13.53744667
1.0,9,36,13.71997333
1.0,14,36,14.149164
1.0,18,36,14.37401867
1.0,23,36,15.01885067
1.0,0,36,13.39321867
1.0,5,36,13.590124
1.0,9,36,13.766312
1.0,14,36,14.15109867
1.0,18,36,14.43684
1.0,23,36,15.12464133
1.0,0,36,13.4776
1.0,5,36,13.64593467
1.0,9,36,13.84846533
1.0,14,36,14.27604533
1.0,18,36,14.442256
1.0,23,36,15.15396
1.0,0,36,13.525676
1.0,5,36,13.70315467
1.0,9,36,13.88692
1.0,14,36,14.31603867
1.0,18,36,14.59334933
1.0,23,36,15.36044667
1.0,0,36,13.647784
1.0,5,36,13.77263867
1.0,9,36,13.95297867
1.0,14,36,14.406588
1.0,18,36,14.61628667
1.0,23,36,15.45158933
1.0,0,35,13.37003067
1.0,5,35,13.54494133
1.0,9,35,13.744768
1.0,14,35,14.19875467
1.0,18,35,14.43046
1.0,23,35,15.15669467
1.0,0,35,13.444816
1.0,5,35,13.567768
1.0,9,35,13.74235867
1.0,14,35,14.20542667
1.0,18,35,14.39099867
1.0,23,35,15.158532
1.0,0,35,13.42044533
1.0,5,35,13.618976
1.0,9,35,13.82817067
1.0,14,35,14.19930533
1.0,18,35,14.46892933
1.0,23,35,15.24783333
1.0,0,35,13.48091467
1.0,5,35,13.66066133
1.0,9,35,13.83205467
1.0,14,35,14.281296
1.0,18,35,14.51542667
1.0,23,35,15.05010133
1.0,0,35,13.253632
1.0,5,35,13.46450667
1.0,9,35,13.647316
1.0,14,35,14.08353067
1.0,18,35,14.29132267
1.0,23,35,15.22659067
1.0,0,35,13.3195
1.0,5,35,13.50071333
1.0,9,35,13.71185867
1.0,14,35,14.091036
1.0,18,35,14.32893333
1.0,23,35,15.26567733
1.0,0,34,13.34816267
1.0,5,34,13.54386267
1.0,9,34,13.767612
1.0,14,34,14.23194133
1.0,18,34,14.49883467
1.0,23,34,15.43673867
1.0,0,34,13.44827333
1.0,5,34,13.49954667
1.0,9,34,13.75572267
1.0,14,34,14.22736133
1.0,18,34,14.45678133
1.0,23,34,15.460944
1.0,0,34,13.42668933
1.0,5,34,13.63515333
1.0,9,34,13.79839333
1.0,14,34,14.23151333
1.0,18,34,14.54429733
1.0,23,34,15.55267467
1.0,0,34,13.577916
1.0,5,34,13.716428
1.0,9,34,13.862588
1.0,14,34,14.27094667
1.0,18,34,14.55882667
1.0,23,34,15.62040933
1.0,0,34,13.564968
1.0,5,34,13.71816667
1.0,9,34,13.94033867
1.0,14,34,14.377812
1.0,18,34,14.62534
1.0,23,34,15.702548
1.0,0,34,13.65653733
1.0,5,34,13.84173067
1.0,9,34,14.02148933
1.0,14,34,14.43746267
1.0,18,34,14.74431067
1.0,23,34,15.80239867
1.0,0,33,13.301628
1.0,5,33,13.52854933
1.0,9,33,13.72299067
1.0,14,33,14.16926933
1.0,18,33,14.52750267
1.0,23,33,15.70026533
1.0,0,33,13.39866533
1.0,5,33,13.56267867
1.0,9,33,13.79028667
1.0,14,33,14.22952533
1.0,18,33,14.52722
1.0,23,33,15.729512
1.0,0,33,13.44181067
1.0,5,33,13.59884133
1.0,9,33,13.7923
1.0,14,33,14.22480667
1.0,18,33,14.58341733
1.0,23,33,15.78917467
1.0,0,33,13.453756
1.0,5,33,13.62188267
1.0,9,33,13.840952
1.0,14,33,14.274204
1.0,18,33,14.67976533
1.0,23,33,15.78271867
1.0,0,33,13.59936667
1.0,5,33,13.67468267
1.0,9,33,13.903332
1.0,14,33,14.39025733
1.0,18,33,14.73670533
1.0,23,33,15.93159733
1.0,0,33,13.62084133
1.0,5,33,13.953144
1.0,9,33,14.184948
1.0,14,33,14.11417867
1.0,18,33,14.49346267
1.0,23,33,15.683892
1.0,0,32,13.37083067
1.0,5,32,13.549552
1.0,9,32,13.722676
1.0,14,32,14.203896
1.0,18,32,14.641848
1.0,0,32,13.15445333
1.0,5,32,13.32443333
1.0,9,32,13.506868
1.0,14,32,14.01192533
1.0,18,32,14.464556
1.0,0,32,13.18151733
1.0,5,32,13.342808
1.0,9,32,13.53393867
1.0,14,32,14.018096
1.0,18,32,14.46075867
1.0,0,32,13.224772
1.0,5,32,13.413132
1.0,9,32,13.579788
1.0,14,32,14.01993733
1.0,18,32,14.47381867
1.0,0,32,13.314872
1.0,5,32,13.46104
1.0,9,32,13.654044
1.0,14,32,14.100036
1.0,18,32,14.60960267
1.0,0,32,13.33534133
1.0,5,32,13.495996
1.0,9,32,13.683652
1.0,14,32,14.16860933
1.0,18,32,14.659276
1.0,0,31,13.40500533
1.0,5,31,13.570628
1.0,9,31,13.75766267
1.0,14,31,14.277768
1.0,18,31,14.72062267
1.0,0,31,13.40149467
1.0,5,31,13.54702
1.0,9,31,13.75807733
1.0,14,31,14.25435733
1.0,18,31,14.714568
1.0,0,31,13.457504
1.0,5,31,13.63883867
1.0,9,31,13.83700133
1.0,14,31,14.34628267
1.0,18,31,14.77516533
1.0,0,31,13.51297333
1.0,5,31,13.70929067
1.0,9,31,13.87830133
1.0,14,31,14.365616
1.0,18,31,14.85360933
1.0,0,31,13.56641067
1.0,5,31,13.71817733
1.0,9,31,13.933028
1.0,14,31,14.40604267
1.0,18,31,14.902172
1.0,0,31,13.59710933
1.0,5,31,13.77807333
1.0,9,31,13.91370933
1.0,14,31,14.47442533
1.0,18,31,15.091048
1.0,0,30,13.33351733
1.0,5,30,13.50959733
1.0,9,30,13.701784
1.0,14,30,14.283748
1.0,18,30,14.78629467
1.0,0,30,13.374404
1.0,5,30,13.58161867
1.0,9,30,13.74158667
1.0,14,30,14.33236133
1.0,18,30,14.821048
1.0,0,30,13.44037867
1.0,5,30,13.63206933
1.0,9,30,13.789836
1.0,14,30,14.35227467
1.0,18,30,14.89908667
1.0,0,30,13.46788267
1.0,5,30,13.636896
1.0,9,30,13.788
1.0,14,30,14.43917067
1.0,18,30,15.02888
1.0,0,30,13.56711733
1.0,5,30,13.74
1.0,9,30,13.95924133
1.0,14,30,14.55467467
1.0,18,30,14.895416
1.0,0,30,13.26682267
1.0,5,30,13.441108
1.0,9,30,13.659236
1.0,14,30,14.269556
1.0,18,30,14.94997067
1.0,0,29,13.36553333
1.0,5,29,13.54102267
1.0,9,29,13.740764
1.0,14,29,14.333244
1.0,18,29,15.42153467
1.0,0,29,13.39328267
1.0,5,29,13.597432
1.0,9,29,13.73854933
1.0,14,29,14.35779467
1.0,18,29,15.48043333
1.0,0,29,13.42210667
1.0,5,29,13.62543733
1.0,9,29,13.79837867
1.0,14,29,14.38526267
1.0,18,29,15.53506
1.0,0,29,13.49963733
1.0,5,29,13.69186133
1.0,9,29,13.83509333
1.0,14,29,14.41514667
1.0,18,29,15.66631333
1.0,0,29,13.53006667
1.0,5,29,13.772096
1.0,9,29,13.900144
1.0,14,29,14.550324
1.0,18,29,15.72167867
1.0,0,29,13.61801867
1.0,5,29,13.83784267
1.0,9,29,14.003932
1.0,14,29,14.61386667
1.0,18,29,15.80308933
1.0,0,28,13.94412267
1.0,5,28,13.56534
1.0,9,28,13.772032
1.0,14,28,14.442312
1.0,0,28,13.13801733
1.0,5,28,13.359424
1.0,9,28,13.54446133
1.0,14,28,14.20611333
1.0,0,28,13.11286133
1.0,5,28,13.313384
1.0,9,28,13.53418267
1.0,14,28,14.21531067
1.0,0,28,13.14726933
1.0,5,28,13.34095867
1.0,9,28,13.57078267
1.0,14,28,14.27068933
1.0,0,28,13.17296133
1.0,5,28,13.40463733
1.0,9,28,13.62342533
1.0,14,28,14.35955733
1.0,0,28,13.28052267
1.0,5,28,13.481752
1.0,9,28,13.67868
1.0,14,28,14.42309733
1.0,0,27,13.381356
1.0,5,27,13.62066667
1.0,9,27,13.801804
1.0,14,27,14.57613333
1.0,0,27,13.42481067
1.0,5,27,13.57346
1.0,9,27,13.77052
1.0,14,27,14.56679467
1.0,0,27,13.43466
1.0,5,27,13.63661467
1.0,9,27,13.817068
1.0,14,27,14.61437067
1.0,0,27,13.52341867
1.0,5,27,13.67799733
1.0,9,27,13.87363867
1.0,14,27,14.70036667
1.0,0,27,13.59794
1.0,5,27,13.789484
1.0,9,27,13.94663867
1.0,14,27,14.802764
1.0,0,27,13.62642
1.0,5,27,13.807676
1.0,9,27,14.00692667
1.0,14,27,14.91096933
1.0,0,26,13.38655333
1.0,5,26,13.57202533
1.0,9,26,13.80146
1.0,14,26,14.88642267
1.0,0,26,13.382652
1.0,5,26,13.568392
1.0,9,26,13.82048667
1.0,14,26,14.92401733
1.0,0,26,13.42591467
1.0,5,26,13.614368
1.0,9,26,13.81527067
1.0,14,26,14.98616133
1.0,0,26,13.49149867
1.0,5,26,13.63830933
1.0,9,26,13.926216
1.0,14,26,15.07769867
1.0,0,26,13.561064
1.0,5,26,13.74651333
1.0,9,26,13.95995067
1.0,14,26,15.19089067
1.0,0,26,13.61072933
1.0,5,26,13.79281467
1.0,9,26,14.03896267
1.0,14,26,15.30067867
1.0,0,25,13.37690933
1.0,5,25,13.54197867
1.0,9,25,13.82142
1.0,0,25,13.10715733
1.0,5,25,13.31482667
1.0,9,25,13.56415067
1.0,0,25,13.15350667
1.0,5,25,13.30978533
1.0,9,25,13.58205467
1.0,0,25,13.220116
1.0,5,25,13.37900933
1.0,9,25,13.661868
1.0,0,25,13.32584533
1.0,5,25,13.46692533
1.0,9,25,13.72204533
1.0,0,25,13.196096
1.0,5,25,13.46174667
1.0,9,25,13.747708
1.0,0,24,13.32487467
1.0,5,24,13.51722933
1.0,9,24,13.82762
1.0,0,24,13.34274933
1.0,5,24,13.553152
1.0,9,24,13.879824
1.0,0,24,13.41869067
1.0,5,24,13.58460133
1.0,9,24,13.88891733
1.0,0,24,13.47786
1.0,5,24,13.62832
1.0,9,24,13.94936667
1.0,0,24,13.53139867
1.0,5,24,13.71947733
1.0,9,24,14.00228933
1.0,0,24,13.58429867
1.0,5,24,13.776188
1.0,9,24,14.100256
1.0,0,23,13.38750533
1.0,5,23,13.55536
1.0,9,23,13.912284
1.0,0,23,13.44391467
1.0,5,23,13.65616267
1.0,9,23,13.88620667
1.0,0,23,13.427212
1.0,5,23,13.61330267
1.0,9,23,13.98448
1.0,0,23,13.48170267
1.0,5,23,13.65407467
1.0,9,23,13.965492
1.0,0,23,13.548136
1.0,5,23,13.75454533
1.0,9,23,14.09451733
1.0,0,23,13.59676133
1.0,5,23,13.82310667
1.0,9,23,14.13202667
1.0,0,22,13.368712
1.0,5,22,13.586896
1.0,9,22,13.97182533
1.0,0,22,13.38845733
1.0,5,22,13.597148
1.0,9,22,13.98904
1.0,0,22,13.41470267
1.0,5,22,13.65621867
1.0,9,22,13.99809467
1.0,0,22,13.45824667
1.0,5,22,13.70144133
1.0,9,22,14.06539733
1.0,0,22,13.51863067
1.0,5,22,13.71091867
1.0,9,22,14.10604267
1.0,0,22,13.607088
1.0,5,22,13.811568
1.0,9,22,14.19670533
1.0,0,21,13.38965733
1.0,5,21,13.59953067
1.0,0,21,13.12407467
1.0,5,21,13.403988
1.0,0,21,13.18398133
1.0,5,21,13.40847067
1.0,0,21,13.21986667
1.0,5,21,13.47251067
1.0,0,21,13.24176267
1.0,5,21,13.49921333
1.0,0,21,13.31170667
1.0,5,21,13.53951333
1.0,0,20,13.36216133
1.0,5,20,13.59774133
1.0,0,20,13.01866933
1.0,5,20,13.39142
1.0,0,20,13.17430133
1.0,5,20,13.33501733
1.0,0,20,13.20327467
1.0,5,20,13.50180133
1.0,0,20,13.28015733
1.0,5,20,13.54438533
1.0,0,20,13.27864267
1.0,5,20,13.58459867
0.6,0,74,12.89984267
0.6,5,74,13.07727333
0.6,9,74,13.20441867
0.6,14,74,13.44409467
0.6,18,74,13.62160267
0.6,23,74,13.936656
0.6,0,74,13.029424
0.6,5,74,13.00412267
0.6,9,74,13.2228
0.6,14,74,13.47857867
0.6,18,74,13.62326267
0.6,23,74,13.882256
0.6,0,74,13.05253733
0.6,5,74,13.14810667
0.6,9,74,13.18606133
0.6,14,74,13.53786667
0.6,18,74,13.664464
0.6,23,74,14.01790133
0.6,0,74,13.08069467
0.6,5,74,13.153644
0.6,9,74,13.26539733
0.6,14,74,13.561908
0.6,18,74,13.71711467
0.6,23,74,14.03463733
0.6,0,74,13.14503333
0.6,5,74,13.14406667
0.6,9,74,13.34613733
0.6,14,74,13.57814667
0.6,18,74,13.78473333
0.6,23,74,14.17138533
0.6,0,74,13.24248533
0.6,5,74,13.21961067
0.6,9,74,13.45616533
0.6,14,74,13.69131867
0.6,18,74,13.837344
0.6,23,74,14.28836267
0.6,0,73,13.69761067
0.6,5,73,13.09269467
0.6,9,73,13.20496667
0.6,14,73,13.45811733
0.6,18,73,13.65245467
0.6,23,73,13.90230133
0.6,0,73,13.02052
0.6,5,73,13.04659733
0.6,9,73,13.209588
0.6,14,73,13.49165467
0.6,18,73,13.61178133
0.6,23,73,13.903316
0.6,0,73,12.993984
0.6,5,73,13.12136
0.6,9,73,13.22235067
0.6,14,73,13.552728
0.6,18,73,13.67818267
0.6,23,73,13.93792267
0.6,0,73,13.121056
0.6,5,73,13.149796
0.6,9,73,13.294432
0.6,14,73,13.58806533
0.6,18,73,13.694188
0.6,23,73,14.0376
0.6,0,73,13.15885067
0.6,5,73,13.17832667
0.6,9,73,13.379052
0.6,14,73,13.64989867
0.6,18,73,13.764288
0.6,23,73,14.16410667
0.6,0,73,13.174884
0.6,5,73,13.34518533
0.6,9,73,13.47498933
0.6,14,73,13.68811733
0.6,18,73,13.88030133
0.6,23,73,14.336312
0.6,0,68,12.88147867
0.6,5,68,13.10815867
0.6,9,68,13.19954667
0.6,14,68,13.46351867
0.6,18,68,13.544996
0.6,23,68,13.972136
0.6,0,68,13.02906
0.6,5,68,13.108148
0.6,9,68,13.17499867
0.6,14,68,13.46493733
0.6,18,68,13.66408933
0.6,23,68,13.94520533
0.6,0,68,13.02554
0.6,5,68,13.03300133
0.6,9,68,13.25981467
0.6,14,68,13.589172
0.6,18,68,13.67786933
0.6,23,68,13.98640933
0.6,0,68,13.05437333
0.6,5,68,13.14025867
0.6,9,68,13.32266
0.6,14,68,13.475828
0.6,18,68,13.70126133
0.6,23,68,14.06643467
0.6,0,68,13.13153333
0.6,5,68,13.239232
0.6,9,68,13.245272
0.6,14,68,13.64484267
0.6,18,68,13.73633067
0.6,23,68,14.19993467
0.6,0,68,13.207512
0.6,5,68,13.32254
0.6,9,68,13.37066667
0.6,14,68,13.72401733
0.6,18,68,13.835792
0.6,23,68,14.356328
0.6,0,63,12.928024
0.6,5,63,13.02607333
0.6,9,63,13.197348
0.6,14,63,13.39274667
0.6,18,63,13.58002133
0.6,23,63,13.96704267
0.6,0,63,12.99057867
0.6,5,63,13.00113067
0.6,9,63,13.219796
0.6,14,63,13.49512
0.6,18,63,13.62667733
0.6,23,63,13.89993733
0.6,0,63,13.01172267
0.6,5,63,13.06397467
0.6,9,63,13.24929867
0.6,14,63,13.55488933
0.6,18,63,13.66483067
0.6,23,63,13.94800933
0.6,0,63,13.07526
0.6,5,63,13.165572
0.6,9,63,13.23368133
0.6,14,63,13.587736
0.6,18,63,13.70756533
0.6,23,63,14.01265867
0.6,0,63,13.168448
0.6,5,63,13.18020667
0.6,9,63,13.35318267
0.6,14,63,13.520856
0.6,18,63,13.76193867
0.6,23,63,14.16484267
0.6,0,63,13.21277867
0.6,5,63,13.23009733
0.6,9,63,13.43162667
0.6,14,63,13.70696267
0.6,18,63,13.82312933
0.6,23,63,14.29545333
0.6,0,58,12.834492
0.6,5,58,13.06546933
0.6,9,58,13.16231867
0.6,14,58,13.275868
0.6,18,58,13.58898533
0.6,23,58,13.92671867
0.6,0,58,12.982496
0.6,5,58,13.02740267
0.6,9,58,13.19795067
0.6,14,58,13.45973333
0.6,18,58,13.532476
0.6,23,58,13.93959467
0.6,0,58,13.00122133
0.6,5,58,13.02676133
0.6,9,58,13.23751467
0.6,14,58,13.554044
0.6,18,58,13.64137867
0.6,23,58,13.95675467
0.6,0,58,13.082068
0.6,5,58,13.13207467
0.6,9,58,13.273928
0.6,14,58,13.56111467
0.6,18,58,13.67614
0.6,23,58,14.041092
0.6,0,58,13.13705467
0.6,5,58,13.237784
0.6,9,58,13.387564
0.6,14,58,13.535068
0.6,18,58,13.82538267
0.6,23,58,14.13009733
0.6,0,58,13.20864533
0.6,5,58,13.25804533
0.6,9,58,13.43510933
0.6,14,58,13.74278933
0.6,18,58,13.827944
0.6,23,58,14.203444
0.6,0,53,12.999328
0.6,5,53,13.07904267
0.6,9,53,13.068948
0.6,14,53,13.451384
0.6,18,53,13.60187333
0.6,23,53,13.94137333
0.6,0,53,12.959384
0.6,5,53,13.11826667
0.6,9,53,13.158828
0.6,14,53,13.491644
0.6,18,53,13.590196
0.6,23,53,13.99400933
0.6,0,53,13.04469467
0.6,5,53,13.00518533
0.6,9,53,13.298412
0.6,14,53,13.57210533
0.6,18,53,13.66354933
0.6,23,53,13.98546933
0.6,0,53,13.06944
0.6,5,53,13.20008533
0.6,9,53,13.24571467
0.6,14,53,13.53183467
0.6,18,53,13.75450533
0.6,23,53,14.10710667
0.6,0,53,13.17468133
0.6,5,53,13.23241333
0.6,9,53,13.41460933
0.6,14,53,13.55674933
0.6,18,53,13.83804267
0.6,23,53,14.20032
0.6,0,53,13.21192
0.6,5,53,13.26318
0.6,9,53,13.44528667
0.6,14,53,13.75858
0.6,18,53,13.91384267
0.6,23,53,14.33280667
0.6,0,48,12.93915467
0.6,5,48,13.03868933
0.6,9,48,13.223716
0.6,14,48,13.38224133
0.6,18,48,13.57025867
0.6,23,48,13.940276
0.6,0,48,12.995556
0.6,5,48,13.089744
0.6,9,48,13.185916
0.6,14,48,13.434992
0.6,18,48,13.63655467
0.6,23,48,13.96345067
0.6,0,48,13.031496
0.6,5,48,12.988196
0.6,9,48,13.266764
0.6,14,48,13.53124133
0.6,18,48,13.67641867
0.6,23,48,13.947732
0.6,0,48,13.06594533
0.6,5,48,13.15585733
0.6,9,48,13.30329867
0.6,14,48,13.46653333
0.6,18,48,13.72934
0.6,23,48,14.08686133
0.6,0,48,13.15199467
0.6,5,48,13.103176
0.6,9,48,13.40059867
0.6,14,48,13.66538267
0.6,18,48,13.77970933
0.6,23,48,14.19198
0.6,0,48,13.06969867
0.6,5,48,13.32383867
0.6,9,48,13.40058267
0.6,14,48,13.685348
0.6,18,48,13.88536133
0.6,23,48,14.34154933
0.6,0,43,12.89030933
0.6,5,43,13.049848
0.6,9,43,13.14947867
0.6,14,43,13.36019333
0.6,18,43,13.63063733
0.6,23,43,13.97162533
0.6,0,43,12.972396
0.6,5,43,13.13285733
0.6,9,43,13.17139467
0.6,14,43,13.55865333
0.6,18,43,13.644712
0.6,23,43,13.94791733
0.6,0,43,12.97416
0.6,5,43,13.070316
0.6,9,43,13.21238133
0.6,14,43,13.57781467
0.6,18,43,13.54702
0.6,23,43,14.04464133
0.6,0,43,13.07342133
0.6,5,43,13.18823067
0.6,9,43,13.20805467
0.6,14,43,13.61222
0.6,18,43,13.70401733
0.6,23,43,13.71056
0.6,0,43,12.83348533
0.6,5,43,12.83552667
0.6,9,43,13.11132667
0.6,14,43,13.329384
0.6,18,43,13.47206933
0.6,23,43,13.882748
0.6,0,43,12.88823467
0.6,5,43,12.955964
0.6,9,43,13.043108
0.6,14,43,13.375084
0.6,18,43,13.47663067
0.6,23,43,13.815464
0.6,0,38,12.97297867
0.6,5,38,13.09978933
0.6,9,38,13.08363867
0.6,14,38,13.476412
0.6,18,38,13.59465733
0.6,23,38,13.796152
0.6,0,38,13.00448533
0.6,5,38,13.05618533
0.6,9,38,13.12831333
0.6,14,38,13.444072
0.6,18,38,13.60903733
0.6,23,38,13.90334
0.6,0,38,13.03056133
0.6,5,38,13.07515067
0.6,9,38,13.24930267
0.6,14,38,13.39870133
0.6,18,38,13.69426667
0.6,23,38,14.048152
0.6,0,38,13.055896
0.6,5,38,13.15201467
0.6,9,38,13.24505467
0.6,14,38,14.589716
0.6,18,38,13.71258533
0.6,23,38,14.06338933
0.6,0,38,12.99605867
0.6,5,38,13.25274133
0.6,9,38,13.400864
0.6,14,38,13.55556533
0.6,18,38,13.76841067
0.6,23,38,14.20757333
0.6,0,38,13.23725733
0.6,5,38,13.23882
0.6,9,38,13.39162267
0.6,14,38,13.753148
0.6,18,38,13.855432
0.6,23,38,14.33544933
0.6,0,37,13.01953067
0.6,5,37,12.99161333
0.6,9,37,13.228004
0.6,14,37,13.44976133
0.6,18,37,13.50493467
0.6,23,37,13.996812
0.6,0,37,12.99978133
0.6,5,37,13.00113733
0.6,9,37,13.225384
0.6,14,37,13.39021467
0.6,18,37,13.61669467
0.6,23,37,13.976492
0.6,0,37,13.00130667
0.6,5,37,13.13905333
0.6,9,37,13.170872
0.6,14,37,13.555796
0.6,18,37,13.65919333
0.6,23,37,14.01048533
0.6,0,37,13.02367333
0.6,5,37,13.02902267
0.6,9,37,13.28733333
0.6,14,37,13.553652
0.6,18,37,13.62364133
0.6,23,37,14.10059467
0.6,0,37,13.18321733
0.6,5,37,13.23197467
0.6,9,37,13.31481467
0.6,14,37,13.610664
0.6,18,37,13.76112533
0.6,23,37,14.15587467
0.6,0,37,13.26773333
0.6,5,37,13.32226533
0.6,9,37,13.33446667
0.6,14,37,13.7352
0.6,18,37,13.86096933
0.6,23,37,14.29854133
0.6,0,36,12.85898133
0.6,5,36,13.12379467
0.6,9,36,13.17796533
0.6,14,36,13.400884
0.6,18,36,13.637376
0.6,23,36,13.865836
0.6,0,36,13.034636
0.6,5,36,13.09567467
0.6,9,36,13.10478267
0.6,14,36,13.474852
0.6,18,36,13.59649867
0.6,23,36,14.01246267
0.6,0,36,12.93572533
0.6,5,36,13.14244533
0.6,9,36,13.192772
0.6,14,36,13.514252
0.6,18,36,13.55941867
0.6,23,36,14.08321733
0.6,0,36,13.12364533
0.6,5,36,13.06980133
0.6,9,36,13.31954667
0.6,14,36,13.55038533
0.6,18,36,13.69621067
0.6,23,36,14.11076133
0.6,0,36,13.15062933
0.6,5,36,13.16347333
0.6,9,36,13.36952267
0.6,14,36,13.619872
0.6,18,36,13.651648
0.6,23,36,14.261696
0.6,0,36,13.22788133
0.6,5,36,13.32121067
0.6,9,36,13.29502267
0.6,14,36,13.711544
0.6,18,36,13.88236933
0.6,23,36,14.46403333
0.6,0,35,12.87868667
0.6,5,35,14.10436933
0.6,9,35,13.194008
0.6,14,35,13.44720533
0.6,18,35,13.52061733
0.6,23,35,14.07589467
0.6,0,35,13.00508933
0.6,5,35,13.045616
0.6,9,35,13.24147867
0.6,14,35,13.44367467
0.6,18,35,13.59278933
0.6,23,35,14.06571333
0.6,0,35,13.01731867
0.6,5,35,12.971832
0.6,9,35,13.234616
0.6,14,35,13.549064
0.6,18,35,13.635496
0.6,23,35,14.193444
0.6,0,35,13.01068
0.6,5,35,13.09067067
0.6,9,35,13.348104
0.6,14,35,13.58831467
0.6,18,35,13.713764
0.6,23,35,14.20898933
0.6,0,35,13.15053467
0.6,5,35,13.14415733
0.6,9,35,13.39857067
0.6,14,35,13.60362667
0.6,18,35,13.64179067
0.6,23,35,14.38034667
0.6,0,35,13.17811467
0.6,5,35,13.251264
0.6,9,35,13.43536133
0.6,14,35,13.6096
0.6,18,35,13.80888267
0.6,23,35,14.54229333
0.6,0,34,12.921792
0.6,5,34,12.98646
0.6,9,34,13.17243333
0.6,14,34,13.348464
0.6,18,34,13.60478
0.6,23,34,14.22509467
0.6,0,34,12.97123067
0.6,5,34,13.06833867
0.6,9,34,13.09180933
0.6,14,34,13.51390933
0.6,18,34,13.59801333
0.6,23,34,14.248852
0.6,0,34,13.01973333
0.6,5,34,13.08491867
0.6,9,34,13.212116
0.6,14,34,13.37108667
0.6,18,34,13.69308933
0.6,23,34,14.35345333
0.6,0,34,12.98846
0.6,5,34,13.18196
0.6,9,34,13.21978133
0.6,14,34,13.550148
0.6,18,34,13.665792
0.6,23,34,14.442368
0.6,0,34,13.10868
0.6,5,34,13.18995867
0.6,9,34,13.333172
0.6,14,34,13.69538133
0.6,18,34,13.75674533
0.6,23,34,14.48163867
0.6,0,34,13.220544
0.6,5,34,13.17016267
0.6,9,34,13.40424
0.6,14,34,13.71750933
0.6,18,34,13.88007867
0.6,23,34,14.494516
0.6,0,33,12.96498
0.6,5,33,12.96266933
0.6,9,33,13.204124
0.6,14,33,13.46158133
0.6,18,33,13.54036533
0.6,23,33,14.50334133
0.6,0,33,12.99373467
0.6,5,33,12.96224667
0.6,9,33,13.27674133
0.6,14,33,13.50557333
0.6,18,33,13.57346
0.6,23,33,14.55769067
0.6,0,33,13.006644
0.6,5,33,13.10043867
0.6,9,33,13.17975733
0.6,14,33,13.569996
0.6,18,33,13.6282
0.6,23,33,14.59742533
0.6,0,33,13.090432
0.6,5,33,13.01074267
0.6,9,33,13.30844133
0.6,14,33,13.56346667
0.6,18,33,13.72317067
0.6,23,33,14.662852
0.6,0,33,13.11870267
0.6,5,33,13.164892
0.6,9,33,13.38750133
0.6,14,33,13.63187067
0.6,18,33,13.779644
0.6,23,33,14.62708667
0.6,0,33,13.211024
0.6,5,33,13.279568
0.6,9,33,13.40108
0.6,14,33,13.70137867
0.6,18,33,13.900092
0.6,23,33,14.74457467
0.6,0,32,12.960344
0.6,5,32,13.01129867
0.6,9,32,13.08206667
0.6,14,32,13.33950533
0.6,18,32,13.73227067
0.6,0,32,12.71796667
0.6,5,32,12.85423333
0.6,9,32,12.85038133
0.6,14,32,13.27053467
0.6,18,32,13.47162667
0.6,0,32,12.75152
0.6,5,32,13.77037733
0.6,9,32,13.02913333
0.6,14,32,13.26879067
0.6,18,32,13.417392
0.6,0,32,12.779356
0.6,5,32,12.92506667
0.6,9,32,12.833756
0.6,14,32,13.281604
0.6,18,32,13.60766667
0.6,0,32,12.88953333
0.6,5,32,12.90899467
0.6,9,32,13.112216
0.6,14,32,13.23139067
0.6,18,32,13.71333867
0.6,0,32,12.78489333
0.6,5,32,12.838904
0.6,9,32,13.14708933
0.6,14,32,13.36138
0.6,18,32,13.65866133
0.6,0,31,13.02210133
0.6,5,31,13.00734533
0.6,9,31,13.145624
0.6,14,31,13.56594267
0.6,18,31,13.77795867
0.6,0,31,12.96095867
0.6,5,31,13.052628
0.6,9,31,13.152904
0.6,14,31,13.5393
0.6,18,31,13.75291467
0.6,0,31,12.96525067
0.6,5,31,13.05841067
0.6,9,31,13.30180133
0.6,14,31,13.505904
0.6,18,31,13.86890133
0.6,0,31,13.086908
0.6,5,31,13.07940267
0.6,9,31,13.317852
0.6,14,31,13.568428
0.6,18,31,13.858048
0.6,0,31,13.19501467
0.6,5,31,13.28616267
0.6,9,31,13.275904
0.6,14,31,13.74435467
0.6,18,31,14.043132
0.6,0,31,13.110704
0.6,5,31,13.30328133
0.6,9,31,13.45787467
0.6,14,31,13.63853067
0.6,18,31,14.20755867
0.6,0,30,12.92983867
0.6,5,30,12.878876
0.6,9,30,13.29774667
0.6,14,30,14.475292
0.6,18,30,13.87110933
0.6,0,30,12.91569467
0.6,5,30,13.04993467
0.6,9,30,13.10672267
0.6,14,30,13.62007867
0.6,18,30,13.86857333
0.6,0,30,12.93548
0.6,5,30,13.106616
0.6,9,30,13.20394533
0.6,14,30,13.45789067
0.6,18,30,13.98751867
0.6,0,30,13.02724667
0.6,5,30,13.07519333
0.6,9,30,13.177224
0.6,14,30,13.64931733
0.6,18,30,13.96875333
0.6,0,30,13.09695733
0.6,5,30,13.193464
0.6,9,30,13.266564
0.6,14,30,13.755356
0.6,18,30,14.098324
0.6,0,30,13.22364667
0.6,5,30,13.28564267
0.6,9,30,13.245368
0.6,14,30,13.81948667
0.6,18,30,14.34698933
0.6,0,29,12.77214133
0.6,5,29,13.08910133
0.6,9,29,13.17721733
0.6,14,29,13.38800533
0.6,18,29,14.27090667
0.6,0,29,12.977724
0.6,5,29,12.93542933
0.6,9,29,13.23674267
0.6,14,29,13.59734267
0.6,18,29,14.14577867
0.6,0,29,13.03817333
0.6,5,29,13.03737733
0.6,9,29,13.19724533
0.6,14,29,13.64732533
0.6,18,29,14.35805733
0.6,0,29,12.93910933
0.6,5,29,13.23448667
0.6,9,29,13.30972933
0.6,14,29,13.55550267
0.6,18,29,14.47753333
0.6,0,29,13.163084
0.6,5,29,13.12862
0.6,9,29,14.54748
0.6,14,29,13.805084
0.6,18,29,14.55729867
0.6,0,29,13.094736
0.6,5,29,13.32031333
0.6,9,29,13.34045467
0.6,14,29,13.78537067
0.6,18,29,14.63160533
0.6,0,28,12.827868
0.6,5,28,13.03215467
0.6,9,28,13.15964667
0.6,14,28,13.44951733
0.6,0,28,12.677504
0.6,5,28,12.638416
0.6,9,28,12.929132
0.6,14,28,13.390576
0.6,0,28,12.743276
0.6,5,28,12.81331333
0.6,9,28,12.852532
0.6,14,28,13.41391867
0.6,0,28,12.76267467
0.6,5,28,12.775612
0.6,9,28,13.022024
0.6,14,28,13.37993333
0.6,0,28,12.80786
0.6,5,28,12.83796133
0.6,9,28,13.08124933
0.6,14,28,13.553496
0.6,0,28,12.74857467
0.6,5,28,12.967932
0.6,9,28,13.13863733
0.6,14,28,13.42658
0.6,0,27,12.95124133
0.6,5,27,12.93955333
0.6,9,27,13.225448
0.6,14,27,13.68677467
0.6,0,27,12.93621733
0.6,5,27,13.06892533
0.6,9,27,13.19935333
0.6,14,27,13.65040133
0.6,0,27,12.97943067
0.6,5,27,13.17543733
0.6,9,27,13.13196933
0.6,14,27,13.78017333
0.6,0,27,13.09075333
0.6,5,27,13.09808533
0.6,9,27,13.28833333
0.6,14,27,13.66439867
0.6,0,27,13.16879067
0.6,5,27,13.25632133
0.6,9,27,13.18571467
0.6,14,27,13.88383867
0.6,0,27,13.21418933
0.6,5,27,13.23862133
0.6,9,27,13.45305733
0.6,14,27,13.90788133
0.6,0,26,12.986508
0.6,5,26,13.03103867
0.6,9,26,13.09192667
0.6,14,26,13.860636
0.6,0,26,12.980116
0.6,5,26,12.94955067
0.6,9,26,13.21917867
0.6,14,26,13.90459733
0.6,0,26,12.90290667
0.6,5,26,13.120132
0.6,9,26,13.15597467
0.6,14,26,13.92228133
0.6,0,26,13.06803333
0.6,5,26,13.09039867
0.6,9,26,13.148876
0.6,14,26,13.97715333
0.6,0,26,13.133184
0.6,5,26,13.115476
0.6,9,26,13.40000133
0.6,14,26,14.182352
0.6,0,26,13.11870533
0.6,5,26,13.31177867
0.6,9,26,13.43252
0.6,14,26,14.31651467
0.6,0,25,12.83214267
0.6,5,25,13.073336
0.6,9,25,13.26811333
0.6,0,25,12.62999733
0.6,5,25,12.82004133
0.6,9,25,12.89781067
0.6,0,25,12.62720933
0.6,5,25,12.864964
0.6,9,25,13.046152
0.6,0,25,12.810536
0.6,5,25,12.929556
0.6,9,25,13.029716
0.6,0,25,12.78698133
0.6,5,25,12.82924133
0.6,9,25,13.11466533
0.6,0,25,12.759276
0.6,5,25,12.886364
0.6,9,25,13.19146533
0.6,0,24,12.83710133
0.6,5,24,13.04161067
0.6,9,24,13.24390267
0.6,0,24,12.99935467
0.6,5,24,13.01270933
0.6,9,24,13.29786933
0.6,0,24,12.99702533
0.6,5,24,13.02923067
0.6,9,24,13.30997733
0.6,0,24,13.02493867
0.6,5,24,13.10060533
0.6,9,24,13.27699733
0.6,0,24,13.14740133
0.6,5,24,13.159048
0.6,9,24,13.407652
0.6,0,24,13.13308667
0.6,5,24,13.31338933
0.6,9,24,13.39626933
0.6,0,23,12.96014667
0.6,5,23,13.004132
0.6,9,23,13.28287867
0.6,0,23,12.89095867
0.6,5,23,13.09046533
0.6,9,23,13.22945067
0.6,0,23,12.98874133
0.6,5,23,13.03507467
0.6,9,23,13.32082267
0.6,0,23,13.01681067
0.6,5,23,13.162296
0.6,9,23,13.287548
0.6,0,23,13.12142133
0.6,5,23,13.24032133
0.6,9,23,13.39507467
0.6,0,23,13.20401467
0.6,5,23,13.29793067
0.6,9,23,13.434884
0.6,0,22,12.97014
0.6,5,22,12.91560667
0.6,9,22,13.356964
0.6,0,22,12.94382
0.6,5,22,13.119688
0.6,9,22,13.35762533
0.6,0,22,12.996728
0.6,5,22,13.101044
0.6,9,22,13.40325067
0.6,0,22,13.06113733
0.6,5,22,13.138608
0.6,9,22,13.431796
0.6,0,22,13.12223867
0.6,5,22,13.26969067
0.6,9,22,13.44691733
0.6,0,22,13.179532
0.6,5,22,13.31006533
0.6,9,22,13.569904
0.6,0,21,12.91115067
0.6,5,21,12.930468
0.6,0,21,12.5536
0.6,5,21,12.85267467
0.6,9,21,13.17427067
0.6,0,21,12.64427067
0.6,5,21,12.91641867
0.6,0,21,12.78185067
0.6,5,21,12.958948
0.6,9,21,13.271676
0.6,0,21,12.855208
0.6,5,21,13.044136
0.6,0,21,12.88806667
0.6,5,21,13.03328133
0.6,0,20,12.94246
0.6,5,20,13.108224
0.6,0,20,12.611656
0.6,5,20,13.89702133
0.6,0,20,12.71643067
0.6,5,20,12.869648
0.6,0,20,12.79384933
0.6,5,20,12.94383467
0.6,0,20,12.827024
0.6,5,20,13.04054133
0.6,0,20,12.86905467
0.6,5,20,13.01297867
0.2,0,74,12.53426667
0.2,5,74,12.625636
0.2,9,74,12.68059867
0.2,14,74,12.74428267
0.2,18,74,12.808516
0.2,23,74,12.89431467
0.2,0,74,12.60724267
0.2,5,74,12.659696
0.2,9,74,12.60675867
0.2,14,74,12.79407867
0.2,18,74,12.83784533
0.2,23,74,12.928084
0.2,0,74,12.653924
0.2,5,74,12.631908
0.2,9,74,12.731012
0.2,14,74,12.801852
0.2,18,74,12.8772
0.2,23,74,12.94416667
0.2,0,74,12.659708
0.2,5,74,12.73747067
0.2,9,74,12.76817867
0.2,14,74,12.80424
0.2,18,74,12.88123867
0.2,23,74,13.06022
0.2,0,74,12.70983067
0.2,5,74,12.802728
0.2,9,74,12.86597867
0.2,14,74,12.94002933
0.2,18,74,12.96418667
0.2,23,74,13.10955467
0.2,0,74,12.80276267
0.2,5,74,12.88684
0.2,9,74,12.90554267
0.2,14,74,12.95279867
0.2,18,74,13.03393467
0.2,23,74,13.19121067
0.2,0,73,12.51539333
0.2,5,73,12.638596
0.2,9,73,12.674724
0.2,14,73,12.69402533
0.2,18,73,12.795248
0.2,23,73,12.94364933
0.2,0,73,12.59486533
0.2,5,73,12.64205067
0.2,9,73,12.68848133
0.2,14,73,12.819632
0.2,18,73,12.76076533
0.2,23,73,12.987636
0.2,0,73,12.59944667
0.2,5,73,12.64725067
0.2,9,73,12.71149333
0.2,14,73,12.82547733
0.2,18,73,12.72382267
0.2,23,73,13.007296
0.2,0,73,12.742324
0.2,5,73,12.72772667
0.2,9,73,12.64292533
0.2,14,73,12.90079867
0.2,18,73,12.94055733
0.2,23,73,12.90827867
0.2,0,73,12.781028
0.2,5,73,12.80045067
0.2,9,73,12.84439067
0.2,14,73,12.82122667
0.2,18,73,12.98252267
0.2,23,73,13.05452933
0.2,0,73,12.75902133
0.2,5,73,12.83931333
0.2,9,73,12.78809467
0.2,14,73,12.97127067
0.2,18,73,13.05119867
0.2,23,73,13.09426933
0.2,0,68,12.59447733
0.2,5,68,12.48188
0.2,9,68,12.68430933
0.2,14,68,12.76828933
0.2,18,68,12.67147467
0.2,23,68,12.93262933
0.2,0,68,12.61838267
0.2,5,68,12.628468
0.2,9,68,12.58325733
0.2,14,68,12.78914
0.2,18,68,12.83749067
0.2,23,68,12.85326667
0.2,0,68,12.64843733
0.2,5,68,12.53111333
0.2,9,68,12.68334
0.2,14,68,12.82792933
0.2,18,68,12.816928
0.2,23,68,12.97978133
0.2,0,68,12.61407067
0.2,5,68,12.67932267
0.2,9,68,12.777676
0.2,14,68,12.80938667
0.2,18,68,12.84894667
0.2,23,68,13.02627467
0.2,0,68,12.737752
0.2,5,68,12.710696
0.2,9,68,12.848444
0.2,14,68,12.92031867
0.2,18,68,12.93779333
0.2,23,68,13.06191867
0.2,0,68,12.728888
0.2,5,68,12.87603867
0.2,9,68,12.87581067
0.2,14,68,12.94157733
0.2,18,68,12.97670533
0.2,23,68,13.22097733
0.2,0,63,12.51730667
0.2,5,63,12.670928
0.2,9,63,12.71433867
0.2,14,63,12.80958133
0.2,18,63,12.78144533
0.2,23,63,12.94819733
0.2,0,63,12.53321067
0.2,5,63,12.627324
0.2,9,63,12.70190267
0.2,14,63,12.705284
0.2,18,63,12.83565467
0.2,23,63,12.88015867
0.2,0,63,12.64503333
0.2,5,63,12.57295867
0.2,9,63,12.68193467
0.2,14,63,12.81147067
0.2,18,63,12.831364
0.2,23,63,12.91227733
0.2,0,63,12.697556
0.2,5,63,12.64117333
0.2,9,63,12.77182533
0.2,14,63,12.75947867
0.2,18,63,12.90535733
0.2,23,63,13.02357867
0.2,0,63,12.630332
0.2,5,63,12.84416267
0.2,9,63,12.83629867
0.2,14,63,12.907644
0.2,18,63,12.90870133
0.2,23,63,13.08218
0.2,0,63,12.789668
0.2,5,63,12.75527733
0.2,9,63,12.84209867
0.2,14,63,12.96401867
0.2,18,63,12.96708
0.2,23,63,13.18694133
0.2,0,58,12.48326933
0.2,5,58,12.68299467
0.2,9,58,12.69054267
0.2,14,58,12.65403333
0.2,18,58,12.862904
0.2,23,58,12.931012
0.2,0,58,12.648388
0.2,5,58,12.587784
0.2,9,58,12.710812
0.2,14,58,12.8202
0.2,18,58,12.78354
0.2,23,58,12.952292
0.2,0,58,12.62618933
0.2,5,58,12.72011333
0.2,9,58,12.741028
0.2,14,58,12.81502667
0.2,18,58,12.86759333
0.2,23,58,12.99292133
0.2,0,58,12.707404
0.2,5,58,12.77066
0.2,9,58,12.78187733
0.2,14,58,12.86922
0.2,18,58,12.953064
0.2,23,58,13.072544
0.2,0,58,12.76899333
0.2,5,58,12.72014267
0.2,9,58,12.87966533
0.2,14,58,12.93397467
0.2,18,58,13.88118933
0.2,23,58,13.276372
0.2,0,58,12.85197867
0.2,5,58,13.927488
0.2,9,58,12.90745333
0.2,14,58,13.00384933
0.2,18,58,13.07266933
0.2,23,58,13.242384
0.2,0,53,12.61218667
0.2,5,53,12.69297333
0.2,9,53,12.669036
0.2,14,53,12.769784
0.2,18,53,12.804436
0.2,23,53,12.93558933
0.2,0,53,12.62491867
0.2,5,53,12.60091333
0.2,9,53,12.68384533
0.2,14,53,12.78136267
0.2,18,53,12.81380267
0.2,23,53,12.849192
0.2,0,53,12.66822667
0.2,5,53,12.69118
0.2,9,53,12.72322533
0.2,14,53,12.78726533
0.2,18,53,12.86533733
0.2,23,53,12.89519467
0.2,0,53,12.68597467
0.2,5,53,12.732064
0.2,9,53,12.73737067
0.2,14,53,12.89965867
0.2,18,53,12.898576
0.2,23,53,13.04394933
0.2,0,53,12.670592
0.2,5,53,12.74753467
0.2,9,53,12.84505733
0.2,14,53,12.90194133
0.2,18,53,12.950788
0.2,23,53,13.087436
0.2,0,53,12.76288933
0.2,5,53,12.86504533
0.2,9,53,12.87818133
0.2,14,53,12.88443067
0.2,18,53,13.095388
0.2,23,53,13.23905333
0.2,0,48,12.513428
0.2,5,48,12.600376
0.2,9,48,12.69320267
0.2,14,48,12.731744
0.2,18,48,12.76557333
0.2,23,48,12.898788
0.2,0,48,12.61932933
0.2,5,48,12.593444
0.2,9,48,12.596992
0.2,14,48,12.81827467
0.2,18,48,12.81269333
0.2,23,48,12.83256933
0.2,0,48,12.68993467
0.2,5,48,12.71278933
0.2,9,48,12.687504
0.2,14,48,12.818844
0.2,18,48,12.75092133
0.2,23,48,13.02299067
0.2,0,48,12.69559467
0.2,5,48,12.66838
0.2,9,48,12.74922267
0.2,14,48,12.83471467
0.2,18,48,12.90954533
0.2,23,48,13.021788
0.2,0,48,12.73419067
0.2,5,48,12.81366933
0.2,9,48,12.815168
0.2,14,48,12.79123867
0.2,18,48,13.029544
0.2,23,48,13.14672933
0.2,0,48,12.842456
0.2,5,48,12.78838667
0.2,9,48,12.888988
0.2,14,48,12.93899467
0.2,18,48,13.02819867
0.2,23,48,13.1132
0.2,0,43,12.586632
0.2,5,43,12.61769333
0.2,9,43,12.677664
0.2,14,43,12.74389333
0.2,18,43,12.81286933
0.2,23,43,12.84040533
0.2,0,43,12.67042933
0.2,5,43,12.70854133
0.2,9,43,12.60141867
0.2,14,43,12.79438533
0.2,18,43,12.857404
0.2,23,43,12.89832933
0.2,0,43,12.60700933
0.2,5,43,12.62848133
0.2,9,43,12.70023067
0.2,14,43,12.71952533
0.2,18,43,12.919536
0.2,23,43,12.947864
0.2,0,43,12.61048
0.2,5,43,12.74440133
0.2,9,43,12.786196
0.2,14,43,12.82765333
0.2,18,43,12.85418133
0.2,23,43,13.06224667
0.2,0,43,12.74630267
0.2,5,43,12.66751733
0.2,9,43,12.872224
0.2,14,43,12.500256
0.2,18,43,12.750472
0.2,23,43,12.83029333
0.2,0,43,12.44883467
0.2,5,43,12.544852
0.2,9,43,12.575364
0.2,14,43,12.56712
0.2,18,43,12.729296
0.2,23,43,12.80453867
0.2,0,38,12.59544133
0.2,5,38,12.553296
0.2,9,38,12.690144
0.2,14,38,12.64920133
0.2,18,38,12.83929733
0.2,23,38,12.91417867
0.2,0,38,12.58397467
0.2,5,38,12.68561067
0.2,9,38,12.6337
0.2,14,38,12.753872
0.2,18,38,12.77705733
0.2,23,38,12.85869333
0.2,0,38,12.70184267
0.2,5,38,12.67908533
0.2,9,38,12.62380667
0.2,14,38,12.83766
0.2,18,38,12.83398
0.2,23,38,12.98789067
0.2,0,38,12.694724
0.2,5,38,12.68666133
0.2,9,38,12.802036
0.2,14,38,13.94256267
0.2,18,38,12.93336533
0.2,23,38,12.95897067
0.2,0,38,12.786452
0.2,5,38,12.82275867
0.2,9,38,12.75625733
0.2,14,38,12.927324
0.2,18,38,12.89491867
0.2,23,38,13.08506133
0.2,0,38,12.77480267
0.2,5,38,12.841992
0.2,9,38,12.88417733
0.2,14,38,13.01636133
0.2,18,38,12.91506533
0.2,23,38,13.29724533
0.2,0,37,12.5724
0.2,5,37,12.59733067
0.2,9,37,12.63127333
0.2,14,37,13.91155867
0.2,18,37,13.13530933
0.2,23,37,13.485952
0.2,0,37,12.57727467
0.2,5,37,13.71195067
0.2,9,37,12.68006267
0.2,14,37,12.74085467
0.2,18,37,12.726456
0.2,23,37,12.96279333
0.2,0,37,13.75692267
0.2,5,37,12.70522
0.2,9,37,12.71298533
0.2,14,37,12.837528
0.2,18,37,12.85193867
0.2,23,37,12.904068
0.2,0,37,12.69841067
0.2,5,37,12.73103333
0.2,9,37,12.66342533
0.2,14,37,12.89289333
0.2,18,37,12.91877067
0.2,23,37,12.952904
0.2,0,37,12.7902
0.2,5,37,12.731208
0.2,9,37,12.81838933
0.2,14,37,12.92670133
0.2,18,37,12.92188933
0.2,23,37,13.00986267
0.2,0,37,12.79506933
0.2,5,37,12.843332
0.2,9,37,12.76930133
0.2,14,37,13.06409067
0.2,18,37,13.11536267
0.2,23,37,12.78568133
0.2,0,36,12.66879067
0.2,5,36,12.63185067
0.2,9,36,12.698912
0.2,14,36,12.78471067
0.2,18,36,12.79176133
0.2,23,36,12.91946133
0.2,0,36,12.62719867
0.2,5,36,12.526756
0.2,9,36,12.69725067
0.2,14,36,12.8263
0.2,18,36,12.82941067
0.2,23,36,13.01134933
0.2,0,36,12.552032
0.2,5,36,12.7351
0.2,9,36,12.71954267
0.2,14,36,12.79453333
0.2,18,36,12.89683067
0.2,23,36,12.986896
0.2,0,36,12.63893067
0.2,5,36,12.69825867
0.2,9,36,12.72111467
0.2,14,36,12.77074
0.2,18,36,12.937288
0.2,23,36,13.01178133
0.2,0,36,12.74262
0.2,5,36,12.806684
0.2,9,36,12.73038533
0.2,14,36,12.95255867
0.2,18,36,13.021388
0.2,23,36,13.120512
0.2,0,36,12.84887467
0.2,5,36,12.78130667
0.2,9,36,12.96432
0.2,14,36,12.970468
0.2,18,36,12.98592
0.2,23,36,13.29916933
0.2,0,35,12.50010533
0.2,5,35,12.65236933
0.2,9,35,12.60301733
0.2,14,35,12.76504
0.2,18,35,12.83694933
0.2,23,35,12.87118933
0.2,0,35,12.64226933
0.2,5,35,12.66744
0.2,9,35,12.61292133
0.2,14,35,12.752976
0.2,18,35,12.82945867
0.2,23,35,12.88101333
0.2,0,35,12.65893333
0.2,5,35,12.57623467
0.2,9,35,12.74316933
0.2,14,35,12.674492
0.2,18,35,12.88847733
0.2,23,35,13.05327333
0.2,0,35,12.64267467
0.2,5,35,12.63307467
0.2,9,35,12.72779867
0.2,14,35,12.87995733
0.2,18,35,12.88115867
0.2,23,35,13.09381733
0.2,0,35,12.663524
0.2,5,35,12.81452
0.2,9,35,12.78260933
0.2,14,35,12.903596
0.2,18,35,12.98019867
0.2,23,35,13.05978267
0.2,0,35,12.850488
0.2,5,35,12.84514133
0.2,9,35,12.789932
0.2,14,35,13.02728133
0.2,18,35,13.07450933
0.2,23,35,13.19494267
0.2,0,34,12.593352
0.2,5,34,12.54373733
0.2,9,34,12.679508
0.2,14,34,12.68014933
0.2,18,34,12.839108
0.2,23,34,13.03109733
0.2,0,34,12.49796933
0.2,5,34,12.66903867
0.2,9,34,12.74115867
0.2,14,34,12.65101467
0.2,18,34,12.876892
0.2,23,34,13.04216
0.2,0,34,12.580112
0.2,5,34,12.671384
0.2,9,34,12.65752267
0.2,14,34,12.87235733
0.2,18,34,12.77631733
0.2,23,34,13.05543333
0.2,0,34,12.68656533
0.2,5,34,13.636496
0.2,9,34,12.80451867
0.2,14,34,12.92187067
0.2,18,34,12.76326133
0.2,23,34,13.16950533
0.2,0,34,12.80820667
0.2,5,34,12.74513067
0.2,9,34,12.86692267
0.2,14,34,13.98652933
0.2,18,34,12.88955467
0.2,23,34,13.12848667
0.2,0,34,12.83711333
0.2,5,34,12.815468
0.2,9,34,12.910888
0.2,14,34,13.02557333
0.2,18,34,12.97151333
0.2,23,34,13.30166667
0.2,0,33,12.52058533
0.2,5,33,12.69963867
0.2,9,33,12.67823467
0.2,14,33,12.66718133
0.2,18,33,12.88910533
0.2,23,33,13.12158533
0.2,0,33,12.616988
0.2,5,33,12.60342
0.2,9,33,12.69242533
0.2,14,33,12.70723467
0.2,18,33,12.88540667
0.2,23,33,13.0752
0.2,0,33,12.665408
0.2,5,33,12.62692933
0.2,9,33,12.776336
0.2,14,33,12.88986533
0.2,18,33,12.809748
0.2,23,33,13.24618133
0.2,0,33,12.752564
0.2,5,33,12.63014267
0.2,9,33,12.832884
0.2,14,33,12.92369733
0.2,18,33,12.91057733
0.2,23,33,13.27205067
0.2,0,33,12.852012
0.2,5,33,12.799252
0.2,9,33,12.79273067
0.2,14,33,13.00133867
0.2,18,33,12.951556
0.2,23,33,13.28589067
0.2,0,33,12.87997067
0.2,5,33,12.80642133
0.2,9,33,12.91024267
0.2,14,33,12.94489867
0.2,18,33,13.042148
0.2,23,33,13.34323067
0.2,0,32,12.55713733
0.2,5,32,12.594524
0.2,9,32,12.701652
0.2,14,32,12.76942267
0.2,18,32,12.764556
0.2,0,32,12.24656133
0.2,5,32,12.39305333
0.2,9,32,12.36608267
0.2,14,32,12.44108667
0.2,18,32,12.60345867
0.2,0,32,12.32778533
0.2,5,32,12.46735333
0.2,9,32,12.34839733
0.2,14,32,12.562372
0.2,18,32,12.645452
0.2,0,32,13.50725333
0.2,5,32,12.459664
0.2,9,32,12.43461733
0.2,14,32,12.630268
0.2,18,32,12.75781467
0.2,0,32,12.49757067
0.2,5,32,12.50187467
0.2,9,32,12.431976
0.2,14,32,12.656392
0.2,18,32,12.68565867
0.2,0,32,12.530548
0.2,5,32,12.56214533
0.2,9,32,12.47561333
0.2,14,32,12.65459733
0.2,18,32,12.797244
0.2,0,31,12.49263333
0.2,5,31,12.64604933
0.2,9,31,12.68328267
0.2,14,31,12.68366533
0.2,18,31,12.856352
0.2,0,31,12.61502533
0.2,5,31,12.54346933
0.2,9,31,12.71793867
0.2,14,31,12.80203067
0.2,18,31,12.81782933
0.2,0,31,12.64968
0.2,5,31,12.55712667
0.2,9,31,12.765156
0.2,14,31,12.803828
0.2,18,31,12.867976
0.2,0,31,12.76192
0.2,5,31,12.63839867
0.2,9,31,12.786944
0.2,14,31,12.91046933
0.2,18,31,12.91268267
0.2,0,31,12.82862667
0.2,5,31,12.76199333
0.2,9,31,12.816328
0.2,14,31,13.00056267
0.2,18,31,12.99014267
0.2,0,31,12.823752
0.2,5,31,12.857788
0.2,9,31,12.8105
0.2,14,31,13.02403333
0.2,18,31,13.05164533
0.2,0,30,12.5754
0.2,5,30,12.54749333
0.2,9,30,12.685828
0.2,14,30,12.740496
0.2,18,30,12.803376
0.2,0,30,12.61216933
0.2,5,30,12.62782
0.2,9,30,12.57477867
0.2,14,30,12.82423467
0.2,18,30,12.90573467
0.2,0,30,12.52034133
0.2,5,30,12.68609333
0.2,9,30,12.60297067
0.2,14,30,12.79548533
0.2,18,30,12.97410533
0.2,0,30,12.60243467
0.2,5,30,12.7428
0.2,9,30,12.66877733
0.2,14,30,12.907292
0.2,18,30,13.03901733
0.2,0,30,12.58959067
0.2,5,30,12.80894267
0.2,9,30,12.76653333
0.2,14,30,12.780776
0.2,18,30,13.13377467
0.2,0,30,12.80093467
0.2,5,30,12.74788533
0.2,9,30,12.914244
0.2,14,30,13.03405467
0.2,18,30,13.14579867
0.2,0,29,12.56774133
0.2,5,29,12.62761867
0.2,9,29,12.524076
0.2,14,29,12.78985067
0.2,18,29,12.985956
0.2,0,29,12.50719467
0.2,5,29,12.68420933
0.2,9,29,12.75295867
0.2,14,29,12.68382
0.2,18,29,13.088228
0.2,0,29,12.65583333
0.2,5,29,12.63115333
0.2,9,29,12.61610133
0.2,14,29,12.91900133
0.2,18,29,13.11458533
0.2,0,29,12.58814133
0.2,5,29,12.77791733
0.2,9,29,12.70293733
0.2,14,29,12.88758933
0.2,18,29,13.09362933
0.2,0,29,12.822584
0.2,5,29,12.807368
0.2,9,29,12.760184
0.2,14,29,13.018888
0.2,18,29,13.17571333
0.2,0,29,12.82870267
0.2,5,29,12.86406533
0.2,9,29,12.735608
0.2,14,29,13.01925867
0.2,18,29,13.28176267
0.2,0,28,12.57961333
0.2,5,28,12.63449733
0.2,9,28,12.528276
0.2,14,28,12.796952
0.2,0,28,12.30911733
0.2,5,28,12.37882533
0.2,9,28,12.247
0.2,14,28,12.58312267
0.2,0,28,12.36907067
0.2,5,28,12.29445733
0.2,9,28,12.47066533
0.2,14,28,12.54343733
0.2,0,28,12.35499733
0.2,5,28,12.458624
0.2,9,28,12.31840667
0.2,14,28,12.67505733
0.2,0,28,12.46909733
0.2,5,28,12.3975
0.2,9,28,12.55900533
0.2,14,28,12.73516933
0.2,0,28,12.31996533
0.2,5,28,12.59093867
0.2,9,28,12.590248
0.2,14,28,12.63070933
0.2,0,27,12.614784
0.2,5,27,12.52840667
0.2,9,27,12.626744
0.2,14,27,12.81788133
0.2,0,27,12.48384133
0.2,5,27,12.65720933
0.2,9,27,12.586412
0.2,14,27,12.83911867
0.2,0,27,12.60276267
0.2,5,27,12.62919333
0.2,9,27,12.74511067
0.2,14,27,12.7398
0.2,0,27,12.72946667
0.2,5,27,12.749192
0.2,9,27,12.605592
0.2,14,27,13.014748
0.2,0,27,12.75093467
0.2,5,27,12.705756
0.2,9,27,12.85669333
0.2,14,27,12.86942667
0.2,0,27,12.76809467
0.2,5,27,12.85406
0.2,9,27,12.68966133
0.2,14,27,13.10208
0.2,0,26,12.515036
0.2,5,26,12.53049867
0.2,9,26,12.65819733
0.2,14,26,12.76938133
0.2,0,26,12.56345067
0.2,5,26,12.627024
0.2,9,26,12.49748933
0.2,14,26,12.917508
0.2,0,26,12.587336
0.2,5,26,12.53030933
0.2,9,26,12.70857067
0.2,14,26,12.872124
0.2,0,26,12.65348267
0.2,5,26,12.73102667
0.2,9,26,12.600708
0.2,14,26,13.042328
0.2,0,26,12.73457733
0.2,5,26,12.63048533
0.2,9,26,12.82327333
0.2,14,26,12.98882667
0.2,0,26,12.812536
0.2,5,26,12.79183867
0.2,9,26,12.77672533
0.2,14,26,13.186208
0.2,0,25,12.42326267
0.2,5,25,12.627272
0.2,9,25,12.60372267
0.2,0,25,12.26154133
0.2,5,25,12.38227733
0.2,9,25,12.27738133
0.2,0,25,12.341324
0.2,5,25,12.34569867
0.2,9,25,12.31421333
0.2,0,25,12.37180667
0.2,5,25,12.46429467
0.2,9,25,12.31127333
0.2,0,25,12.52119733
0.2,5,25,12.35728667
0.2,9,25,12.575
0.2,0,25,12.41017067
0.2,5,25,12.46552267
0.2,9,25,12.56588933
0.2,0,24,12.52988267
0.2,5,24,12.58944533
0.2,9,24,12.552784
0.2,0,24,12.60930933
0.2,5,24,12.55238133
0.2,9,24,12.64341867
0.2,0,24,12.61870667
0.2,5,24,12.480352
0.2,9,24,12.73982667
0.2,0,24,12.64268267
0.2,5,24,12.62180133
0.2,9,24,12.831172
0.2,0,24,12.582852
0.2,5,24,12.80606133
0.2,9,24,12.87878667
0.2,0,24,12.64518267
0.2,5,24,12.86010133
0.2,9,24,12.88993067
0.2,0,23,12.57948933
0.2,5,23,12.47230267
0.2,9,23,12.69905333
0.2,0,23,12.577592
0.2,5,23,12.588844
0.2,9,23,12.75198933
0.2,0,23,12.48985067
0.2,5,23,12.707064
0.2,9,23,12.72186933
0.2,0,23,12.61651733
0.2,5,23,12.74457467
0.2,9,23,12.65621333
0.2,0,23,12.72893467
0.2,5,23,12.82797867
0.2,9,23,12.720572
0.2,0,23,12.831492
0.2,5,23,12.72488667
0.2,9,23,12.86303333
0.2,0,22,12.55518933
0.2,5,22,12.54932
0.2,9,22,12.75889067
0.2,0,22,12.44100933
0.2,5,22,12.682064
0.2,9,22,12.72002133
0.2,0,22,12.49870933
0.2,5,22,12.72946133
0.2,9,22,12.66047333
0.2,0,22,12.706556
0.2,5,22,12.73385867
0.2,9,22,12.72451467
0.2,0,22,12.779064
0.2,5,22,12.701472
0.2,9,22,12.852976
0.2,0,22,12.833964
0.2,5,22,12.73922267
0.2,9,22,12.970312
0.2,0,21,12.44251733
0.2,5,21,12.654348
0.2,9,21,12.61262933
0.2,0,21,12.612644
0.2,5,21,12.56415867
0.2,9,21,12.63559467
0.2,0,21,12.64724
0.2,5,21,12.51513867
0.2,9,21,12.80510667
0.2,0,21,12.629296
0.2,5,21,12.577484
0.2,9,21,12.83945467
0.2,0,21,12.58399867
0.2,5,21,12.821008
0.2,9,21,12.892748
0.2,0,21,12.63325333
0.2,5,21,12.830344
0.2,9,21,12.88828133
0.2,0,20,12.60933467
0.2,5,20,12.48122
0.2,0,20,12.306772
0.2,5,20,13.528436
0.2,0,20,12.33906267
0.2,5,20,12.365372
0.2,0,20,12.41140933
0.2,5,20,12.36252133
0.2,0,20,12.45138667
0.2,5,20,12.59905467
0.2,0,20,12.34186933
0.2,5,20,12.599544
0.8,0,74,12.92366
0.8,5,74,13.32931333
0.8,9,74,13.43034267
0.8,14,74,13.657556
0.8,18,74,14.03532
0.8,23,74,14.476432
0.8,0,74,13.12890667
0.8,5,74,13.33521733
0.8,9,74,13.33775867
0.8,14,74,13.88816267
0.8,18,74,14.07334267
0.8,23,74,14.32986667
0.8,0,74,13.26024133
0.8,5,74,13.38807067
0.8,9,74,13.37779067
0.8,14,74,13.903412
0.8,18,74,14.04582667
0.8,23,74,14.34387333
0.8,0,74,13.29256533
0.8,5,74,13.36418267
0.8,9,74,13.428204
0.8,14,74,13.98215867
0.8,18,74,14.125968
0.8,23,74,14.48280267
0.8,0,74,13.38742667
0.8,5,74,13.43086
0.8,9,74,13.611336
0.8,14,74,14.044368
0.8,18,74,14.153636
0.8,23,74,14.665296
0.8,0,74,13.33072
0.8,5,74,13.60565333
0.8,9,74,13.59646533
0.8,14,74,14.07340933
0.8,18,74,14.21573067
0.8,23,74,14.755576
0.8,0,73,13.100404
0.8,5,73,13.169868
0.8,9,73,13.47113867
0.8,14,73,13.73270133
0.8,18,73,14.00187067
0.8,23,73,14.41057067
0.8,0,73,13.232056
0.8,5,73,13.156744
0.8,9,73,13.50999867
0.8,14,73,13.87232933
0.8,18,73,13.902944
0.8,23,73,14.45389067
0.8,0,73,13.285812
0.8,5,73,13.21270933
0.8,9,73,13.52196533
0.8,14,73,13.837712
0.8,18,73,13.89875733
0.8,23,73,14.4389
0.8,0,73,13.20138133
0.8,5,73,13.354472
0.8,9,73,13.48694133
0.8,14,73,13.90092933
0.8,18,73,13.924924
0.8,23,73,14.506872
0.8,0,73,13.42325333
0.8,5,73,13.37233733
0.8,9,73,13.6363
0.8,14,73,14.04975067
0.8,18,73,14.01646133
0.8,23,73,14.62514133
0.8,0,73,13.41140133
0.8,5,73,13.49349733
0.8,9,73,13.68837333
0.8,14,73,13.91900933
0.8,18,73,14.15826667
0.8,23,73,15.86700933
0.8,0,68,13.023248
0.8,5,68,13.20820933
0.8,9,68,13.42196933
0.8,14,68,13.61840267
0.8,18,68,13.98186533
0.8,23,68,14.38193867
0.8,0,68,13.154352
0.8,5,68,13.19634667
0.8,9,68,13.46512267
0.8,14,68,13.70157867
0.8,18,68,14.026568
0.8,23,68,14.3168
0.8,0,68,13.173276
0.8,5,68,13.34165333
0.8,9,68,13.34365733
0.8,14,68,13.83029467
0.8,18,68,14.03559067
0.8,23,68,14.33768
0.8,0,68,13.23538
0.8,5,68,13.397896
0.8,9,68,13.405676
0.8,14,68,13.934648
0.8,18,68,14.118704
0.8,23,68,14.415528
0.8,0,68,12.89396667
0.8,5,68,13.19351733
0.8,9,68,14.541324
0.8,14,68,13.69058533
0.8,18,68,13.724148
0.8,23,68,14.39288267
0.8,0,68,13.11031467
0.8,5,68,13.15110533
0.8,9,68,13.311268
0.8,14,68,13.79625467
0.8,18,68,13.92849067
0.8,23,68,14.333252
0.8,0,63,13.12482133
0.8,5,63,13.176512
0.8,9,63,13.43525733
0.8,14,63,13.81544267
0.8,18,63,13.906128
0.8,23,63,14.37382933
0.8,0,63,13.07641867
0.8,5,63,14.461836
0.8,9,63,13.450448
0.8,14,63,13.78577067
0.8,18,63,13.90961733
0.8,23,63,14.455564
0.8,0,63,13.25365333
0.8,5,63,13.26928
0.8,9,63,14.02872533
0.8,14,63,14.32636267
0.8,18,63,14.03667067
0.8,23,63,14.52163333
0.8,0,63,13.14512133
0.8,5,63,13.45017467
0.8,9,63,13.57221467
0.8,14,63,13.81360933
0.8,18,63,14.088416
0.8,23,63,14.55863733
0.8,0,63,13.21489067
0.8,5,63,13.51824933
0.8,9,63,13.60469067
0.8,14,63,13.93777867
0.8,18,63,14.198636
0.8,23,63,14.69769467
0.8,0,63,13.28462933
0.8,5,63,13.55886
0.8,9,63,13.66336933
0.8,14,63,14.035648
0.8,18,63,14.13382133
0.8,23,63,14.809996
0.8,0,58,12.96878
0.8,5,58,13.27100933
0.8,9,58,13.41582
0.8,14,58,13.68269067
0.8,18,58,13.96965067
0.8,23,58,14.36516267
0.8,0,58,13.162776
0.8,5,58,13.21168267
0.8,9,58,13.4854
0.8,14,58,13.72258933
0.8,18,58,13.95627333
0.8,23,58,14.41566267
0.8,0,58,13.24527333
0.8,5,58,13.197372
0.8,9,58,13.52560667
0.8,14,58,13.87354133
0.8,18,58,13.97031733
0.8,23,58,14.42333067
0.8,0,58,13.24364667
0.8,5,58,13.33444533
0.8,9,58,13.53344133
0.8,14,58,13.76695333
0.8,18,58,14.096268
0.8,23,58,14.51706667
0.8,0,58,13.26399333
0.8,5,58,13.35661733
0.8,9,58,13.64819467
0.8,14,58,14.01128
0.8,18,58,14.05646
0.8,23,58,14.616724
0.8,0,58,13.44333067
0.8,5,58,13.496228
0.8,9,58,13.669312
0.8,14,58,14.01628
0.8,18,58,14.18290533
0.8,23,58,14.70126533
0.8,0,53,13.06078933
0.8,5,53,13.39259733
0.8,9,53,13.553304
0.8,14,53,13.73263333
0.8,18,53,14.03303067
0.8,23,53,14.444324
0.8,0,53,13.24868133
0.8,5,53,13.18024933
0.8,9,53,13.514124
0.8,14,53,13.81700267
0.8,18,53,13.96932533
0.8,23,53,14.45577067
0.8,0,53,13.187428
0.8,5,53,13.31354667
0.8,9,53,13.472692
0.8,14,53,13.89562133
0.8,18,53,14.49251333
0.8,23,53,15.08039867
0.8,0,53,13.95263467
0.8,5,53,13.85661867
0.8,9,53,13.59222133
0.8,14,53,13.80095067
0.8,18,53,14.12388133
0.8,23,53,14.57765867
0.8,0,53,13.35957867
0.8,5,53,13.363336
0.8,9,53,13.710792
0.8,14,53,13.98902667
0.8,18,53,14.16823733
0.8,23,53,14.57188
0.8,0,53,13.43367467
0.8,5,53,13.55910267
0.8,9,53,13.70226667
0.8,14,53,14.087624
0.8,18,53,14.22077733
0.8,23,53,14.83189733
0.8,0,48,14.12619067
0.8,5,48,13.29287733
0.8,9,48,13.442996
0.8,14,48,13.74870933
0.8,18,48,13.874584
0.8,23,48,14.41584267
0.8,0,48,13.226772
0.8,5,48,13.32621067
0.8,9,48,13.33808133
0.8,14,48,13.817484
0.8,18,48,14.027076
0.8,23,48,14.46774133
0.8,0,48,13.14800533
0.8,5,48,13.317584
0.8,9,48,13.51115067
0.8,14,48,13.72952133
0.8,18,48,14.04833733
0.8,23,48,14.51814
0.8,0,48,13.28134667
0.8,5,48,13.39945733
0.8,9,48,13.59241733
0.8,14,48,13.913808
0.8,18,48,14.120696
0.8,23,48,14.51540667
0.8,0,48,13.32627067
0.8,5,48,13.39109867
0.8,9,48,13.70460267
0.8,14,48,13.95744133
0.8,18,48,14.137284
0.8,23,48,14.69212267
0.8,0,48,13.34995867
0.8,5,48,13.48389067
0.8,9,48,13.614176
0.8,14,48,14.090036
0.8,18,48,14.28753067
0.8,23,48,14.822208
0.8,0,43,13.08193733
0.8,5,43,13.28344267
0.8,9,43,13.350584
0.8,14,43,13.82385867
0.8,18,43,13.9139
0.8,23,43,14.399064
0.8,0,43,13.211156
0.8,5,43,13.28080133
0.8,9,43,13.46771733
0.8,14,43,13.79170133
0.8,18,43,14.82410133
0.8,23,43,14.402232
0.8,0,43,14.381868
0.8,5,43,13.37860667
0.8,9,43,13.57133467
0.8,14,43,13.86020533
0.8,18,43,13.987616
0.8,23,43,14.47537867
0.8,0,43,13.26031467
0.8,5,43,13.25774667
0.8,9,43,14.70255867
0.8,14,43,13.905956
0.8,18,43,14.058668
0.8,23,43,14.540664
0.8,0,43,13.333916
0.8,5,43,13.35496533
0.8,9,43,13.57125467
0.8,14,43,13.94133867
0.8,18,43,14.11875733
0.8,23,43,14.651272
0.8,0,43,13.34848133
0.8,5,43,13.502972
0.8,9,43,13.65489867
0.8,14,43,14.037192
0.8,18,43,14.11136267
0.8,23,43,14.73903467
0.8,0,38,13.123208
0.8,5,38,13.24054
0.8,9,38,13.34400133
0.8,14,38,13.710088
0.8,18,38,13.99466
0.8,23,38,14.41740667
0.8,0,38,13.18070533
0.8,5,38,13.23892133
0.8,9,38,13.45909067
0.8,14,38,13.77594533
0.8,18,38,13.958036
0.8,23,38,14.42142
0.8,0,38,14.215744
0.8,5,38,13.36208933
0.8,9,38,13.473688
0.8,14,38,13.82634133
0.8,18,38,14.08609333
0.8,23,38,14.53967867
0.8,0,38,13.26590533
0.8,5,38,13.333968
0.8,9,38,13.54636667
0.8,14,38,13.83397067
0.8,18,38,14.073928
0.8,23,38,14.55053733
0.8,0,38,13.261708
0.8,5,38,13.46139733
0.8,9,38,13.56294133
0.8,14,38,13.933268
0.8,18,38,14.11210533
0.8,23,38,14.72470533
0.8,0,38,14.33759333
0.8,5,38,13.490916
0.8,9,38,13.66559467
0.8,14,38,14.03300133
0.8,18,38,14.17808
0.8,23,38,14.75122933
0.8,0,37,13.013664
0.8,5,37,13.290564
0.8,9,37,13.416388
0.8,14,37,13.693196
0.8,18,37,13.91605467
0.8,23,37,14.41800133
0.8,0,37,13.14652267
0.8,5,37,13.218524
0.8,9,37,13.36228667
0.8,14,37,13.77922
0.8,18,37,13.98274933
0.8,23,37,14.10353733
0.8,0,37,12.959204
0.8,5,37,13.015052
0.8,9,37,13.24940533
0.8,14,37,13.57080267
0.8,18,37,13.76789333
0.8,23,37,14.257948
0.8,0,37,13.01899733
0.8,5,37,13.127124
0.8,9,37,13.30021867
0.8,14,37,13.67350533
0.8,18,37,13.78701067
0.8,23,37,14.30600133
0.8,0,37,13.08916
0.8,5,37,13.18005733
0.8,9,37,13.245024
0.8,14,37,13.74243067
0.8,18,37,13.835032
0.8,23,37,14.467744
0.8,0,37,13.11362
0.8,5,37,13.25764933
0.8,9,37,13.38460933
0.8,14,37,13.74531067
0.8,18,37,13.92021867
0.8,23,37,14.54205733
0.8,0,36,13.15418133
0.8,5,36,13.26909733
0.8,9,36,13.40082533
0.8,14,36,13.79398533
0.8,18,36,13.98848533
0.8,23,36,14.502932
0.8,0,36,13.22914933
0.8,5,36,13.182892
0.8,9,36,13.49565733
0.8,14,36,13.837988
0.8,18,36,14.00387467
0.8,23,36,14.52230667
0.8,0,36,13.15330933
0.8,5,36,13.30393067
0.8,9,36,13.49112
0.8,14,36,13.81641467
0.8,18,36,14.00467067
0.8,23,36,14.57498533
0.8,0,36,13.23633867
0.8,5,36,13.36484133
0.8,9,36,13.442792
0.8,14,36,15.07446533
0.8,18,36,14.109236
0.8,23,36,14.66600933
0.8,0,36,13.33971867
0.8,5,36,13.48072533
0.8,9,36,13.58787733
0.8,14,36,13.939316
0.8,18,36,14.12966667
0.8,23,36,14.786556
0.8,0,36,13.384836
0.8,5,36,13.55440533
0.8,9,36,13.66777467
0.8,14,36,13.960316
0.8,18,36,14.237348
0.8,23,36,14.902792
0.8,0,35,13.187152
0.8,5,35,13.21759867
0.8,9,35,13.42938267
0.8,14,35,13.78411333
0.8,18,35,13.94964533
0.8,23,35,14.60187867
0.8,0,35,13.17847333
0.8,5,35,13.30965867
0.8,9,35,13.43474933
0.8,14,35,13.839764
0.8,18,35,14.03978
0.8,23,35,14.61903467
0.8,0,35,13.20581467
0.8,5,35,13.34074
0.8,9,35,13.49951067
0.8,14,35,13.74605467
0.8,18,35,14.07072533
0.8,23,35,14.73886533
0.8,0,35,13.26172533
0.8,5,35,13.39250667
0.8,9,35,13.57591733
0.8,14,35,13.88911467
0.8,18,35,14.10830933
0.8,23,35,14.80371067
0.8,0,35,13.33667333
0.8,5,35,13.45543333
0.8,9,35,13.53263333
0.8,14,35,13.95428933
0.8,18,35,14.156508
0.8,23,35,14.881768
0.8,0,35,13.389064
0.8,5,35,13.53433067
0.8,9,35,13.70807867
0.8,14,35,14.07244933
0.8,18,35,14.272084
0.8,23,35,15.02131733
0.8,0,34,13.12015333
0.8,5,34,13.19824133
0.8,9,34,13.40413733
0.8,14,34,13.76142667
0.8,18,34,13.96753067
0.8,23,34,14.81721867
0.8,0,34,13.16912133
0.8,5,34,13.280108
0.8,9,34,13.41255467
0.8,14,34,13.721636
0.8,18,34,13.981576
0.8,23,34,14.82874933
0.8,0,34,13.19637867
0.8,5,34,13.298092
0.8,9,34,13.46576
0.8,14,34,13.75469333
0.8,18,34,14.03466133
0.8,23,34,14.934496
0.8,0,34,13.289108
0.8,5,34,13.39824667
0.8,9,34,13.516464
0.8,14,34,13.85716267
0.8,18,34,14.08281067
0.8,23,34,15.00162133
0.8,0,34,13.34723067
0.8,5,34,13.48020533
0.8,9,34,13.62490933
0.8,14,34,13.92992133
0.8,18,34,14.18443733
0.8,23,34,15.07312
0.8,0,34,13.41442667
0.8,5,34,13.54365733
0.8,9,34,13.696276
0.8,14,34,14.000156
0.8,18,34,14.20837067
0.8,23,34,15.19195333
0.8,0,33,13.17120267
0.8,5,33,13.29509467
0.8,9,33,13.38978267
0.8,14,33,13.80328667
0.8,18,33,14.06959333
0.8,23,33,15.12260933
0.8,0,33,13.19636667
0.8,5,33,13.31560933
0.8,9,33,14.577388
0.8,14,33,13.87752
0.8,18,33,14.08096533
0.8,23,33,15.138068
0.8,0,33,13.21176267
0.8,5,33,13.33100533
0.8,9,33,13.50187067
0.8,14,33,13.85879333
0.8,18,33,14.16319733
0.8,23,33,15.21812933
0.8,0,33,13.28118133
0.8,5,33,13.62816
0.8,9,33,14.2276
0.8,14,33,13.91924
0.8,18,33,14.21036533
0.8,23,33,15.26854267
0.8,0,33,13.37735333
0.8,5,33,13.46948933
0.8,9,33,13.60760133
0.8,14,33,14.01921467
0.8,18,33,14.31273067
0.8,23,33,15.07688
0.8,0,33,13.096176
0.8,5,33,13.24915733
0.8,9,33,13.35211067
0.8,14,33,13.753652
0.8,18,33,14.03614533
0.8,23,33,15.09516133
0.8,0,32,13.10104933
0.8,5,32,13.327844
0.8,9,32,13.49636133
0.8,14,32,13.82602
0.8,18,32,14.18640267
0.8,0,32,12.795532
0.8,5,32,13.08151333
0.8,9,32,13.195124
0.8,14,32,13.57813333
0.8,18,32,14.01511867
0.8,0,32,12.94856667
0.8,5,32,14.107564
0.8,9,32,13.24612667
0.8,14,32,13.59644
0.8,18,32,13.998016
0.8,0,32,13.00736
0.8,5,32,13.12188667
0.8,9,32,13.24043867
0.8,14,32,13.666328
0.8,18,32,14.05286667
0.8,0,32,13.07352933
0.8,5,32,13.18893333
0.8,9,32,13.35078267
0.8,14,32,13.75290933
0.8,18,32,14.14468667
0.8,0,32,13.12285067
0.8,5,32,13.25064267
0.8,9,32,13.40835467
0.8,14,32,13.78825467
0.8,18,32,14.23906267
0.8,0,31,13.09923333
0.8,5,31,13.21565733
0.8,9,31,13.42041333
0.8,14,31,13.857548
0.8,18,31,14.238904
0.8,0,31,13.18372533
0.8,5,31,13.318668
0.8,9,31,14.64066
0.8,14,31,13.93279733
0.8,18,31,14.32056533
0.8,0,31,13.236248
0.8,5,31,13.37592533
0.8,9,31,13.53140133
0.8,14,31,13.93360933
0.8,18,31,14.31324
0.8,0,31,13.271176
0.8,5,31,13.43194533
0.8,9,31,13.49257733
0.8,14,31,13.54245067
0.8,18,31,14.08694667
0.8,0,31,13.061632
0.8,5,31,13.192564
0.8,9,31,13.337764
0.8,14,31,13.66363733
0.8,18,31,14.194988
0.8,0,31,13.08087467
0.8,5,31,13.18061867
0.8,9,31,13.30677333
0.8,14,31,13.816288
0.8,18,31,14.24366933
0.8,0,30,13.08696667
0.8,5,30,13.188968
0.8,9,30,14.62698667
0.8,14,30,13.93255467
0.8,18,30,14.34541467
0.8,0,30,13.16937733
0.8,5,30,13.30347067
0.8,9,30,13.45030933
0.8,14,30,13.902536
0.8,18,30,14.378088
0.8,0,30,13.2112
0.8,5,30,13.311088
0.8,9,30,13.403848
0.8,14,30,13.950532
0.8,18,30,14.42529867
0.8,0,30,13.25338
0.8,5,30,13.39378533
0.8,9,30,13.53264133
0.8,14,30,14.00756267
0.8,18,30,14.54418933
0.8,0,30,13.326492
0.8,5,30,13.45490933
0.8,9,30,13.624192
0.8,14,30,14.119904
0.8,18,30,14.72410533
0.8,0,30,13.39720667
0.8,5,30,13.50971733
0.8,9,30,13.66623067
0.8,14,30,14.18906
0.8,18,30,14.782324
0.8,0,29,13.13939733
0.8,5,29,13.34270667
0.8,9,29,13.387004
0.8,14,29,13.98800267
0.8,18,29,14.96014267
0.8,0,29,13.24549467
0.8,5,29,13.29456
0.8,9,29,13.47703467
0.8,14,29,14.01585333
0.8,18,29,15.88229733
0.8,0,29,13.287312
0.8,5,29,13.44825867
0.8,9,29,13.56641333
0.8,14,29,14.041368
0.8,18,29,15.009968
0.8,0,29,13.33108133
0.8,5,29,13.49616667
0.8,9,29,13.58337867
0.8,14,29,14.09415467
0.8,18,29,15.08240533
0.8,0,29,13.35508933
0.8,5,29,13.50575067
0.8,9,29,13.604628
0.8,14,29,14.16922
0.8,18,29,15.16146133
0.8,0,29,13.461552
0.8,5,29,13.57758933
0.8,9,29,13.697384
0.8,14,29,14.29616133
0.8,18,29,14.851444
0.8,0,28,13.12290267
0.8,5,28,13.27219467
0.8,9,28,13.311212
0.8,14,28,14.00365467
0.8,0,28,12.917888
0.8,5,28,13.07307733
0.8,9,28,13.24635067
0.8,14,28,13.81134267
0.8,0,28,12.938088
0.8,5,28,13.05169333
0.8,9,28,13.27445867
0.8,14,28,13.79022133
0.8,0,28,12.98713067
0.8,5,28,13.06490133
0.8,9,28,13.320916
0.8,14,28,13.83948267
0.8,0,28,13.04287333
0.8,5,28,13.22684133
0.8,9,28,13.31316267
0.8,14,28,13.94323333
0.8,0,28,13.07575467
0.8,5,28,13.240712
0.8,9,28,13.30616267
0.8,14,28,13.99358267
0.8,0,27,13.202524
0.8,5,27,13.17078533
0.8,9,27,13.46948933
0.8,14,27,14.07132933
0.8,0,27,13.14328933
0.8,5,27,13.25688667
0.8,9,27,13.50488267
0.8,14,27,14.11369733
0.8,0,27,13.24499733
0.8,5,27,13.33287467
0.8,9,27,13.56433333
0.8,14,27,14.20431467
0.8,0,27,13.27413733
0.8,5,27,13.31920533
0.8,9,27,13.608928
0.8,14,27,14.28641333
0.8,0,27,13.35945467
0.8,5,27,13.479524
0.8,9,27,13.68714133
0.8,14,27,14.37829067
0.8,0,27,13.42644933
0.8,5,27,13.42583867
0.8,9,27,13.73749067
0.8,14,27,14.55144267
0.8,0,26,13.127284
0.8,5,26,13.26754133
0.8,9,26,13.51225867
0.8,14,26,14.376144
0.8,0,26,13.187672
0.8,5,26,13.22355867
0.8,9,26,13.509648
0.8,14,26,14.437988
0.8,0,26,13.22800533
0.8,5,26,13.30182933
0.8,9,26,13.48443733
0.8,14,26,14.48582
0.8,0,26,13.29325333
0.8,5,26,13.41247467
0.8,9,26,13.53025333
0.8,14,26,14.575916
0.8,0,26,13.28917333
0.8,5,26,13.40176933
0.8,9,26,13.64568133
0.8,14,26,14.25865467
0.8,0,26,13.07865333
0.8,5,26,13.21067333
0.8,9,26,13.38392
0.8,14,26,14.43445867
0.8,0,25,13.00448133
0.8,5,25,13.32344133
0.8,9,25,13.555976
0.8,0,25,12.90381067
0.8,5,25,12.95864933
0.8,9,25,13.30090533
0.8,0,25,12.954844
0.8,5,25,13.01455467
0.8,9,25,13.34665867
0.8,0,25,13.01971467
0.8,5,25,13.06176933
0.8,9,25,13.395648
0.8,0,25,13.053196
0.8,5,25,13.16199733
0.8,9,25,13.44598267
0.8,0,25,13.076932
0.8,5,25,13.19928133
0.8,9,25,13.30805867
0.8,0,24,13.162488
0.8,5,24,13.278064
0.8,9,24,13.497512
0.8,0,24,13.18629333
0.8,5,24,13.25705333
0.8,9,24,13.58675467
0.8,0,24,13.22783867
0.8,5,24,13.33052933
0.8,9,24,13.5264
0.8,0,24,13.29406267
0.8,5,24,13.42750267
0.8,9,24,13.55188933
0.8,0,24,13.38196267
0.8,5,24,13.490952
0.8,9,24,13.714044
0.8,0,24,13.37589333
0.8,5,24,13.54793333
0.8,9,24,13.758928
0.8,0,23,13.06421733
0.8,5,23,13.30974933
0.8,9,23,13.58054
0.8,0,23,13.11257867
0.8,5,23,13.36597467
0.8,9,23,13.62488267
0.8,0,23,13.17536667
0.8,5,23,13.41496667
0.8,9,23,13.62419867
0.8,0,23,13.234648
0.8,5,23,13.41249733
0.8,9,23,13.60669333
0.8,0,23,13.35315333
0.8,5,23,13.46496533
0.8,9,23,13.684712
0.8,0,23,13.41225733
0.8,5,23,13.59814667
0.8,9,23,13.81201333
0.8,0,22,13.02729867
0.8,5,22,13.34458667
0.8,9,22,14.71606533
0.8,0,22,13.17382667
0.8,5,22,13.32978133
0.8,9,22,13.62034
0.8,0,22,13.23512133
0.8,5,22,13.28873467
0.8,9,22,13.69066267
0.8,0,22,13.27975333
0.8,5,22,13.35540933
0.8,9,22,13.75080533
0.8,0,22,13.32967067
0.8,5,22,13.44796133
0.8,9,22,13.83262933
0.8,0,22,13.34193067
0.8,5,22,13.47073467
0.8,9,22,13.87243067
0.8,0,21,13.048168
0.8,5,21,13.34695067
0.8,9,21,13.803472
0.8,0,21,13.16874
0.8,5,21,13.32279333
0.8,9,21,13.814528
0.8,0,21,13.20582667
0.8,5,21,13.753712
0.8,9,21,13.58856533
0.8,0,21,12.940184
0.8,5,21,13.18877867
0.8,9,21,13.64809067
0.8,0,21,12.89270533
0.8,5,21,13.33732533
0.8,9,21,13.79983867
0.8,0,21,13.087
0.8,5,21,13.16141467
0.8,9,21,13.822108
0.8,0,20,13.18064933
0.8,5,20,13.30986
0.8,0,20,12.90074933
0.8,5,20,13.04023867
0.8,0,20,12.820204
0.8,5,20,13.17674667
0.8,0,20,13.902948
0.8,5,20,13.20948133
0.8,0,20,13.02593867
0.8,5,20,13.29379467
0.8,0,20,12.99406533
0.8,5,20,13.24844133
0.4,0,74,12.75788133
0.4,5,74,12.69491467
0.4,9,74,12.97177867
0.4,14,74,13.083976
0.4,18,74,13.118328
0.4,23,74,13.42169733
0.4,0,74,12.719788
0.4,5,74,12.89553067
0.4,9,74,13.80988533
0.4,14,74,13.12366933
0.4,18,74,13.226064
0.4,23,74,13.37966
0.4,0,74,12.824348
0.4,5,74,13.899604
0.4,9,74,12.96675867
0.4,14,74,13.10568267
0.4,18,74,13.306744
0.4,23,74,13.403208
0.4,0,74,12.845456
0.4,5,74,12.99357733
0.4,9,74,13.02169867
0.4,14,74,13.20933467
0.4,18,74,13.37762133
0.4,23,74,13.460052
0.4,0,74,13.02712133
0.4,5,74,13.016612
0.4,9,74,12.98575333
0.4,14,74,13.27747733
0.4,18,74,13.34815467
0.4,23,74,13.555364
0.4,0,74,13.000884
0.4,5,74,13.107316
0.4,9,74,13.07044933
0.4,14,74,13.413852
0.4,18,74,13.477096
0.4,23,74,13.69207067
0.4,0,73,12.718584
0.4,5,73,12.80891733
0.4,9,73,12.98021867
0.4,14,73,13.00213867
0.4,18,73,13.19859867
0.4,23,73,13.48662933
0.4,0,73,12.73638667
0.4,5,73,12.84694533
0.4,9,73,13.00178533
0.4,14,73,13.05313867
0.4,18,73,13.22316933
0.4,23,73,13.44015333
0.4,0,73,12.8378
0.4,5,73,12.775196
0.4,9,73,12.969516
0.4,14,73,13.205444
0.4,18,73,13.14265867
0.4,23,73,13.556704
0.4,0,73,12.933692
0.4,5,73,12.87006
0.4,9,73,13.002416
0.4,14,73,13.26101733
0.4,18,73,13.33910533
0.4,23,73,13.47883733
0.4,0,73,12.992912
0.4,5,73,12.95462267
0.4,9,73,13.15581067
0.4,14,73,13.264404
0.4,18,73,13.33708
0.4,23,73,13.674164
0.4,0,73,12.90086267
0.4,5,73,13.09578933
0.4,9,73,13.135844
0.4,14,73,13.25595333
0.4,18,73,13.47085867
0.4,23,73,13.70938667
0.4,0,68,12.753416
0.4,5,68,12.86972133
0.4,9,68,12.95663467
0.4,14,68,13.02191733
0.4,18,68,13.16831467
0.4,23,68,13.435544
0.4,0,68,12.75458267
0.4,5,68,12.90454267
0.4,9,68,12.97915733
0.4,14,68,13.09772267
0.4,18,68,13.14005733
0.4,23,68,13.44077467
0.4,0,68,12.868744
0.4,5,68,12.82649733
0.4,9,68,14.12576267
0.4,14,68,13.16462133
0.4,18,68,13.154996
0.4,23,68,13.486432
0.4,0,68,12.93064533
0.4,5,68,12.95078933
0.4,9,68,12.99910667
0.4,14,68,13.156384
0.4,18,68,13.305656
0.4,23,68,13.58121867
0.4,0,68,12.88911867
0.4,5,68,13.06578667
0.4,9,68,13.05572933
0.4,14,68,13.24438667
0.4,18,68,13.427224
0.4,23,68,13.65482667
0.4,0,68,12.93498267
0.4,5,68,13.11473867
0.4,9,68,13.15310133
0.4,14,68,13.26323333
0.4,18,68,13.49223333
0.4,23,68,13.799492
0.4,0,63,12.75515067
0.4,5,63,12.84134267
0.4,9,63,12.78180533
0.4,14,63,13.14206
0.4,18,63,13.203252
0.4,23,63,13.31229867
0.4,0,63,12.85990667
0.4,5,63,12.75968667
0.4,9,63,12.91795733
0.4,14,63,13.07179467
0.4,18,63,13.16819333
0.4,23,63,13.45828667
0.4,0,63,12.736608
0.4,5,63,12.93634533
0.4,9,63,12.91282667
0.4,14,63,13.05783333
0.4,18,63,13.31432
0.4,23,63,13.478872
0.4,0,63,12.830964
0.4,5,63,12.91074667
0.4,9,63,12.96596667
0.4,14,63,13.23524933
0.4,18,63,13.25991867
0.4,23,63,13.46539067
0.4,0,63,12.970364
0.4,5,63,12.97776
0.4,9,63,13.058232
0.4,14,63,13.313328
0.4,18,63,13.28874933
0.4,23,63,13.637512
0.4,0,63,13.03977467
0.4,5,63,13.024776
0.4,9,63,13.13218933
0.4,14,63,13.21523067
0.4,18,63,13.49314267
0.4,23,63,13.77369467
0.4,0,58,12.61806133
0.4,5,58,12.864132
0.4,9,58,12.94113067
0.4,14,58,12.92802933
0.4,18,58,13.18559733
0.4,23,58,13.425136
0.4,0,58,12.743268
0.4,5,58,13.375312
0.4,9,58,13.49070533
0.4,14,58,13.12046933
0.4,18,58,13.068264
0.4,23,58,13.45082933
0.4,0,58,12.85462533
0.4,5,58,12.759
0.4,9,58,12.98478133
0.4,14,58,13.14492
0.4,18,58,13.09662
0.4,23,58,13.488636
0.4,0,58,12.863512
0.4,5,58,12.81052667
0.4,9,58,13.043592
0.4,14,58,13.23594133
0.4,18,58,13.14663467
0.4,23,58,13.573412
0.4,0,58,12.95808133
0.4,5,58,12.89959467
0.4,9,58,13.095076
0.4,14,58,13.19206133
0.4,18,58,13.35640267
0.4,23,58,13.62202933
0.4,0,58,13.67096667
0.4,5,58,13.16301867
0.4,9,58,13.15878133
0.4,14,58,13.34815733
0.4,18,58,13.32517733
0.4,23,58,13.780292
0.4,0,53,12.696936
0.4,5,53,12.88564
0.4,9,53,12.78396267
0.4,14,53,13.13871867
0.4,18,53,13.24418133
0.4,23,53,13.307252
0.4,0,53,12.81661733
0.4,5,53,12.91296533
0.4,9,53,12.85878667
0.4,14,53,13.10709067
0.4,18,53,13.27260533
0.4,23,53,13.43741733
0.4,0,53,12.80316133
0.4,5,53,12.84726533
0.4,9,53,13.01225067
0.4,14,53,13.10898
0.4,18,53,13.17886933
0.4,23,53,13.53190933
0.4,0,53,12.89345467
0.4,5,53,12.84021333
0.4,9,53,13.07029867
0.4,14,53,13.19293333
0.4,18,53,13.06281867
0.4,23,53,13.14100133
0.4,0,53,12.762908
0.4,5,53,12.707392
0.4,9,53,12.76028267
0.4,14,53,12.97046267
0.4,18,53,13.125728
0.4,23,53,13.23013067
0.4,0,53,12.7364
0.4,5,53,12.74763067
0.4,9,53,12.678372
0.4,14,53,13.05803867
0.4,18,53,13.11091333
0.4,23,53,13.31017067
0.4,0,48,12.78901467
0.4,5,48,12.76700133
0.4,9,48,12.89505733
0.4,14,48,13.14093733
0.4,18,48,13.05986133
0.4,23,48,13.46783467
0.4,0,48,12.84118667
0.4,5,48,12.69671467
0.4,9,48,12.9811
0.4,14,48,13.12835467
0.4,18,48,13.70835467
0.4,23,48,13.76465067
0.4,0,48,12.89491067
0.4,5,48,12.891712
0.4,9,48,12.86543467
0.4,14,48,14.24412133
0.4,18,48,13.31769467
0.4,23,48,13.53806933
0.4,0,48,12.74318533
0.4,5,48,13.02690533
0.4,9,48,13.09466667
0.4,14,48,13.06762533
0.4,18,48,13.31537067
0.4,23,48,13.58671067
0.4,0,48,12.91691067
0.4,5,48,12.94538133
0.4,9,48,13.085768
0.4,14,48,13.30778267
0.4,18,48,13.34105067
0.4,23,48,13.611288
0.4,0,48,13.047168
0.4,5,48,12.96154
0.4,9,48,13.11232133
0.4,14,48,13.35846533
0.4,18,48,13.33775333
0.4,23,48,13.75790133
0.4,0,43,12.672048
0.4,5,43,12.82806533
0.4,9,43,12.929692
0.4,14,43,12.992976
0.4,18,43,13.25017467
0.4,23,43,13.37482933
0.4,0,43,12.713544
0.4,5,43,12.93401467
0.4,9,43,12.896896
0.4,14,43,13.12762133
0.4,18,43,13.25822667
0.4,23,43,13.41073733
0.4,0,43,12.835636
0.4,5,43,12.83704133
0.4,9,43,14.07452267
0.4,14,43,13.15732533
0.4,18,43,14.12886533
0.4,23,43,13.52583867
0.4,0,43,12.90155067
0.4,5,43,12.81135467
0.4,9,43,13.045756
0.4,14,43,13.195732
0.4,18,43,13.24973067
0.4,23,43,13.55831733
0.4,0,43,12.84736133
0.4,5,43,13.100932
0.4,9,43,13.10634133
0.4,14,43,13.20689333
0.4,18,43,13.38777467
0.4,23,43,13.62373467
0.4,0,43,13.00385867
0.4,5,43,13.00805067
0.4,9,43,13.06943067
0.4,14,43,13.3212
0.4,18,43,13.29650267
0.4,23,43,13.73992
0.4,0,38,12.71768667
0.4,5,38,12.72191067
0.4,9,38,12.92773733
0.4,14,38,12.99048
0.4,18,38,13.18938133
0.4,23,38,13.43208
0.4,0,38,12.73171067
0.4,5,38,12.90468267
0.4,9,38,12.82508933
0.4,14,38,13.169232
0.4,18,38,13.17982667
0.4,23,38,13.400264
0.4,0,38,12.92449467
0.4,5,38,12.78655333
0.4,9,38,13.00724
0.4,14,38,13.168336
0.4,18,38,13.14737333
0.4,23,38,13.509648
0.4,0,38,12.84946
0.4,5,38,12.86816267
0.4,9,38,13.05472667
0.4,14,38,13.12727067
0.4,18,38,13.31437333
0.4,23,38,13.51968533
0.4,0,38,12.804272
0.4,5,38,13.08979467
0.4,9,38,13.0192
0.4,14,38,13.19612933
0.4,18,38,13.393312
0.4,23,38,13.54356667
0.4,0,38,13.005724
0.4,5,38,13.01562267
0.4,9,38,13.10322667
0.4,14,38,13.32595067
0.4,18,38,13.29634533
0.4,23,38,13.74105467
0.4,0,37,12.74313333
0.4,5,37,12.71302
0.4,9,37,12.934256
0.4,14,37,13.079044
0.4,18,37,13.191184
0.4,23,37,13.47675867
0.4,0,37,12.67552933
0.4,5,37,12.906664
0.4,9,37,12.88358
0.4,14,37,13.08038
0.4,18,37,13.245268
0.4,23,37,13.44462
0.4,0,37,12.75764667
0.4,5,37,12.98189067
0.4,9,37,12.88119867
0.4,14,37,13.16949333
0.4,18,37,13.26536
0.4,23,37,13.26957867
0.4,0,37,12.89820933
0.4,5,37,12.97732533
0.4,9,37,12.92883467
0.4,14,37,13.24419867
0.4,18,37,13.25450267
0.4,23,37,13.45284267
0.4,0,37,13.03042
0.4,5,37,13.00110133
0.4,9,37,12.99453467
0.4,14,37,13.32192267
0.4,18,37,13.41035867
0.4,23,37,13.61522533
0.4,0,37,13.00743467
0.4,5,37,12.95433867
0.4,9,37,13.21423733
0.4,14,37,13.33948133
0.4,18,37,13.33427333
0.4,23,37,13.80878933
0.4,0,36,12.65265733
0.4,5,36,12.86185067
0.4,9,36,12.86760933
0.4,14,36,13.01681867
0.4,18,36,13.25627333
0.4,23,36,13.39660933
0.4,0,36,12.84176133
0.4,5,36,12.785108
0.4,9,36,12.82866267
0.4,14,36,13.20852267
0.4,18,36,13.16915733
0.4,23,36,13.49965333
0.4,0,36,12.84711067
0.4,5,36,12.75577067
0.4,9,36,13.024084
0.4,14,36,13.15580933
0.4,18,36,13.16473067
0.4,23,36,13.566152
0.4,0,36,12.786164
0.4,5,36,12.86715467
0.4,9,36,13.05593867
0.4,14,36,13.10478133
0.4,18,36,13.21824
0.4,23,36,13.65374933
0.4,0,36,12.870732
0.4,5,36,13.00526533
0.4,9,36,12.924784
0.4,14,36,13.29263733
0.4,18,36,13.37712933
0.4,23,36,13.663712
0.4,0,36,12.98387333
0.4,5,36,12.93921733
0.4,9,36,13.15952
0.4,14,36,13.300412
0.4,18,36,13.29479067
0.4,23,36,13.85957067
0.4,0,35,12.62645733
0.4,5,35,12.78428133
0.4,9,35,12.875072
0.4,14,35,12.90211067
0.4,18,35,13.19027733
0.4,23,35,13.534896
0.4,0,35,12.707672
0.4,5,35,12.85544533
0.4,9,35,12.93243067
0.4,14,35,12.96966267
0.4,18,35,13.21780533
0.4,23,35,13.52261067
0.4,0,35,12.723152
0.4,5,35,12.99882267
0.4,9,35,12.99412133
0.4,14,35,13.082888
0.4,18,35,13.30486533
0.4,23,35,13.484884
0.4,0,35,12.887524
0.4,5,35,12.83972267
0.4,9,35,13.05843333
0.4,14,35,13.08200267
0.4,18,35,13.34407467
0.4,23,35,13.62788933
0.4,0,35,12.886908
0.4,5,35,13.049552
0.4,9,35,12.991412
0.4,14,35,13.339772
0.4,18,35,13.36046133
0.4,23,35,13.62214533
0.4,0,35,13.027888
0.4,5,35,13.10259333
0.4,9,35,12.96157467
0.4,14,35,13.382632
0.4,18,35,13.453568
0.4,23,35,13.70804
0.4,0,34,12.80313067
0.4,5,34,12.69334533
0.4,9,34,12.98474533
0.4,14,34,13.10733733
0.4,18,34,13.07202667
0.4,23,34,13.61399733
0.4,0,34,12.71565067
0.4,5,34,12.80273733
0.4,9,34,12.94441733
0.4,14,34,12.9875
0.4,18,34,13.30039067
0.4,23,34,13.599852
0.4,0,34,12.781608
0.4,5,34,12.9245
0.4,9,34,12.910808
0.4,14,34,13.12108
0.4,18,34,13.29173867
0.4,23,34,13.676552
0.4,0,34,12.82974667
0.4,5,34,12.92246933
0.4,9,34,12.913912
0.4,14,34,13.19802
0.4,18,34,13.30651333
0.4,23,34,13.74414267
0.4,0,34,13.009304
0.4,5,34,12.87067867
0.4,9,34,13.12495467
0.4,14,34,13.314264
0.4,18,34,13.29170933
0.4,23,34,13.903516
0.4,0,34,12.99586133
0.4,5,34,13.028344
0.4,9,34,13.01576133
0.4,14,34,13.408392
0.4,18,34,13.40246667
0.4,23,34,13.95586667
0.4,0,33,12.628648
0.4,5,33,12.86062267
0.4,9,33,12.94094667
0.4,14,33,12.98130133
0.4,18,33,13.239184
0.4,23,33,13.80968533
0.4,0,33,12.64805467
0.4,5,33,12.88815333
0.4,9,33,12.798752
0.4,14,33,13.13723733
0.4,18,33,13.26582
0.4,23,33,13.68771867
0.4,0,33,12.82835867
0.4,5,33,12.837996
0.4,9,33,12.84770267
0.4,14,33,13.20546667
0.4,18,33,13.24158933
0.4,23,33,13.88479067
0.4,0,33,12.87843733
0.4,5,33,12.845872
0.4,9,33,13.046928
0.4,14,33,13.25061867
0.4,18,33,13.25371467
0.4,23,33,13.958952
0.4,0,33,12.77097867
0.4,5,33,12.97741867
0.4,9,33,13.100816
0.4,14,33,13.27138133
0.4,18,33,13.4518
0.4,23,33,13.88062133
0.4,0,33,13.04256
0.4,5,33,13.01052
0.4,9,33,13.13937467
0.4,14,33,13.40337333
0.4,18,33,13.353004
0.4,23,33,14.14844667
0.4,0,32,12.689028
0.4,5,32,12.77038133
0.4,9,32,12.96958267
0.4,14,32,13.06268133
0.4,18,32,13.28832133
0.4,0,32,12.50393867
0.4,5,32,12.53800267
0.4,9,32,12.54707733
0.4,14,32,12.84328133
0.4,18,32,12.969148
0.4,0,32,12.421168
0.4,5,32,12.65996
0.4,9,32,12.70874533
0.4,14,32,12.75808267
0.4,18,32,13.16003333
0.4,0,32,12.604596
0.4,5,32,12.559944
0.4,9,32,12.79850133
0.4,14,32,12.91147467
0.4,18,32,12.969488
0.4,0,32,12.58987867
0.4,5,32,12.80545067
0.4,9,32,12.674188
0.4,14,32,13.04924933
0.4,18,32,13.26227733
0.4,0,32,12.68612133
0.4,5,32,12.78127867
0.4,9,32,12.70030267
0.4,14,32,13.05147733
0.4,18,32,13.33429467
0.4,0,31,12.654156
0.4,5,31,12.86173067
0.4,9,31,12.97098533
0.4,14,31,13.01876533
0.4,18,31,13.386452
0.4,0,31,12.85644533
0.4,5,31,12.70176933
0.4,9,31,13.00400933
0.4,14,31,13.227308
0.4,18,31,13.240196
0.4,0,31,12.83985867
0.4,5,31,12.89323467
0.4,9,31,12.92585067
0.4,14,31,13.21565733
0.4,18,31,13.37763333
0.4,0,31,12.81166133
0.4,5,31,13.02180267
0.4,9,31,12.98617867
0.4,14,31,13.178996
0.4,18,31,13.511516
0.4,0,31,12.91485333
0.4,5,31,12.95237067
0.4,9,31,13.09834533
0.4,14,31,13.35977067
0.4,18,31,13.52268
0.4,0,31,13.03448133
0.4,5,31,13.01868
0.4,9,31,13.168364
0.4,14,31,13.248452
0.4,18,31,13.688776
0.4,0,30,12.82394267
0.4,5,30,12.71888133
0.4,9,30,12.90514667
0.4,14,30,13.17818933
0.4,18,30,13.263932
0.4,0,30,12.803028
0.4,5,30,12.853296
0.4,9,30,12.89870133
0.4,14,30,13.113396
0.4,18,30,13.38377067
0.4,0,30,12.82563867
0.4,5,30,12.73445067
0.4,9,30,13.005076
0.4,14,30,13.26943467
0.4,18,30,13.33515333
0.4,0,30,12.91722933
0.4,5,30,12.88943067
0.4,9,30,12.94782533
0.4,14,30,13.23806267
0.4,18,30,13.51426933
0.4,0,30,12.893124
0.4,5,30,12.977948
0.4,9,30,13.099844
0.4,14,30,13.20245333
0.4,18,30,13.67332933
0.4,0,30,12.99802667
0.4,5,30,12.99193467
0.4,9,30,13.151912
0.4,14,30,13.42791333
0.4,18,30,13.612864
0.4,0,29,12.769156
0.4,5,29,12.72133733
0.4,9,29,12.931032
0.4,14,29,13.12630533
0.4,18,29,13.64922267
0.4,0,29,12.78813467
0.4,5,29,12.761492
0.4,9,29,12.99557067
0.4,14,29,13.22918
0.4,18,29,13.60393867
0.4,0,29,12.889444
0.4,5,29,12.82641733
0.4,9,29,12.86849467
0.4,14,29,13.27542667
0.4,18,29,13.755588
0.4,0,29,12.741208
0.4,5,29,12.99643333
0.4,9,29,13.02758267
0.4,14,29,13.21658667
0.4,18,29,13.84708
0.4,0,29,12.819
0.4,5,29,13.02985733
0.4,9,29,13.11185067
0.4,14,29,13.277528
0.4,18,29,13.85866133
0.4,0,29,13.01300533
0.4,5,29,12.96805733
0.4,9,29,13.145712
0.4,14,29,13.44573067
0.4,18,29,13.9176
0.4,0,28,12.650744
0.4,5,28,12.81001733
0.4,9,28,12.86395467
0.4,14,28,13.03581867
0.4,0,28,12.4245
0.4,5,28,12.59288667
0.4,9,28,12.49406
0.4,14,28,12.993108
0.4,0,28,12.49236667
0.4,5,28,12.602952
0.4,9,28,12.54370533
0.4,14,28,13.01155067
0.4,0,28,12.47044667
0.4,5,28,12.64240933
0.4,9,28,12.783672
0.4,14,28,12.96074933
0.4,0,28,12.659904
0.4,5,28,12.72445867
0.4,9,28,12.74370533
0.4,14,28,13.10655067
0.4,0,28,12.69014533
0.4,5,28,12.66728533
0.4,9,28,12.83046
0.4,14,28,13.17060933
0.4,0,27,12.82181467
0.4,5,27,12.854152
0.4,9,27,12.832676
0.4,14,27,13.305788
0.4,0,27,12.82000267
0.4,5,27,12.84254267
0.4,9,27,13.00982133
0.4,14,27,13.19540267
0.4,0,27,12.87948267
0.4,5,27,12.921324
0.4,9,27,12.96736267
0.4,14,27,13.311476
0.4,0,27,12.918176
0.4,5,27,12.84191467
0.4,9,27,13.02715733
0.4,14,27,13.44672533
0.4,0,27,14.024144
0.4,5,27,13.06791333
0.4,9,27,13.216152
0.4,14,27,14.24585733
0.4,0,27,13.07682667
0.4,5,27,14.11849333
0.4,9,27,13.19982133
0.4,14,27,13.621824
0.4,0,26,12.62207333
0.4,5,26,12.87572533
0.4,9,26,12.9719
0.4,14,26,13.35902
0.4,0,26,12.81594
0.4,5,26,12.84866133
0.4,9,26,13.025108
0.4,14,26,13.339896
0.4,0,26,12.88206667
0.4,5,26,12.89413467
0.4,9,26,12.940904
0.4,14,26,13.44003067
0.4,0,26,12.90836133
0.4,5,26,12.93026933
0.4,9,26,12.87682667
0.4,14,26,13.643928
0.4,0,26,12.97182133
0.4,5,26,13.03027467
0.4,9,26,13.11895867
0.4,14,26,13.724052
0.4,0,26,12.964548
0.4,5,26,13.07468933
0.4,9,26,13.21578267
0.4,14,26,13.82449467
0.4,0,25,12.64228133
0.4,5,25,12.87002933
0.4,9,25,12.97644667
0.4,0,25,12.54429333
0.4,5,25,12.47863067
0.4,9,25,12.67874533
0.4,0,25,12.57981467
0.4,5,25,12.59441867
0.4,9,25,12.66727467
0.4,0,25,12.61836667
0.4,5,25,12.65780267
0.4,9,25,12.81205333
0.4,0,25,12.66271333
0.4,5,25,12.670444
0.4,9,25,12.893688
0.4,0,25,12.69384133
0.4,5,25,12.69124533
0.4,9,25,12.88608667
0.4,0,24,12.748304
0.4,5,24,12.87637467
0.4,9,24,12.90832
0.4,0,24,12.82753467
0.4,5,24,12.884348
0.4,9,24,12.94403733
0.4,0,24,12.857504
0.4,5,24,12.88287867
0.4,9,24,13.04794533
0.4,0,24,12.803396
0.4,5,24,12.97373467
0.4,9,24,13.107812
0.4,0,24,12.93944
0.4,5,24,13.00525733
0.4,9,24,13.10552667
0.4,0,24,12.947728
0.4,5,24,13.0676
0.4,9,24,13.18993333
0.4,0,23,12.65506
0.4,5,23,12.89367333
0.4,9,23,12.92989067
0.4,0,23,12.723476
0.4,5,23,12.89876667
0.4,9,23,12.89025067
0.4,0,23,12.89223733
0.4,5,23,12.89862533
0.4,9,23,12.93537867
0.4,0,23,12.879296
0.4,5,23,12.942732
0.4,9,23,12.95224533
0.4,0,23,12.98032133
0.4,5,23,13.07113867
0.4,9,23,13.14754933
0.4,0,23,13.05257733
0.4,5,23,12.98845067
0.4,9,23,13.25290933
0.4,0,22,12.713512
0.4,5,22,12.893312
0.4,9,22,13.00176267
0.4,0,22,12.65880667
0.4,5,22,12.87344667
0.4,9,22,14.18831333
0.4,0,22,12.86300667
0.4,5,22,12.92915467
0.4,9,22,13.01493733
0.4,0,22,12.88273467
0.4,5,22,12.91806267
0.4,9,22,13.06923333
0.4,0,22,12.96135333
0.4,5,22,13.0085
0.4,9,22,13.20714933
0.4,0,22,12.979272
0.4,5,22,13.06713467
0.4,9,22,13.21509333
0.4,0,21,12.65462267
0.4,5,21,12.93089067
0.4,9,21,13.12315867
0.4,0,21,12.74872533
0.4,5,21,12.98699333
0.4,0,21,12.60641333
0.4,5,21,12.608696
0.4,9,21,12.816076
0.4,0,21,12.55685067
0.4,5,21,12.72808667
0.4,9,21,13.100692
0.4,0,21,13.23668267
0.4,5,21,12.78695333
0.4,9,21,13.72102933
0.4,0,21,13.05250133
0.4,5,21,12.79378133
0.4,9,21,13.03675467
0.4,0,20,13.79271467
0.4,5,20,12.87071867
0.4,0,20,12.406012
0.4,5,20,12.678508
0.4,0,20,12.51668667
0.4,5,20,12.63023867
0.4,0,20,12.63142933
0.4,5,20,12.74308133
0.4,0,20,12.66722533
0.4,5,20,12.65522267
0.4,0,20,12.50570933
0.4,5,20,12.79003467
0.01,0,74,12.297016
0.01,5,74,12.44373867
0.01,9,74,12.41602
0.01,14,74,12.29919867
0.01,18,74,12.46080533
0.01,23,74,12.185332
0.01,0,74,12.170384
0.01,5,74,12.21762533
0.01,9,74,12.11051467
0.01,14,74,12.19752
0.01,18,74,12.18058667
0.01,23,74,12.13889067
0.01,0,74,12.30578
0.01,5,74,12.185128
0.01,9,74,12.17593733
0.01,14,74,12.29094133
0.01,18,74,12.16516133
0.01,23,74,12.194488
0.01,0,74,12.27149333
0.01,5,74,12.11707333
0.01,9,74,12.28077333
0.01,14,74,12.215696
0.01,18,74,12.28168
0.01,23,74,12.26036533
0.01,0,74,12.310344
0.01,5,74,12.26996
0.01,9,74,12.25189333
0.01,14,74,12.34644267
0.01,18,74,12.34173733
0.01,23,74,12.379156
0.01,0,74,12.32448667
0.01,5,74,12.19777467
0.01,9,74,12.327984
0.01,14,74,12.35796667
0.01,18,74,12.22257333
0.01,23,74,12.398852
0.01,0,73,12.31264133
0.01,5,73,12.46338267
0.01,9,73,12.472388
0.01,14,73,12.344952
0.01,18,73,12.40430933
0.01,23,73,12.457312
0.01,0,73,12.4078
0.01,5,73,12.37972533
0.01,9,73,12.48248933
0.01,14,73,12.494464
0.01,18,73,12.41198
0.01,23,73,12.49124933
0.01,0,73,12.401772
0.01,5,73,12.48197867
0.01,9,73,12.42730267
0.01,14,73,12.42639333
0.01,18,73,12.51707867
0.01,23,73,12.396044
0.01,0,73,12.53159467
0.01,5,73,12.59929867
0.01,9,73,12.48796533
0.01,14,73,12.51684267
0.01,18,73,12.30880667
0.01,23,73,12.18287067
0.01,0,73,12.332396
0.01,5,73,12.26203067
0.01,9,73,12.37691467
0.01,14,73,12.29323333
0.01,18,73,12.31817333
0.01,23,73,12.35487333
0.01,0,73,12.29644533
0.01,5,73,12.29229467
0.01,9,73,12.205504
0.01,14,73,12.38874667
0.01,18,73,12.29890667
0.01,23,73,12.34045867
0.01,0,68,12.192
0.01,5,68,12.04433867
0.01,9,68,12.18486
0.01,14,68,12.10760667
0.01,18,68,12.085668
0.01,23,68,12.21214933
0.01,0,68,12.091584
0.01,5,68,12.165584
0.01,9,68,12.25516667
0.01,14,68,12.104144
0.01,18,68,12.20482267
0.01,23,68,12.18487467
0.01,0,68,12.13321867
0.01,5,68,12.22996267
0.01,9,68,12.12410267
0.01,14,68,12.228876
0.01,18,68,12.277284
0.01,23,68,12.12326533
0.01,0,68,12.26961467
0.01,5,68,12.20165333
0.01,9,68,12.21967333
0.01,14,68,12.30812133
0.01,18,68,12.10495867
0.01,23,68,12.347028
0.01,0,68,12.261044
0.01,5,68,12.21295733
0.01,9,68,12.34013733
0.01,14,68,12.29497467
0.01,18,68,12.242516
0.01,23,68,12.39063467
0.01,0,68,12.36067067
0.01,5,68,12.18612933
0.01,9,68,12.35748
0.01,14,68,12.37315733
0.01,18,68,12.22011067
0.01,23,68,12.40227733
0.01,0,63,12.266396
0.01,5,63,12.43988933
0.01,9,63,12.42013733
0.01,14,63,12.27846
0.01,18,63,12.44610533
0.01,23,63,12.44406267
0.01,0,63,12.39496133
0.01,5,63,12.42471867
0.01,9,63,12.47197467
0.01,14,63,12.36137867
0.01,18,63,12.40726667
0.01,23,63,12.357592
0.01,0,63,13.573572
0.01,5,63,12.49949733
0.01,9,63,12.494372
0.01,14,63,13.48301333
0.01,18,63,12.53716
0.01,23,63,12.49765867
0.01,0,63,13.506284
0.01,5,63,12.55822
0.01,9,63,12.50999867
0.01,14,63,13.61711333
0.01,18,63,12.27257467
0.01,23,63,12.22512
0.01,0,63,12.27862533
0.01,5,63,12.33432267
0.01,9,63,12.23504133
0.01,14,63,12.38249467
0.01,18,63,12.333692
0.01,23,63,12.27959067
0.01,0,63,12.36489867
0.01,5,63,12.22396133
0.01,9,63,12.41021733
0.01,14,63,12.28328267
0.01,18,63,12.29705067
0.01,23,63,12.33986933
0.01,0,58,12.37985733
0.01,5,58,12.31215867
0.01,9,58,12.436508
0.01,14,58,12.46751467
0.01,18,58,12.38405867
0.01,23,58,12.40284133
0.01,0,58,12.46186267
0.01,5,58,12.41359333
0.01,9,58,12.41979733
0.01,14,58,12.44892533
0.01,18,58,12.41726133
0.01,23,58,12.51294667
0.01,0,58,12.37468533
0.01,5,58,12.49556933
0.01,9,58,12.471504
0.01,14,58,12.374872
0.01,18,58,12.52350933
0.01,23,58,12.54596933
0.01,0,58,12.44284133
0.01,5,58,12.61769867
0.01,9,58,12.53649067
0.01,14,58,12.44713467
0.01,18,58,12.53386933
0.01,23,58,12.284944
0.01,0,58,12.20252933
0.01,5,58,12.312264
0.01,9,58,12.35772267
0.01,14,58,12.28391733
0.01,18,58,12.24021867
0.01,23,58,12.356144
0.01,0,58,12.32805333
0.01,5,58,12.290084
0.01,9,58,12.24335467
0.01,14,58,12.306044
0.01,18,58,12.37059733
0.01,23,58,12.354008
0.01,0,53,12.37172
0.01,5,53,12.42898533
0.01,9,53,12.47986533
0.01,14,53,12.42615333
0.01,18,53,12.373108
0.01,23,53,12.48337467
0.01,0,53,12.47614267
0.01,5,53,12.32914533
0.01,9,53,12.46722133
0.01,14,53,12.472004
0.01,18,53,12.4183
0.01,23,53,12.50844267
0.01,0,53,12.43534133
0.01,5,53,12.55760267
0.01,9,53,12.39561067
0.01,14,53,12.53802933
0.01,18,53,12.12987733
0.01,23,53,12.29239333
0.01,0,53,12.280796
0.01,5,53,12.15164533
0.01,9,53,12.27389867
0.01,14,53,12.25597067
0.01,18,53,12.17002933
0.01,23,53,12.271344
0.01,0,53,12.30669333
0.01,5,53,12.26136933
0.01,9,53,12.36340133
0.01,14,53,12.26809467
0.01,18,53,12.309148
0.01,23,53,12.36265333
0.01,0,53,12.30065333
0.01,5,53,12.294028
0.01,9,53,12.372784
0.01,14,53,12.267876
0.01,18,53,12.39036
0.01,23,53,12.305808
0.01,0,48,12.48426267
0.01,5,48,12.461852
0.01,9,48,12.38790667
0.01,14,48,12.45322133
0.01,18,48,12.41326667
0.01,23,48,12.422712
0.01,0,48,12.46426667
0.01,5,48,12.43297867
0.01,9,48,12.44047867
0.01,14,48,12.440108
0.01,18,48,12.436792
0.01,23,48,12.39910267
0.01,0,48,12.53714267
0.01,5,48,12.520652
0.01,9,48,12.41857067
0.01,14,48,12.53276
0.01,18,48,12.46047467
0.01,23,48,12.54401467
0.01,0,48,12.52558133
0.01,5,48,12.438856
0.01,9,48,12.573964
0.01,14,48,12.535832
0.01,18,48,12.529452
0.01,23,48,12.57761067
0.01,0,48,12.57930133
0.01,5,48,12.56175467
0.01,9,48,12.58891333
0.01,14,48,12.50460933
0.01,18,48,12.59933333
0.01,23,48,12.61552133
0.01,0,48,12.575512
0.01,5,48,12.64470667
0.01,9,48,12.66975333
0.01,14,48,12.57579067
0.01,18,48,12.682968
0.01,23,48,12.70200533
0.01,0,43,12.27172933
0.01,5,43,12.44249733
0.01,9,43,12.43312133
0.01,14,43,12.32217867
0.01,18,43,12.49143333
0.01,23,43,12.112
0.01,0,43,12.20696667
0.01,5,43,12.197336
0.01,9,43,12.07038933
0.01,14,43,12.210324
0.01,18,43,12.20650267
0.01,23,43,12.106492
0.01,0,43,12.25824
0.01,5,43,12.27473867
0.01,9,43,12.13031733
0.01,14,43,12.270296
0.01,18,43,12.291408
0.01,23,43,12.23148667
0.01,0,43,12.10826667
0.01,5,43,12.273308
0.01,9,43,12.28676
0.01,14,43,12.144628
0.01,18,43,12.318504
0.01,23,43,12.256772
0.01,0,43,12.21856
0.01,5,43,12.31755467
0.01,9,43,12.29446
0.01,14,43,12.243756
0.01,18,43,12.34710133
0.01,23,43,12.32722667
0.01,0,43,12.32176133
0.01,5,43,12.36894533
0.01,9,43,12.24312667
0.01,14,43,12.400996
0.01,18,43,12.35141733
0.01,23,43,12.368048
0.01,0,38,12.29860933
0.01,5,38,12.405268
0.01,9,38,12.43192267
0.01,14,38,12.26544533
0.01,18,38,12.48671467
0.01,23,38,12.4644
0.01,0,38,12.35770667
0.01,5,38,12.49231467
0.01,9,38,12.41815467
0.01,14,38,12.452284
0.01,18,38,12.49614267
0.01,23,38,12.38030667
0.01,0,38,12.47482533
0.01,5,38,12.53072
0.01,9,38,12.44510133
0.01,14,38,12.48190133
0.01,18,38,12.41345733
0.01,23,38,12.51161867
0.01,0,38,12.50891867
0.01,5,38,12.131636
0.01,9,38,12.224072
0.01,14,38,12.23760667
0.01,18,38,12.135872
0.01,23,38,12.26901733
0.01,0,38,12.26199067
0.01,5,38,12.197524
0.01,9,38,12.30385733
0.01,14,38,12.31855733
0.01,18,38,12.19452933
0.01,23,38,12.37355067
0.01,0,38,12.38294533
0.01,5,38,12.221252
0.01,9,38,12.340948
0.01,14,38,12.34017733
0.01,18,38,12.239936
0.01,23,38,12.34463467
0.01,0,37,12.34227867
0.01,5,37,12.475784
0.01,9,37,12.43327067
0.01,14,37,12.361616
0.01,18,37,12.44945333
0.01,23,37,12.44093867
0.01,0,37,12.37163867
0.01,5,37,12.50063067
0.01,9,37,12.38511067
0.01,14,37,12.400692
0.01,18,37,12.50018533
0.01,23,37,13.360156
0.01,0,37,12.471792
0.01,5,37,12.53313467
0.01,9,37,12.46053867
0.01,14,37,12.477512
0.01,18,37,12.48842933
0.01,23,37,12.45610667
0.01,0,37,12.554656
0.01,5,37,12.12919733
0.01,9,37,12.19905333
0.01,14,37,12.23820133
0.01,18,37,12.19386533
0.01,23,37,12.318364
0.01,0,37,12.277276
0.01,5,37,12.24400133
0.01,9,37,12.329456
0.01,14,37,12.24996667
0.01,18,37,12.27758533
0.01,23,37,12.38077067
0.01,0,37,12.281628
0.01,5,37,12.20261467
0.01,9,37,12.363468
0.01,14,37,12.254392
0.01,18,37,12.31697467
0.01,23,37,12.37686133
0.01,0,36,12.30324
0.01,5,36,12.461508
0.01,9,36,12.43900667
0.01,14,36,12.29606667
0.01,18,36,12.43360667
0.01,23,36,12.424488
0.01,0,36,12.336744
0.01,5,36,12.43510667
0.01,9,36,12.322692
0.01,14,36,12.42449467
0.01,18,36,12.43728533
0.01,23,36,12.33639733
0.01,0,36,12.49692533
0.01,5,36,12.45542133
0.01,9,36,12.322268
0.01,14,36,12.472008
0.01,18,36,12.51770667
0.01,23,36,12.326636
0.01,0,36,12.506132
0.01,5,36,12.45938133
0.01,9,36,12.43008533
0.01,14,36,12.54793467
0.01,18,36,12.35611733
0.01,23,36,12.55521467
0.01,0,36,12.53484533
0.01,5,36,12.45329067
0.01,9,36,12.60489333
0.01,14,36,12.422556
0.01,18,36,12.62925467
0.01,23,36,12.56890533
0.01,0,36,12.53689333
0.01,5,36,12.70481733
0.01,9,36,12.67980267
0.01,14,36,12.59361733
0.01,18,36,12.621408
0.01,23,36,12.68314533
0.01,0,35,12.28580267
0.01,5,35,12.416176
0.01,9,35,12.36753867
0.01,14,35,12.366232
0.01,18,35,12.45776
0.01,23,35,12.27396933
0.01,0,35,12.44732
0.01,5,35,12.45845067
0.01,9,35,12.10098533
0.01,14,35,12.168108
0.01,18,35,12.22753867
0.01,23,35,12.01637333
0.01,0,35,12.25841067
0.01,5,35,12.23413867
0.01,9,35,12.078236
0.01,14,35,12.245128
0.01,18,35,12.19186667
0.01,23,35,12.13437733
0.01,0,35,12.288564
0.01,5,35,12.20827067
0.01,9,35,12.280316
0.01,14,35,12.17308133
0.01,18,35,12.216108
0.01,23,35,12.278012
0.01,0,35,12.17508667
0.01,5,35,12.35072933
0.01,9,35,12.35153733
0.01,14,35,12.18157333
0.01,18,35,12.33599467
0.01,23,35,12.29123067
0.01,0,35,12.29046933
0.01,5,35,12.31570267
0.01,9,35,12.2252
0.01,14,35,12.38419733
0.01,18,35,12.33199733
0.01,23,35,12.34176933
0.01,0,34,12.26755067
0.01,5,34,12.43404267
0.01,9,34,12.38592267
0.01,14,34,12.39212133
0.01,18,34,14.22120533
0.01,23,34,14.942644
0.01,0,34,12.61453333
0.01,5,34,12.484952
0.01,9,34,12.37907333
0.01,14,34,12.45009867
0.01,18,34,12.443484
0.01,23,34,12.392932
0.01,0,34,12.55223467
0.01,5,34,12.40084933
0.01,9,34,12.41989733
0.01,14,34,12.25906133
0.01,18,34,12.19035333
0.01,23,34,12.12175733
0.01,0,34,12.31124
0.01,5,34,12.161292
0.01,9,34,12.24276
0.01,14,34,12.26969867
0.01,18,34,12.13750667
0.01,23,34,12.25275333
0.01,0,34,12.215188
0.01,5,34,12.32129867
0.01,9,34,12.393136
0.01,14,34,12.24866933
0.01,18,34,12.33881067
0.01,23,34,12.38400933
0.01,0,34,12.35952
0.01,5,34,12.21249067
0.01,9,34,12.31978
0.01,14,34,12.29222533
0.01,18,34,12.19356667
0.01,23,34,12.37365067
0.01,0,33,12.25740933
0.01,5,33,12.43752933
0.01,9,33,12.37991333
0.01,14,33,12.33469467
0.01,18,33,12.43658133
0.01,23,33,12.343984
0.01,0,33,12.419296
0.01,5,33,12.428444
0.01,9,33,12.32939333
0.01,14,33,12.41796667
0.01,18,33,12.29373467
0.01,23,33,12.47921067
0.01,0,33,12.371304
0.01,5,33,12.468776
0.01,9,33,12.344036
0.01,14,33,12.47480933
0.01,18,33,12.468752
0.01,23,33,12.39393067
0.01,0,33,12.49543867
0.01,5,33,12.40690667
0.01,14,33,12.28614933
0.01,18,33,12.10321733
0.01,23,33,13.36893467
0.01,0,33,12.36886133
0.01,5,33,12.21201333
0.01,9,33,12.25040933
0.01,14,33,12.23279467
0.01,18,33,12.320912
0.01,23,33,12.24423333
0.01,0,33,12.31650267
0.01,5,33,12.35057067
0.01,9,33,12.302368
0.01,14,33,12.223604
0.01,18,33,12.36453467
0.01,23,33,12.26911867
0.01,0,32,12.28788533
0.01,5,32,12.38436
0.01,9,32,12.41395467
0.01,14,32,12.30912533
0.01,18,32,12.510048
0.01,0,32,12.131948
0.01,5,32,12.14493067
0.01,9,32,12.19541467
0.01,14,32,12.05663467
0.01,18,32,12.217748
0.01,0,32,12.23454533
0.01,5,32,12.1635
0.01,9,32,12.173592
0.01,14,32,12.16202267
0.01,18,32,12.21679067
0.01,0,32,12.141372
0.01,5,32,12.28180133
0.01,9,32,12.13950533
0.01,14,32,12.259436
0.01,18,32,12.27735733
0.01,0,32,12.19478667
0.01,5,32,12.32649333
0.01,9,32,12.29085067
0.01,14,32,12.17579067
0.01,18,32,12.36549467
0.01,0,32,12.341128
0.01,5,32,12.16876533
0.01,9,32,12.34394
0.01,14,32,12.293672
0.01,18,32,12.24751733
0.01,0,31,12.439576
0.01,5,31,12.26663467
0.01,9,31,12.39750533
0.01,14,31,12.34717333
0.01,18,31,12.15351733
0.01,0,31,12.01572133
0.01,5,31,12.209824
0.01,9,31,12.16715867
0.01,14,31,12.07883333
0.01,18,31,12.17821333
0.01,0,31,12.19056667
0.01,5,31,12.06003067
0.01,9,31,12.25259867
0.01,14,31,12.14613867
0.01,18,31,12.17870933
0.01,0,31,12.31675867
0.01,5,31,12.119972
0.01,9,31,13.326648
0.01,14,31,12.29761467
0.01,18,31,12.11008533
0.01,0,31,12.351812
0.01,5,31,12.34596267
0.01,9,31,12.170888
0.01,14,31,12.35512267
0.01,18,31,12.19248133
0.01,0,31,12.34206267
0.01,5,31,12.25964
0.01,9,31,12.24146133
0.01,14,31,12.32492533
0.01,18,31,12.18312933
0.01,0,30,11.98280133
0.01,5,30,12.15077067
0.01,9,30,12.06729733
0.01,14,30,12.07979333
0.01,18,30,12.19316267
0.01,0,30,11.979064
0.01,5,30,12.203992
0.01,9,30,12.14961733
0.01,14,30,12.13693333
0.01,18,30,12.22050267
0.01,0,30,12.03999733
0.01,5,30,12.183352
0.01,9,30,12.121876
0.01,14,30,12.145988
0.01,18,30,12.269716
0.01,0,30,12.06967467
0.01,5,30,12.26210933
0.01,9,30,12.23277067
0.01,14,30,12.116396
0.01,18,30,12.24207733
0.01,0,30,12.16558533
0.01,5,30,12.310284
0.01,9,30,12.32526133
0.01,14,30,12.34254533
0.01,18,30,13.12294533
0.01,0,30,12.32923333
0.01,5,30,12.21916
0.01,9,30,12.80559867
0.01,14,30,12.74868933
0.01,18,30,12.23905067
0.01,0,29,12.396772
0.01,5,29,12.06877867
0.01,9,29,12.12172933
0.01,14,29,12.19316
0.01,18,29,12.03424267
0.01,0,29,12.22129467
0.01,5,29,12.02998
0.01,9,29,12.16867067
0.01,14,29,12.12468533
0.01,18,29,12.11161467
0.01,0,29,12.258828
0.01,5,29,12.063204
0.01,9,29,12.19154
0.01,14,29,12.18951467
0.01,18,29,12.126984
0.01,0,29,12.25020267
0.01,5,29,12.068236
0.01,9,29,12.20675067
0.01,14,29,12.18575333
0.01,18,29,12.22461733
0.01,0,29,12.34909733
0.01,5,29,12.14395867
0.01,9,29,12.34226
0.01,14,29,12.33242133
0.01,18,29,12.20733733
0.01,0,29,12.32956933
0.01,5,29,12.21144
0.01,9,29,12.30718533
0.01,14,29,12.286344
0.01,18,29,12.205932
0.01,0,28,12.12218933
0.01,5,28,12.12112133
0.01,9,28,12.029112
0.01,14,28,12.450808
0.01,0,28,12.163396
0.01,5,28,12.05064933
0.01,9,28,12.212612
0.01,14,28,12.039464
0.01,0,28,12.15328267
0.01,5,28,12.24072933
0.01,9,28,12.18492933
0.01,14,28,12.154984
0.01,0,28,12.09912933
0.01,5,28,12.29187067
0.01,9,28,12.26200133
0.01,14,28,12.113024
0.01,0,28,12.335636
0.01,5,28,12.21079733
0.01,9,28,12.318236
0.01,14,28,12.350992
0.01,0,28,12.24047733
0.01,5,28,12.239192
0.01,9,28,12.329088
0.01,14,28,12.16905733
0.01,0,27,12.47575733
0.01,5,27,12.33143733
0.01,9,27,12.418284
0.01,14,27,12.35726933
0.01,0,27,12.289572
0.01,5,27,12.448256
0.01,9,27,12.337396
0.01,14,27,12.44731867
0.01,0,27,12.397616
0.01,5,27,12.46518933
0.01,9,27,12.483248
0.01,14,27,12.36157467
0.01,0,27,12.531716
0.01,5,27,12.40570667
0.01,9,27,12.526456
0.01,14,27,12.529728
0.01,0,27,12.45194667
0.01,5,27,12.63993467
0.01,9,27,12.53677067
0.01,14,27,12.53558667
0.01,0,27,12.56270533
0.01,5,27,12.63461733
0.01,9,27,12.54292267
0.01,14,27,12.659404
0.01,0,26,12.273476
0.01,5,26,12.421672
0.01,9,26,12.316996
0.01,14,26,12.36256933
0.01,0,26,12.42446133
0.01,5,26,12.23583467
0.01,14,26,12.839272
0.01,0,26,12.60170933
0.01,5,26,12.107728
0.01,9,26,12.260556
0.01,14,26,12.180152
0.01,0,26,12.21702133
0.01,5,26,12.28529867
0.01,9,26,12.06273333
0.01,14,26,12.302068
0.01,0,26,12.25855467
0.01,5,26,12.251804
0.01,9,26,12.3197
0.01,14,26,12.22339467
0.01,0,26,12.360704
0.01,5,26,12.25659067
0.01,9,26,13.27718667
0.01,14,26,12.354792
0.01,0,25,12.25966267
0.01,5,25,12.459472
0.01,9,25,12.15543333
0.01,0,25,11.98943867
0.01,5,25,12.20855867
0.01,9,25,12.072056
0.01,0,25,12.171212
0.01,5,25,12.19996133
0.01,9,25,12.24414
0.01,0,25,12.31595867
0.01,5,25,12.09886133
0.01,9,25,12.26068267
0.01,0,25,12.203952
0.01,5,25,13.32443733
0.01,9,25,12.31975067
0.01,0,25,12.3009
0.01,5,25,12.19974267
0.01,9,25,12.351484
0.01,0,24,12.28679733
0.01,5,24,12.46436133
0.01,9,24,12.172344
0.01,0,24,12.13039067
0.01,5,24,12.14796
0.01,9,24,12.14134667
0.01,0,24,12.06087067
0.01,5,24,12.21786267
0.01,9,24,12.12399467
0.01,0,24,12.16681733
0.01,5,24,12.30043067
0.01,9,24,12.083508
0.01,0,24,12.355832
0.01,5,24,12.16711733
0.01,9,24,12.31736
0.01,0,24,12.29592
0.01,5,24,12.203776
0.01,9,24,12.373056
0.01,0,23,12.11337333
0.01,5,23,12.04416
0.01,9,23,12.20127467
0.01,0,23,13.05181733
0.01,5,23,12.06820133
0.01,9,23,12.99398
0.01,0,23,12.43685733
0.01,5,23,12.152324
0.01,9,23,12.18017067
0.01,0,23,12.243812
0.01,5,23,12.10301467
0.01,9,23,12.119508
0.01,0,23,12.31497333
0.01,5,23,12.29095867
0.01,9,23,12.253668
0.01,0,23,12.33663733
0.01,5,23,12.20996533
0.01,9,23,12.37638933
0.01,0,22,12.31989467
0.01,5,22,12.01362267
0.01,9,22,12.17044
0.01,0,22,12.19298133
0.01,5,22,12.05832133
0.01,9,22,12.197776
0.01,0,22,12.114696
0.01,5,22,12.14527067
0.01,9,22,12.10793733
0.01,0,22,12.243044
0.01,5,22,13.20602933
0.01,9,22,12.31410667
0.01,0,22,13.34553867
0.01,5,22,12.23910133
0.01,9,22,13.23547067
0.01,0,22,13.359856
0.01,5,22,12.324224
0.01,9,22,12.17066933
0.01,0,21,12.42207067
0.01,5,21,12.27128933
0.01,9,21,12.47840133
0.01,0,21,12.374048
0.01,5,21,12.45034933
0.01,9,21,12.22281867
0.01,0,21,12.23704
0.01,5,21,12.139836
0.01,0,21,12.24833467
0.01,5,21,12.08661867
0.01,9,21,12.09986133
0.01,0,21,12.35718
0.01,5,21,12.250148
0.01,0,21,12.29186
0.01,5,21,12.346372
0.01,9,21,12.36802267
0.01,0,20,12.374612
0.01,5,20,12.386328
0.01,0,20,12.10857867
0.01,5,20,12.20018533
0.01,0,20,12.14760933
0.01,5,20,12.08412533
0.01,0,20,12.25274533
0.01,5,20,12.175124
0.01,0,20,12.19785467
0.01,5,20,12.36341333
0.01,0,20,12.348848
0.01,5,20,12.357972
1.0,0,74,13.12248933
1.0,5,74,13.42656
1.0,9,74,13.58325333
1.0,14,74,13.84953467
1.0,18,74,14.18964667
1.0,23,74,14.76101733
1.0,0,74,13.25167867
1.0,5,74,13.34676533
1.0,9,74,13.60141867
1.0,14,74,13.86574267
1.0,18,74,14.30101333
1.0,23,74,14.795552
1.0,0,74,13.27389867
1.0,5,74,13.26948
1.0,9,74,13.606692
1.0,14,74,13.99252
1.0,18,74,14.0817
1.0,23,74,14.76701333
1.0,0,74,13.27667067
1.0,5,74,13.36216667
1.0,9,74,13.63503333
1.0,14,74,13.97534533
1.0,18,74,14.266328
1.0,23,74,14.75228133
1.0,0,74,13.306696
1.0,5,74,13.38239067
1.0,9,74,13.63178133
1.0,14,74,14.05033467
1.0,18,74,14.29354
1.0,23,74,14.75897067
1.0,0,74,13.32124533
1.0,5,74,13.425792
1.0,9,74,13.64882133
1.0,14,74,14.103792
1.0,18,74,14.33459733
1.0,23,74,14.795184
1.0,0,73,13.17707733
1.0,5,73,13.292684
1.0,9,73,13.54021733
1.0,14,73,13.76781067
1.0,18,73,14.18731333
1.0,23,73,14.67915067
1.0,0,73,13.20777333
1.0,5,73,13.221036
1.0,9,73,13.554468
1.0,14,73,13.98227333
1.0,18,73,13.98122267
1.0,23,73,14.66130133
1.0,0,73,13.22155067
1.0,5,73,13.33893067
1.0,9,73,13.53444
1.0,14,73,13.8071
1.0,18,73,14.17037333
1.0,23,73,14.70162133
1.0,0,73,13.23181867
1.0,5,73,13.26417467
1.0,9,73,13.578932
1.0,14,73,13.96771733
1.0,18,73,14.115712
1.0,23,73,15.73829467
1.0,0,73,13.32758667
1.0,5,73,13.428376
1.0,9,73,13.51471867
1.0,14,73,15.12054267
1.0,18,73,14.27185333
1.0,23,73,14.81749333
1.0,0,73,14.456364
1.0,5,73,13.46837867
1.0,9,73,14.73613333
1.0,14,73,14.08764133
1.0,18,73,15.424664
1.0,23,73,15.43135467
1.0,0,68,13.20063467
1.0,5,68,13.34627733
1.0,9,68,13.50186267
1.0,14,68,14.039884
1.0,18,68,14.18444933
1.0,23,68,14.687196
1.0,0,68,13.14804667
1.0,5,68,13.37784133
1.0,9,68,13.613744
1.0,14,68,13.98331333
1.0,18,68,14.22495867
1.0,23,68,14.78419733
1.0,0,68,13.2179
1.0,5,68,13.33575467
1.0,9,68,13.58983333
1.0,14,68,14.04174267
1.0,18,68,14.10957467
1.0,23,68,14.729312
1.0,0,68,13.263132
1.0,5,68,13.37769067
1.0,9,68,13.59556933
1.0,14,68,14.01006
1.0,18,68,14.09236667
1.0,23,68,14.71729867
1.0,0,68,13.288692
1.0,5,68,13.46425867
1.0,9,68,13.48831333
1.0,14,68,14.027276
1.0,18,68,14.26611333
1.0,23,68,14.76885067
1.0,0,68,13.259812
1.0,5,68,13.766176
1.0,9,68,14.40632533
1.0,14,68,14.04982667
1.0,18,68,14.30875333
1.0,23,68,16.05320133
1.0,0,63,13.19310533
1.0,5,63,13.28505067
1.0,9,63,13.549096
1.0,14,63,13.93314533
1.0,18,63,14.08575333
1.0,23,63,14.66518667
1.0,0,63,13.23062133
1.0,5,63,13.349384
1.0,9,63,13.45035467
1.0,14,63,13.97853867
1.0,18,63,14.14025733
1.0,23,63,14.68307733
1.0,0,63,13.22284933
1.0,5,63,13.33389333
1.0,9,63,13.54698667
1.0,14,63,13.97668133
1.0,18,63,14.12824933
1.0,23,63,15.921744
1.0,0,63,13.23618667
1.0,5,63,14.55355867
1.0,9,63,13.594248
1.0,14,63,15.139152
1.0,18,63,14.19074
1.0,23,63,14.713056
1.0,0,63,14.2634
1.0,5,63,13.50866933
1.0,9,63,13.680492
1.0,14,63,14.02460533
1.0,18,63,15.35019733
1.0,23,63,14.94728667
1.0,0,63,14.166728
1.0,5,63,13.47364533
1.0,9,63,14.73574533
1.0,14,63,14.05137067
1.0,18,63,14.29087733
1.0,23,63,14.82348
1.0,0,58,13.20800533
1.0,5,58,13.36153067
1.0,9,58,13.57894133
1.0,14,58,13.97472933
1.0,18,58,14.21715067
1.0,23,58,14.72552533
1.0,0,58,13.22923333
1.0,5,58,13.30405467
1.0,9,58,13.580396
1.0,14,58,13.977008
1.0,18,58,14.144856
1.0,23,58,14.718852
1.0,0,58,13.21724667
1.0,5,58,13.33521733
1.0,9,58,13.58523467
1.0,14,58,13.936196
1.0,18,58,14.207884
1.0,23,58,15.20673333
1.0,0,58,13.83406533
1.0,5,58,14.034904
1.0,9,58,14.02834533
1.0,14,58,14.746956
1.0,18,58,14.58073467
1.0,23,58,14.74347867
1.0,0,58,13.28087333
1.0,5,58,13.43776933
1.0,9,58,13.60784267
1.0,14,58,13.99266267
1.0,18,58,14.18970533
1.0,23,58,14.825736
1.0,0,58,14.516672
1.0,5,58,13.46432
1.0,9,58,13.62894667
1.0,14,58,14.08932267
1.0,18,58,14.27544133
1.0,23,58,14.85141067
1.0,0,53,13.20610533
1.0,5,53,13.37524133
1.0,9,53,13.53244
1.0,14,53,14.95690267
1.0,18,53,14.17495333
1.0,23,53,14.67730933
1.0,0,53,13.19691733
1.0,5,53,13.35043067
1.0,9,53,13.53751467
1.0,14,53,13.920276
1.0,18,53,14.10105333
1.0,23,53,14.67348533
1.0,0,53,13.21370667
1.0,5,53,13.37563867
1.0,9,53,13.59843067
1.0,14,53,14.018872
1.0,18,53,14.19352
1.0,23,53,14.68564267
1.0,0,53,13.231048
1.0,5,53,13.422632
1.0,9,53,13.63099733
1.0,14,53,14.057024
1.0,18,53,14.26026133
1.0,23,53,14.74258133
1.0,0,53,13.30160267
1.0,5,53,13.453968
1.0,9,53,13.62728533
1.0,14,53,14.02060533
1.0,18,53,14.27287733
1.0,23,53,14.81349733
1.0,0,53,13.29307467
1.0,5,53,13.477028
1.0,9,53,13.646932
1.0,14,53,14.04551467
1.0,18,53,14.288796
1.0,23,53,14.842976
1.0,0,48,13.22506267
1.0,5,48,13.36834933
1.0,9,48,13.58206133
1.0,14,48,14.00540133
1.0,18,48,14.20328267
1.0,23,48,14.66582
1.0,0,48,13.28070667
1.0,5,48,13.43745467
1.0,9,48,13.60484533
1.0,14,48,14.016704
1.0,18,48,14.21105467
1.0,23,48,14.71377867
1.0,0,48,13.265344
1.0,5,48,13.45350267
1.0,9,48,13.62727733
1.0,14,48,14.02964267
1.0,18,48,14.19104667
1.0,23,48,14.71559333
1.0,0,48,13.24468533
1.0,5,48,13.472324
1.0,9,48,14.27714533
1.0,14,48,14.391472
1.0,18,48,14.24758133
1.0,23,48,14.71397867
1.0,0,48,14.473584
1.0,5,48,13.47062933
1.0,9,48,14.81522933
1.0,14,48,14.00412
1.0,18,48,15.341524
1.0,23,48,14.77697067
1.0,0,48,13.31190133
1.0,5,48,13.49645733
1.0,9,48,13.629248
1.0,14,48,14.04214533
1.0,18,48,14.31293733
1.0,23,48,16.03363867
1.0,0,43,13.21669867
1.0,5,43,13.38490933
1.0,9,43,13.58278267
1.0,14,43,13.968708
1.0,18,43,14.18621867
1.0,23,43,14.65321333
1.0,0,43,13.23674533
1.0,5,43,13.428624
1.0,9,43,13.622264
1.0,14,43,13.99822267
1.0,18,43,14.18819733
1.0,23,43,14.73159867
1.0,0,43,13.21186533
1.0,5,43,13.38044
1.0,9,43,13.582732
1.0,14,43,13.99053867
1.0,18,43,14.19894667
1.0,23,43,14.72312267
1.0,0,43,13.25888
1.0,5,43,13.46074667
1.0,9,43,13.61181867
1.0,14,43,13.99290533
1.0,18,43,14.23204133
1.0,23,43,14.76302267
1.0,0,43,13.28017733
1.0,5,43,13.45381733
1.0,9,43,14.668412
1.0,14,43,13.99947867
1.0,18,43,14.239584
1.0,23,43,14.79292933
1.0,0,43,13.28317733
1.0,5,43,13.47967733
1.0,9,43,13.71400533
1.0,14,43,14.104956
1.0,18,43,14.30024133
1.0,23,43,14.81926267
1.0,0,38,13.18854267
1.0,5,38,13.370172
1.0,9,38,13.53430267
1.0,14,38,13.96279733
1.0,18,38,14.18199067
1.0,23,38,14.633524
1.0,0,38,14.23086267
1.0,5,38,13.41429467
1.0,9,38,14.76541067
1.0,14,38,13.935472
1.0,18,38,15.23206533
1.0,23,38,14.65446933
1.0,0,38,13.184036
1.0,5,38,13.37821467
1.0,9,38,13.53514
1.0,14,38,13.966844
1.0,18,38,14.189508
1.0,23,38,15.86890667
1.0,0,38,13.25894533
1.0,5,38,13.39863333
1.0,9,38,13.61610667
1.0,14,38,13.99920667
1.0,18,38,14.20245733
1.0,23,38,14.6603
1.0,0,38,13.234952
1.0,5,38,13.445068
1.0,9,38,13.60866667
1.0,14,38,13.991924
1.0,18,38,14.24199467
1.0,23,38,14.76445733
1.0,0,38,13.305392
1.0,5,38,13.51555467
1.0,9,38,13.66223333
1.0,14,38,14.01422533
1.0,18,38,14.26255467
1.0,23,38,14.873068
1.0,0,37,13.191412
1.0,5,37,13.37589067
1.0,9,37,13.56340133
1.0,14,37,13.95808667
1.0,18,37,14.18021067
1.0,23,37,14.73305067
1.0,0,37,13.21489467
1.0,5,37,13.41576533
1.0,9,37,13.624464
1.0,14,37,13.98678933
1.0,18,37,14.24587467
1.0,23,37,14.71859067
1.0,0,37,13.25191067
1.0,5,37,13.36999467
1.0,9,37,13.56339467
1.0,14,37,14.011872
1.0,18,37,14.23098
1.0,23,37,14.80722133
1.0,0,37,13.269756
1.0,5,37,13.46541467
1.0,9,37,13.618784
1.0,14,37,14.03766933
1.0,18,37,14.20647333
1.0,23,37,14.77732133
1.0,0,37,13.25974
1.0,5,37,13.40046667
1.0,9,37,13.602864
1.0,14,37,14.026568
1.0,18,37,14.21757067
1.0,23,37,14.82638267
1.0,0,37,13.30216133
1.0,5,37,13.511448
1.0,9,37,13.732232
1.0,14,37,15.28279333
1.0,18,37,14.28548133
1.0,23,37,14.87784533
1.0,0,36,13.238836
1.0,5,36,13.417308
1.0,9,36,13.553892
1.0,14,36,13.94351867
1.0,18,36,14.186624
1.0,23,36,14.81874533
1.0,0,36,13.26671333
1.0,5,36,13.38794267
1.0,9,36,13.582248
1.0,14,36,13.99651067
1.0,18,36,14.16029067
1.0,23,36,14.76185733
1.0,0,36,13.22385333
1.0,5,36,13.40747467
1.0,9,36,13.62961733
1.0,14,36,14.02010133
1.0,18,36,15.39274933
1.0,23,36,15.13489867
1.0,0,36,13.98072933
1.0,5,36,13.42952267
1.0,9,36,13.67069733
1.0,14,36,13.934804
1.0,18,36,14.23541733
1.0,23,36,14.93573733
1.0,0,36,13.33132933
1.0,5,36,13.470048
1.0,9,36,13.65192933
1.0,14,36,14.04820133
1.0,18,36,14.222348
1.0,23,36,14.96236933
1.0,0,36,13.28779067
1.0,5,36,13.47717733
1.0,9,36,13.649536
1.0,14,36,14.395564
1.0,18,36,14.999992
1.0,23,36,16.18384933
1.0,0,35,13.22064533
1.0,5,35,13.370392
1.0,9,35,13.561512
1.0,14,35,15.10014667
1.0,18,35,14.23663067
1.0,23,35,15.45965867
1.0,0,35,15.40179733
1.0,5,35,13.680736
1.0,9,35,13.56386267
1.0,14,35,13.96602533
1.0,18,35,14.18843333
1.0,23,35,14.850984
1.0,0,35,13.23702533
1.0,5,35,13.39483467
1.0,9,35,13.58443067
1.0,14,35,13.96924267
1.0,18,35,14.19470267
1.0,23,35,14.89723067
1.0,0,35,13.229024
1.0,5,35,13.40239467
1.0,9,35,13.59072133
1.0,14,35,14.00337867
1.0,18,35,14.23491333
1.0,23,35,14.96412267
1.0,0,35,13.303164
1.0,5,35,13.46414267
1.0,9,35,13.61794
1.0,14,35,13.99731867
1.0,18,35,15.201088
1.0,23,35,14.98376933
1.0,0,35,13.32127067
1.0,5,35,13.49997467
1.0,9,35,13.698328
1.0,14,35,14.03972267
1.0,18,35,14.25345067
1.0,23,35,14.991756
1.0,0,34,13.237832
1.0,5,34,13.357132
1.0,9,34,13.54852
1.0,14,34,13.94271733
1.0,18,34,14.19821333
1.0,23,34,15.024628
1.0,0,34,13.21741467
1.0,5,34,13.39642267
1.0,9,34,13.539068
1.0,14,34,13.92058133
1.0,18,34,14.21328267
1.0,23,34,15.07402667
1.0,0,34,13.194836
1.0,5,34,13.39272
1.0,9,34,13.57209867
1.0,14,34,13.99172267
1.0,18,34,14.26903067
1.0,23,34,15.13369867
1.0,0,34,13.28710267
1.0,5,34,13.445892
1.0,9,34,13.62431733
1.0,14,34,14.05369867
1.0,18,34,14.34090667
1.0,23,34,15.172916
1.0,0,34,13.311292
1.0,5,34,13.42996133
1.0,9,34,13.614616
1.0,14,34,13.98821467
1.0,18,34,14.226428
1.0,23,34,15.12233333
1.0,0,34,13.26071867
1.0,5,34,13.45166267
1.0,9,34,13.62871867
1.0,14,34,14.04029467
1.0,18,34,14.32112133
1.0,23,34,15.21156933
1.0,0,33,13.24283333
1.0,5,33,13.399016
1.0,9,33,13.59450667
1.0,14,33,13.99526933
1.0,18,33,14.31398
1.0,23,33,15.36610267
1.0,0,33,13.950632
1.0,5,33,14.91610133
1.0,9,33,13.607912
1.0,14,33,13.983552
1.0,18,33,14.413692
1.0,23,33,16.396404
1.0,0,33,13.18223067
1.0,5,33,13.44144
1.0,9,33,13.594776
1.0,14,33,14.02224133
1.0,18,33,15.46706133
1.0,23,33,15.45595867
1.0,0,33,13.29941467
1.0,5,33,13.447512
1.0,9,33,13.60014667
1.0,14,33,14.04742533
1.0,18,33,14.35598533
1.0,23,33,15.433004
1.0,0,33,13.28288133
1.0,5,33,13.43424133
1.0,9,33,13.66022267
1.0,14,33,14.08789067
1.0,18,33,14.409356
1.0,23,33,15.49232267
1.0,0,33,13.308828
1.0,5,33,13.48376133
1.0,9,33,13.71132933
1.0,14,33,14.10507067
1.0,18,33,14.43591467
1.0,23,33,15.536956
1.0,0,32,13.214584
1.0,5,32,13.384888
1.0,9,32,13.60678667
1.0,14,32,14.00786133
1.0,18,32,14.43377733
1.0,0,32,13.217744
1.0,5,32,13.76478533
1.0,9,32,13.31002267
1.0,14,32,14.846744
1.0,18,32,14.19680133
1.0,0,32,12.97227467
1.0,5,32,13.15616267
1.0,9,32,13.34950133
1.0,14,32,14.89535467
1.0,18,32,14.232272
1.0,0,32,12.94795067
1.0,5,32,13.148732
1.0,9,32,14.5462
1.0,14,32,13.833928
1.0,18,32,14.273476
1.0,0,32,13.013264
1.0,5,32,13.18740933
1.0,9,32,13.38288
1.0,14,32,13.85631867
1.0,18,32,14.30936133
1.0,0,32,13.066052
1.0,5,32,13.19667733
1.0,9,32,13.328616
1.0,14,32,13.82061467
1.0,18,32,14.36939067
1.0,0,31,13.20204133
1.0,5,31,13.37479733
1.0,9,31,13.524832
1.0,14,31,13.99693333
1.0,18,31,14.455792
1.0,0,31,13.18530933
1.0,5,31,13.44444133
1.0,9,31,13.567208
1.0,14,31,14.01757067
1.0,18,31,14.46108133
1.0,0,31,13.19701067
1.0,5,31,13.41347733
1.0,9,31,13.579484
1.0,14,31,14.05501333
1.0,18,31,14.49451733
1.0,0,31,13.22683867
1.0,5,31,13.38947867
1.0,9,31,13.563204
1.0,14,31,14.04769467
1.0,18,31,14.443908
1.0,0,31,13.26250133
1.0,5,31,13.468932
1.0,9,31,13.63670667
1.0,14,31,14.12390267
1.0,18,31,14.58742667
1.0,0,31,13.31671333
1.0,5,31,13.457888
1.0,9,31,13.67361067
1.0,14,31,14.09630533
1.0,18,31,14.57692933
1.0,0,30,13.192192
1.0,5,30,13.37210667
1.0,9,30,13.536172
1.0,14,30,14.12129067
1.0,18,30,14.71068933
1.0,0,30,13.24204533
1.0,5,30,13.419408
1.0,9,30,13.58766
1.0,14,30,14.132676
1.0,18,30,14.58874933
1.0,0,30,13.25167867
1.0,5,30,13.38642
1.0,9,30,13.60575467
1.0,14,30,14.125664
1.0,18,30,14.67838133
1.0,0,30,13.239748
1.0,5,30,13.43206667
1.0,9,30,13.63419467
1.0,14,30,14.160268
1.0,18,30,14.7552
1.0,0,30,13.291048
1.0,5,30,13.43439067
1.0,9,30,13.636508
1.0,14,30,14.22939333
1.0,18,30,14.809132
1.0,0,30,13.26989333
1.0,5,30,13.43656533
1.0,9,30,13.63810933
1.0,14,30,14.218608
1.0,18,30,14.79923467
1.0,0,29,13.190508
1.0,5,29,13.350736
1.0,9,29,13.56221067
1.0,14,29,14.121404
1.0,18,29,15.150584
1.0,0,29,13.20693067
1.0,5,29,13.391324
1.0,9,29,13.58011733
1.0,14,29,14.182448
1.0,18,29,15.23604133
1.0,0,29,13.26380267
1.0,5,29,13.38501467
1.0,9,29,13.59656267
1.0,14,29,14.18742933
1.0,18,29,15.19660267
1.0,0,29,13.21855067
1.0,5,29,13.40333867
1.0,9,29,13.644036
1.0,14,29,14.220188
1.0,18,29,15.24616133
1.0,0,29,13.306292
1.0,5,29,13.437064
1.0,9,29,13.62824533
1.0,14,29,14.2432
1.0,18,29,15.245512
1.0,0,29,13.31386933
1.0,5,29,13.49280133
1.0,9,29,13.689664
1.0,14,29,14.23216267
1.0,18,29,15.29825733
1.0,0,28,13.19949733
1.0,5,28,13.40024
1.0,9,28,13.58157867
1.0,14,28,14.22525333
1.0,0,28,12.972592
1.0,5,28,13.146772
1.0,9,28,13.292976
1.0,14,28,13.983208
1.0,0,28,12.910088
1.0,5,28,13.10974267
1.0,9,28,13.267428
1.0,14,28,13.96722533
1.0,0,28,12.991364
1.0,5,28,13.15290267
1.0,9,28,13.321884
1.0,14,28,14.01838267
1.0,0,28,12.96410933
1.0,5,28,13.14628933
1.0,9,28,14.405252
1.0,14,28,14.02672667
1.0,0,28,13.01692133
1.0,5,28,13.19057333
1.0,9,28,13.38968667
1.0,14,28,14.07406267
1.0,0,27,13.20140667
1.0,5,27,13.38593733
1.0,9,27,13.582524
1.0,14,27,14.33366667
1.0,0,27,13.23754533
1.0,5,27,13.35907733
1.0,9,27,13.597932
1.0,14,27,14.35208
1.0,0,27,13.19856
1.0,5,27,13.40506533
1.0,9,27,13.57723867
1.0,14,27,14.357832
1.0,0,27,13.232352
1.0,5,27,13.460856
1.0,9,27,13.65249733
1.0,14,27,14.437048
1.0,0,27,13.224244
1.0,5,27,13.45141467
1.0,9,27,13.59997733
1.0,14,27,14.383928
1.0,0,27,13.23461333
1.0,5,27,13.476688
1.0,9,27,13.64450267
1.0,14,27,14.47627333
1.0,0,26,13.17416133
1.0,5,26,13.430136
1.0,9,26,14.50348533
1.0,14,26,14.60878
1.0,0,26,13.16310267
1.0,5,26,13.35211867
1.0,9,26,13.61529867
1.0,14,26,14.30247467
1.0,0,26,12.86255467
1.0,5,26,14.19730267
1.0,9,26,13.28995067
1.0,14,26,14.35901467
1.0,0,26,12.93808933
1.0,5,26,13.10713467
1.0,9,26,13.37491333
1.0,14,26,14.380852
1.0,0,26,14.05991333
1.0,5,26,13.14179467
1.0,9,26,14.4243
1.0,14,26,14.475192
1.0,0,26,13.01428533
1.0,5,26,13.18695067
1.0,9,26,13.40836133
1.0,14,26,14.49324267
1.0,0,25,13.12741733
1.0,5,25,13.330724
1.0,9,25,13.625272
1.0,0,25,12.93056933
1.0,5,25,13.12729733
1.0,9,25,13.41897733
1.0,0,25,12.95018933
1.0,5,25,13.11993333
1.0,9,25,13.42395333
1.0,0,25,12.966228
1.0,5,25,13.12354667
1.0,9,25,13.40362267
1.0,0,25,12.94978667
1.0,5,25,13.16008667
1.0,9,25,13.43157733
1.0,0,25,12.994008
1.0,5,25,13.15296267
1.0,9,25,13.44984133
1.0,0,24,13.17482267
1.0,5,24,13.36919467
1.0,9,24,13.65082933
1.0,0,24,13.15840667
1.0,5,24,13.34198133
1.0,9,24,13.64287733
1.0,0,24,13.204532
1.0,5,24,13.40041467
1.0,9,24,13.70901467
1.0,0,24,13.25432267
1.0,5,24,13.39058267
1.0,9,24,13.66763733
1.0,0,24,13.27292
1.0,5,24,13.46627867
1.0,9,24,13.75360533
1.0,0,24,13.310704
1.0,5,24,13.453024
1.0,9,24,13.71300667
1.0,0,23,13.08441733
1.0,5,23,13.400704
1.0,9,23,13.65098
1.0,0,23,13.16392533
1.0,5,23,13.36751067
1.0,9,23,13.678788
1.0,0,23,13.19618133
1.0,5,23,13.34947867
1.0,9,23,13.70036267
1.0,0,23,13.18383067
1.0,5,23,13.387092
1.0,9,23,13.73238667
1.0,0,23,13.26767733
1.0,5,23,13.45304
1.0,9,23,13.72862533
1.0,0,23,13.26318933
1.0,5,23,13.46523867
1.0,9,23,13.81475467
1.0,0,22,13.113304
1.0,5,22,13.39369333
1.0,9,22,13.73498
1.0,0,22,13.198972
1.0,5,22,13.41626
1.0,9,22,13.777264
1.0,0,22,13.18102533
1.0,5,22,13.43945733
1.0,9,22,13.77469333
1.0,0,22,13.24932667
1.0,5,22,13.42764267
1.0,9,22,13.78730933
1.0,0,22,13.24811333
1.0,5,22,13.470332
1.0,9,22,13.809212
1.0,0,22,13.24469467
1.0,5,22,13.477028
1.0,9,22,13.84967733
1.0,0,21,13.16895467
1.0,5,21,13.356056
1.0,0,21,12.840584
1.0,5,21,13.14711467
1.0,0,21,13.36364133
1.0,5,21,13.69375733
1.0,0,21,12.92276667
1.0,5,21,13.118968
1.0,0,21,12.95323733
1.0,5,21,13.231968
1.0,0,21,12.97478667
1.0,5,21,13.27439333
1.0,0,20,14.25470533
1.0,5,20,13.43193467
1.0,0,20,13.17905467
1.0,5,20,13.40434133
1.0,0,20,13.20943867
1.0,5,20,13.49294
1.0,0,20,13.20726133
1.0,5,20,13.48087467
1.0,0,20,13.2299
1.0,5,20,13.49010933
1.0,0,20,13.24497333
1.0,5,20,13.48492267
0.6,0,74,12.67797867
0.6,5,74,12.91650533
0.6,9,74,12.98628267
0.6,14,74,13.26010267
0.6,18,74,13.38116133
0.6,23,74,13.72890933
0.6,0,74,12.78258267
0.6,5,74,12.82893867
0.6,9,74,12.95493467
0.6,14,74,13.238948
0.6,18,74,13.41314533
0.6,23,74,13.73172933
0.6,0,74,12.76250667
0.6,5,74,12.89468
0.6,9,74,12.978128
0.6,14,74,13.25729867
0.6,18,74,13.41484933
0.6,23,74,13.68813867
0.6,0,74,12.80061067
0.6,5,74,12.857284
0.6,9,74,13.07182667
0.6,14,74,13.29178133
0.6,18,74,13.46269067
0.6,23,74,13.76383467
0.6,0,74,12.800136
0.6,5,74,12.83320667
0.6,9,74,13.03268
0.6,14,74,13.24504533
0.6,18,74,13.45325867
0.6,23,74,13.76339333
0.6,0,74,13.02631067
0.6,5,74,13.70292133
0.6,9,74,13.054248
0.6,14,74,13.30840267
0.6,18,74,13.4442
0.6,23,74,13.85002
0.6,0,73,12.79066133
0.6,5,73,13.43780667
0.6,9,73,13.49403067
0.6,14,73,13.28843067
0.6,18,73,13.403092
0.6,23,73,13.73880933
0.6,0,73,12.77631467
0.6,5,73,12.84498133
0.6,9,73,13.02692533
0.6,14,73,13.24350133
0.6,18,73,13.358328
0.6,23,73,13.74624933
0.6,0,73,12.82764533
0.6,5,73,12.95204667
0.6,9,73,13.00572133
0.6,14,73,13.32035333
0.6,18,73,13.461048
0.6,23,73,13.76918133
0.6,0,73,12.840384
0.6,5,73,12.95062
0.6,9,73,13.066256
0.6,14,73,13.31027867
0.6,18,73,13.47953467
0.6,23,73,13.81376667
0.6,0,73,12.87907733
0.6,5,73,12.88295733
0.6,9,73,13.10436667
0.6,14,73,13.37294
0.6,18,73,13.47509467
0.6,23,73,13.801544
0.6,0,73,12.92316667
0.6,5,73,12.86725867
0.6,9,73,13.12681467
0.6,14,73,13.37598267
0.6,18,73,13.50151333
0.6,23,73,13.836776
0.6,0,68,12.85298133
0.6,5,68,12.86297733
0.6,9,68,13.04891067
0.6,14,68,12.79426267
0.6,18,68,13.19527733
0.6,23,68,13.49945067
0.6,0,68,12.54026
0.6,5,68,12.62484933
0.6,9,68,12.65068
0.6,14,68,13.005936
0.6,18,68,13.093164
0.6,23,68,13.45567467
0.6,0,68,12.582936
0.6,5,68,12.59358667
0.6,9,68,12.76423867
0.6,14,68,13.038748
0.6,18,68,13.14536133
0.6,23,68,13.47671067
0.6,0,68,12.56151867
0.6,5,68,12.60973867
0.6,9,68,12.80989333
0.6,14,68,13.00815867
0.6,18,68,13.125576
0.6,23,68,13.53322267
0.6,0,68,12.63189067
0.6,5,68,12.650224
0.6,9,68,12.83842533
0.6,14,68,13.06938667
0.6,18,68,13.1907
0.6,23,68,13.554124
0.6,0,68,12.61297333
0.6,5,68,12.64032133
0.6,9,68,12.82174933
0.6,14,68,13.06955333
0.6,18,68,13.22565067
0.6,23,68,13.62764267
0.6,0,63,12.72064533
0.6,5,63,12.948828
0.6,9,63,13.713976
0.6,14,63,13.629712
0.6,18,63,13.38487333
0.6,23,63,13.70861333
0.6,0,63,12.806616
0.6,5,63,12.92605467
0.6,9,63,13.00126933
0.6,14,63,13.27987333
0.6,18,63,13.40933867
0.6,23,63,13.72063867
0.6,0,63,12.787632
0.6,5,63,12.88764667
0.6,9,63,13.06690933
0.6,14,63,13.20448267
0.6,18,63,13.41254267
0.6,23,63,13.72668667
0.6,0,63,12.802352
0.6,5,63,12.87593733
0.6,9,63,13.03786133
0.6,14,63,13.23622933
0.6,18,63,13.41926667
0.6,23,63,13.75461067
0.6,0,63,12.80321067
0.6,5,63,12.85042
0.6,9,63,13.05932
0.6,14,63,13.33181067
0.6,18,63,13.45063067
0.6,23,63,13.808236
0.6,0,63,12.82436933
0.6,5,63,12.98901867
0.6,9,63,13.027488
0.6,14,63,13.35305333
0.6,18,63,13.48555467
0.6,23,63,13.80418667
0.6,0,58,12.799036
0.6,5,58,12.83398
0.6,9,58,13.010804
0.6,14,58,13.137028
0.6,18,58,13.424708
0.6,23,58,13.70382533
0.6,0,58,12.77745333
0.6,5,58,12.862948
0.6,9,58,13.01250267
0.6,14,58,13.19833867
0.6,18,58,13.34324933
0.6,23,58,13.756816
0.6,0,58,12.79138133
0.6,5,58,12.86024
0.6,9,58,13.01036533
0.6,14,58,13.16378667
0.6,18,58,13.42804533
0.6,23,58,13.76058267
0.6,0,58,12.849644
0.6,5,58,12.92248
0.6,9,58,13.02474533
0.6,14,58,13.277056
0.6,18,58,13.37936
0.6,23,58,13.76454933
0.6,0,58,12.89506133
0.6,5,58,12.87740533
0.6,9,58,13.03172133
0.6,14,58,13.252516
0.6,18,58,13.45596667
0.6,23,58,13.82274
0.6,0,58,12.878876
0.6,5,58,12.88685733
0.6,9,58,13.11070533
0.6,14,58,13.36515467
0.6,18,58,13.529176
0.6,23,58,13.908548
0.6,0,53,12.681156
0.6,5,53,12.938512
0.6,9,53,13.042652
0.6,14,53,13.23423467
0.6,18,53,13.38758267
0.6,23,53,13.670652
0.6,0,53,12.75976133
0.6,5,53,12.836176
0.6,9,53,12.95243067
0.6,14,53,13.26543333
0.6,18,53,13.29778667
0.6,23,53,13.68628933
0.6,0,53,12.77952133
0.6,5,53,12.83491067
0.6,9,53,13.01143333
0.6,14,53,13.248736
0.6,18,53,13.34613333
0.6,23,53,13.71225467
0.6,0,53,12.83270933
0.6,5,53,12.86532933
0.6,9,53,13.02138933
0.6,14,53,13.25748933
0.6,18,53,13.39422533
0.6,23,53,13.74685333
0.6,0,53,12.85140933
0.6,5,53,12.87836
0.6,9,53,13.03698667
0.6,14,53,13.199476
0.6,18,53,13.42983733
0.6,23,53,13.81738
0.6,0,53,12.88959867
0.6,5,53,12.932988
0.6,9,53,13.07550267
0.6,14,53,13.28905067
0.6,18,53,13.30603467
0.6,23,53,13.81440133
0.6,0,48,12.82398933
0.6,5,48,12.892156
0.6,9,48,12.96453733
0.6,14,48,13.18170933
0.6,18,48,13.38284267
0.6,23,48,13.703116
0.6,0,48,12.77522533
0.6,5,48,12.85575467
0.6,9,48,13.002284
0.6,14,48,13.15503733
0.6,18,48,13.409868
0.6,23,48,13.70656533
0.6,0,48,12.81393867
0.6,5,48,12.89090533
0.6,9,48,12.974348
0.6,14,48,13.22571333
0.6,18,48,13.35323333
0.6,23,48,13.684828
0.6,0,48,12.83113333
0.6,5,48,12.88819733
0.6,9,48,13.035112
0.6,14,48,13.22492667
0.6,18,48,13.41678267
0.6,23,48,13.75329333
0.6,0,48,12.77857467
0.6,5,48,12.91502933
0.6,9,48,13.010336
0.6,14,48,13.29575067
0.6,18,48,13.45889333
0.6,23,48,13.77157733
0.6,0,48,12.89409067
0.6,5,48,12.96629733
0.6,9,48,13.056196
0.6,14,48,13.29437067
0.6,18,48,13.43696533
0.6,23,48,13.86513867
0.6,0,43,13.314876
0.6,5,43,12.91022667
0.6,9,43,12.97007867
0.6,14,43,13.12923867
0.6,18,43,13.38343867
0.6,23,43,13.70581333
0.6,0,43,12.80234933
0.6,5,43,12.835692
0.6,9,43,12.927412
0.6,14,43,13.26132133
0.6,18,43,13.39209067
0.6,23,43,13.699792
0.6,0,43,12.77804
0.6,5,43,12.880304
0.6,9,43,13.031396
0.6,14,43,13.258464
0.6,18,43,13.443096
0.6,23,43,13.67662133
0.6,0,43,12.77788267
0.6,5,43,12.92492133
0.6,9,43,13.01620533
0.6,14,43,13.33354533
0.6,18,43,13.45176267
0.6,23,43,13.803136
0.6,0,43,12.808512
0.6,5,43,12.950904
0.6,9,43,13.045224
0.6,14,43,13.32311467
0.6,18,43,13.46191467
0.6,23,43,13.75778533
0.6,0,43,12.85862533
0.6,5,43,12.98097333
0.6,9,43,12.952688
0.6,14,43,13.37456533
0.6,18,43,13.21393067
0.6,23,43,13.548464
0.6,0,38,12.61665333
0.6,5,38,12.960924
0.6,9,38,13.03076933
0.6,14,38,13.25968933
0.6,18,38,13.38693467
0.6,23,38,13.72131467
0.6,0,38,12.77112
0.6,5,38,12.88755733
0.6,9,38,12.91420667
0.6,14,38,13.262996
0.6,18,38,13.39919867
0.6,23,38,13.71431333
0.6,0,38,12.81127867
0.6,5,38,12.89459733
0.6,9,38,12.98886267
0.6,14,38,13.21056
0.6,18,38,13.43774933
0.6,23,38,13.73505467
0.6,0,38,12.82389733
0.6,5,38,12.884776
0.6,9,38,13.02555733
0.6,14,38,13.25024933
0.6,18,38,13.46240267
0.6,23,38,13.78521067
0.6,0,38,12.83449867
0.6,5,38,12.908092
0.6,9,38,13.02188
0.6,14,38,13.284512
0.6,18,38,13.37655067
0.6,23,38,13.831676
0.6,0,38,12.91938533
0.6,5,38,12.894424
0.6,9,38,13.125696
0.6,14,38,13.39092133
0.6,18,38,13.514832
0.6,23,38,13.853344
0.6,0,37,12.66138133
0.6,5,37,12.87595067
0.6,9,37,12.97993067
0.6,14,37,13.19513867
0.6,18,37,13.344732
0.6,23,37,13.73095333
0.6,0,37,12.80431333
0.6,5,37,12.832508
0.6,9,37,12.98774
0.6,14,37,13.29066667
0.6,18,37,13.38925733
0.6,23,37,13.74156933
0.6,0,37,12.75898133
0.6,5,37,12.916164
0.6,9,37,12.90375867
0.6,14,37,13.29827067
0.6,18,37,13.41752933
0.6,23,37,13.763912
0.6,0,37,12.7851
0.6,5,37,12.92590533
0.6,9,37,12.95811067
0.6,14,37,13.28043867
0.6,18,37,13.41134133
0.6,23,37,13.780184
0.6,0,37,12.815408
0.6,5,37,12.89549867
0.6,9,37,13.09389867
0.6,14,37,13.26064267
0.6,18,37,13.451716
0.6,23,37,13.85973733
0.6,0,37,12.865344
0.6,5,37,12.947884
0.6,9,37,13.11135733
0.6,14,37,13.352156
0.6,18,37,13.47038133
0.6,23,37,13.88940667
0.6,0,36,12.74541733
0.6,5,36,12.87323067
0.6,9,36,12.959492
0.6,14,36,13.247388
0.6,18,36,13.38783467
0.6,23,36,13.748312
0.6,0,36,12.80760267
0.6,5,36,12.878156
0.6,9,36,12.99858
0.6,14,36,13.275404
0.6,18,36,13.360084
0.6,23,36,13.78486267
0.6,0,36,12.82064933
0.6,5,36,12.80084267
0.6,9,36,13.03179867
0.6,14,36,13.27313067
0.6,18,36,13.43572267
0.6,23,36,13.817228
0.6,0,36,12.787316
0.6,5,36,12.92174267
0.6,9,36,13.07428933
0.6,14,36,13.17512667
0.6,18,36,13.44449333
0.6,23,36,13.87726267
0.6,0,36,12.83700267
0.6,5,36,12.896644
0.6,9,36,13.11353867
0.6,14,36,13.25603067
0.6,18,36,13.45612533
0.6,23,36,13.961556
0.6,0,36,12.89864267
0.6,5,36,12.974036
0.6,9,36,13.03731467
0.6,14,36,13.328756
0.6,18,36,13.508872
0.6,23,36,13.96813733
0.6,0,35,12.71008
0.6,5,35,12.90039333
0.6,9,35,13.03130933
0.6,14,35,13.190984
0.6,18,35,13.34923867
0.6,23,35,13.84799733
0.6,0,35,12.84572267
0.6,5,35,12.84967333
0.6,9,35,12.91605067
0.6,14,35,13.29371067
0.6,18,35,13.45580267
0.6,23,35,13.80654667
0.6,0,35,12.79618533
0.6,5,35,12.921504
0.6,9,35,13.01762133
0.6,14,35,13.30576133
0.6,18,35,13.41922933
0.6,23,35,13.80124933
0.6,0,35,12.85057067
0.6,5,35,12.935652
0.6,9,35,12.942584
0.6,14,35,13.26408933
0.6,18,35,13.40893867
0.6,23,35,13.88091067
0.6,0,35,12.87336933
0.6,5,35,12.926976
0.6,9,35,13.012068
0.6,14,35,13.32701333
0.6,18,35,13.42636667
0.6,23,35,13.98086933
0.6,0,35,12.84693067
0.6,5,35,12.98238
0.6,9,35,13.134396
0.6,14,35,13.314264
0.6,18,35,13.500824
0.6,23,35,13.98971733
0.6,0,34,12.69532667
0.6,5,34,12.914588
0.6,9,34,13.01026933
0.6,14,34,13.25802267
0.6,18,34,13.40147067
0.6,23,34,14.00042133
0.6,0,34,12.79346267
0.6,5,34,12.86481467
0.6,9,34,12.978768
0.6,14,34,13.28124933
0.6,18,34,13.35286267
0.6,23,34,13.97720133
0.6,0,34,12.83625333
0.6,5,34,12.93127467
0.6,9,34,12.90902933
0.6,14,34,13.28565733
0.6,18,34,13.421176
0.6,23,34,14.009344
0.6,0,34,12.79167067
0.6,5,34,12.85546133
0.6,9,34,13.04388667
0.6,14,34,13.29446267
0.6,18,34,13.38672667
0.6,23,34,14.06329867
0.6,0,34,12.809156
0.6,5,34,12.95563867
0.6,9,34,14.17477733
0.6,14,34,13.324656
0.6,18,34,13.42179067
0.6,23,34,14.07828667
0.6,0,34,12.85714
0.6,5,34,12.92061067
0.6,9,34,12.99456
0.6,14,34,13.35632133
0.6,18,34,13.53702667
0.6,23,34,14.12672
0.6,0,33,13.60938533
0.6,5,33,12.901064
0.6,9,33,12.94479867
0.6,14,33,13.237056
0.6,18,33,13.46470533
0.6,23,33,14.19588133
0.6,0,33,12.76841333
0.6,5,33,12.93103733
0.6,9,33,13.02878667
0.6,14,33,13.22644933
0.6,18,33,13.49741867
0.6,23,33,14.13822533
0.6,0,33,12.77488933
0.6,5,33,12.91393467
0.6,9,33,12.94193733
0.6,14,33,13.250616
0.6,18,33,13.47557867
0.6,23,33,14.16374533
0.6,0,33,12.828616
0.6,5,33,12.93703867
0.6,9,33,13.03224267
0.6,14,33,13.251892
0.6,18,33,13.49063867
0.6,23,33,14.19268133
0.6,0,33,12.87273867
0.6,5,33,12.92464
0.6,9,33,13.03154
0.6,14,33,13.31395333
0.6,18,33,13.51612533
0.6,23,33,15.292932
0.6,0,33,12.87901733
0.6,5,33,12.99890267
0.6,9,33,14.00803067
0.6,14,33,13.34069467
0.6,18,33,13.53969733
0.6,23,33,14.224392
0.6,0,32,12.78628667
0.6,5,32,12.87250133
0.6,9,32,14.155096
0.6,14,32,13.24438533
0.6,18,32,13.505676
0.6,0,32,12.46268
0.6,5,32,13.66864267
0.6,9,32,12.74436
0.6,14,32,13.02168533
0.6,18,32,13.293068
0.6,0,32,12.53531867
0.6,5,32,12.66480933
0.6,9,32,12.7521
0.6,14,32,12.97898267
0.6,18,32,13.27352
0.6,0,32,12.557416
0.6,5,32,12.69126533
0.6,9,32,12.72748
0.6,14,32,12.90435067
0.6,18,32,13.30148533
0.6,0,32,12.56740133
0.6,5,32,12.66595067
0.6,9,32,12.74605333
0.6,14,32,13.02304267
0.6,18,32,13.35996267
0.6,0,32,12.62474133
0.6,5,32,12.70289333
0.6,9,32,12.810724
0.6,14,32,13.07681333
0.6,18,32,13.42987067
0.6,0,31,12.75344933
0.6,5,31,12.83434667
0.6,9,31,13.01318267
0.6,14,31,13.298604
0.6,18,31,13.53767067
0.6,0,31,12.74649067
0.6,5,31,12.88467467
0.6,9,31,13.991676
0.6,14,31,13.317356
0.6,18,31,13.61478533
0.6,0,31,12.82164933
0.6,5,31,12.91267467
0.6,9,31,13.026312
0.6,14,31,13.30417733
0.6,18,31,13.60182267
0.6,0,31,12.83081867
0.6,5,31,12.91910133
0.6,9,31,13.035696
0.6,14,31,13.328576
0.6,18,31,13.63989067
0.6,0,31,12.857452
0.6,5,31,12.94996667
0.6,9,31,13.01844267
0.6,14,31,13.34188
0.6,18,31,13.66110267
0.6,0,31,12.83000667
0.6,5,31,12.983084
0.6,9,31,13.06278667
0.6,14,31,13.35681867
0.6,18,31,13.708964
0.6,0,30,12.78847067
0.6,5,30,12.85609733
0.6,9,30,12.95824133
0.6,14,30,13.27717333
0.6,18,30,13.65524133
0.6,0,30,12.79742133
0.6,5,30,12.87404133
0.6,9,30,12.992292
0.6,14,30,13.339692
0.6,18,30,13.64652533
0.6,0,30,12.78267467
0.6,5,30,12.86528133
0.6,9,30,13.01952933
0.6,14,30,13.35951733
0.6,18,30,13.72456
0.6,0,30,12.816348
0.6,5,30,12.90197867
0.6,9,30,13.018908
0.6,14,30,13.343112
0.6,18,30,13.75995467
0.6,0,30,12.851884
0.6,5,30,12.929604
0.6,9,30,13.05827067
0.6,14,30,13.41930533
0.6,18,30,13.79259333
0.6,0,30,12.864764
0.6,5,30,12.96423067
0.6,9,30,13.090748
0.6,14,30,13.407856
0.6,18,30,13.87574533
0.6,0,29,12.78111867
0.6,5,29,12.92093733
0.6,9,29,12.93837867
0.6,14,29,13.39806267
0.6,18,29,14.00255733
0.6,0,29,12.807188
0.6,5,29,12.922264
0.6,9,29,12.98542933
0.6,14,29,13.36043467
0.6,18,29,14.044856
0.6,0,29,12.76101467
0.6,5,29,12.95648267
0.6,9,29,13.01832533
0.6,14,29,13.40596933
0.6,18,29,13.77124667
0.6,0,29,12.52777867
0.6,5,29,12.64715333
0.6,9,29,12.76546267
0.6,14,29,13.10988933
0.6,18,29,13.78073333
0.6,0,29,12.56840133
0.6,5,29,12.69640933
0.6,9,29,12.78098267
0.6,14,29,13.15843467
0.6,18,29,13.85743067
0.6,0,29,12.58774267
0.6,5,29,12.66051333
0.6,9,29,12.82046533
0.6,14,29,13.146856
0.6,18,29,13.78219467
0.6,0,28,12.75085067
0.6,5,28,12.89130267
0.6,9,28,13.03626933
0.6,14,28,13.408224
0.6,0,28,12.52166
0.6,5,28,12.639176
0.6,9,28,12.74547467
0.6,14,28,13.188088
0.6,0,28,12.51968133
0.6,5,28,12.627292
0.6,9,28,12.75583467
0.6,14,28,13.15978133
0.6,0,28,12.50445867
0.6,5,28,12.672996
0.6,9,28,12.76534133
0.6,14,28,13.19585067
0.6,0,28,12.55019067
0.6,5,28,12.66951333
0.6,9,28,12.80124267
0.6,14,28,13.22121467
0.6,0,28,12.59642267
0.6,5,28,12.697968
0.6,9,28,12.806904
0.6,14,28,13.2705
0.6,0,27,12.76194267
0.6,5,27,12.883684
0.6,9,27,13.05721067
0.6,14,27,13.52152933
0.6,0,27,12.80165067
0.6,5,27,12.93970267
0.6,9,27,13.00994933
0.6,14,27,13.537128
0.6,0,27,12.81668933
0.6,5,27,12.924672
0.6,9,27,13.03420533
0.6,14,27,13.55062533
0.6,0,27,12.830704
0.6,5,27,12.96280267
0.6,9,27,13.05306267
0.6,14,27,13.565472
0.6,0,27,12.81305467
0.6,5,27,12.92257333
0.6,9,27,13.09857333
0.6,14,27,13.60228667
0.6,0,27,12.86915333
0.6,5,27,13.006052
0.6,9,27,13.112404
0.6,14,27,13.670856
0.6,0,26,12.83220267
0.6,5,26,12.93325067
0.6,9,26,13.11201867
0.6,14,26,13.74268533
0.6,0,26,12.86915467
0.6,5,26,12.93535333
0.6,9,26,13.08056933
0.6,14,26,13.73704667
0.6,0,26,12.93495333
0.6,5,26,13.000012
0.6,9,26,13.11666533
0.6,14,26,13.80435067
0.6,0,26,12.903272
0.6,5,26,12.95495467
0.6,9,26,13.09509867
0.6,14,26,13.78178533
0.6,0,26,12.95936667
0.6,5,26,13.01959733
0.6,9,26,13.15432
0.6,14,26,13.88457467
0.6,0,26,12.91163467
0.6,5,26,12.988052
0.6,9,26,13.20099733
0.6,14,26,13.93051067
0.6,0,25,12.81114
0.6,5,25,12.92357467
0.6,9,25,13.06268
0.6,0,25,12.54783333
0.6,5,25,12.68626
0.6,9,25,12.84447867
0.6,0,25,12.4804
0.6,5,25,12.65683333
0.6,9,25,12.826096
0.6,0,25,12.51234933
0.6,5,25,12.584844
0.6,9,25,12.80162267
0.6,0,25,12.575856
0.6,5,25,12.68080133
0.6,9,25,12.881488
0.6,0,25,12.57752933
0.6,5,25,12.71025067
0.6,9,25,12.88079333
0.6,0,24,12.76763867
0.6,5,24,12.907344
0.6,9,24,13.05366
0.6,0,24,12.79838
0.6,5,24,12.927912
0.6,9,24,12.84593333
0.6,0,24,12.541672
0.6,5,24,12.65782667
0.6,9,24,12.85907067
0.6,0,24,12.633952
0.6,5,24,12.69014533
0.6,9,24,12.864824
0.6,0,24,12.59746933
0.6,5,24,12.71242133
0.6,9,24,12.84705867
0.6,0,24,12.605584
0.6,5,24,12.72830133
0.6,9,24,12.919024
0.6,0,23,12.754608
0.6,5,23,12.87234667
0.6,9,23,13.101484
0.6,0,23,12.77688933
0.6,5,23,12.91111733
0.6,9,23,13.065716
0.6,0,23,12.775636
0.6,5,23,12.91353867
0.6,9,23,13.10003867
0.6,0,23,12.81388
0.6,5,23,12.90733867
0.6,9,23,13.57463467
0.6,0,23,13.36375333
0.6,5,23,12.97859867
0.6,9,23,13.15782267
0.6,0,23,12.86980667
0.6,5,23,13.02532
0.6,9,23,13.187972
0.6,0,22,12.80291067
0.6,5,22,12.92577867
0.6,9,22,13.15880533
0.6,0,22,12.78070267
0.6,5,22,12.95455067
0.6,9,22,13.179188
0.6,0,22,12.850532
0.6,5,22,12.911404
0.6,9,22,13.147844
0.6,0,22,12.85903867
0.6,5,22,12.94936133
0.6,9,22,13.214552
0.6,0,22,12.833844
0.6,5,22,12.98668133
0.6,9,22,13.19951333
0.6,0,22,12.887912
0.6,5,22,13.02430267
0.6,9,22,13.25249067
0.6,0,21,12.74346
0.6,5,21,12.94913733
0.6,0,21,12.48589867
0.6,5,21,12.64536933
0.6,0,21,12.51911733
0.6,5,21,12.65263333
0.6,0,21,12.541264
0.6,5,21,12.70964267
0.6,0,21,12.51923467
0.6,5,21,12.757644
0.6,0,21,12.55723733
0.6,5,21,12.70741067
0.6,0,20,12.758544
0.6,5,20,12.946668
0.6,0,20,12.80181067
0.6,5,20,12.93792667
0.6,0,20,12.79398933
0.6,5,20,12.97891467
0.6,0,20,12.79486267
0.6,5,20,12.98063733
0.6,0,20,12.84350133
0.6,5,20,12.986424
0.6,0,20,12.86384267
0.6,5,20,13.803448
0.2,0,74,12.356136
0.2,5,74,12.417308
0.2,9,74,12.46064933
0.2,14,74,12.53520933
0.2,18,74,12.602344
0.2,23,74,12.72718667
0.2,0,74,12.39122667
0.2,5,74,12.41134133
0.2,9,74,12.44542667
0.2,14,74,12.48858533
0.2,18,74,12.572268
0.2,23,74,12.70916533
0.2,0,74,12.40725467
0.2,5,74,12.44426267
0.2,9,74,12.43402933
0.2,14,74,12.550364
0.2,18,74,12.57468133
0.2,23,74,12.707596
0.2,0,74,12.380496
0.2,5,74,12.426108
0.2,9,74,12.51291333
0.2,14,74,12.566352
0.2,18,74,12.65914533
0.2,23,74,12.75302
0.2,0,74,12.43500133
0.2,5,74,12.468176
0.2,9,74,12.43199733
0.2,14,74,12.61352
0.2,18,74,12.65311733
0.2,23,74,12.818564
0.2,0,74,12.50076
0.2,5,74,12.51728667
0.2,9,74,12.531836
0.2,14,74,12.59906
0.2,18,74,12.651288
0.2,23,74,12.82653467
0.2,0,73,12.34614667
0.2,5,73,12.352936
0.2,9,73,12.481324
0.2,14,73,12.538924
0.2,18,73,13.50502533
0.2,23,73,12.81270133
0.2,0,73,12.41789467
0.2,5,73,12.40176267
0.2,9,73,12.48702667
0.2,14,73,12.56772667
0.2,18,73,12.61582533
0.2,23,73,12.715236
0.2,0,73,12.37708267
0.2,5,73,12.44247867
0.2,9,73,12.457984
0.2,14,73,12.60751333
0.2,18,73,12.66606
0.2,23,73,12.70978667
0.2,0,73,12.38135867
0.2,5,73,12.441848
0.2,9,73,12.42530133
0.2,14,73,12.51143867
0.2,18,73,12.58457067
0.2,23,73,12.765372
0.2,0,73,12.42462533
0.2,5,73,12.44908267
0.2,9,73,12.49439067
0.2,14,73,12.57725867
0.2,18,73,12.610992
0.2,23,73,12.71626
0.2,0,73,12.48249333
0.2,5,73,12.469368
0.2,9,73,12.531176
0.2,14,73,12.619632
0.2,18,73,12.74324133
0.2,23,73,12.853016
0.2,0,68,12.384856
0.2,5,68,12.400312
0.2,9,68,12.46891467
0.2,14,68,12.55667867
0.2,18,68,12.59395333
0.2,23,68,12.732136
0.2,0,68,12.39757333
0.2,5,68,12.41503467
0.2,9,68,12.45076933
0.2,14,68,12.52509867
0.2,18,68,12.61841467
0.2,23,68,12.676428
0.2,0,68,12.415236
0.2,5,68,12.41733067
0.2,9,68,12.514232
0.2,14,68,12.58070933
0.2,18,68,12.60603067
0.2,23,68,12.72111867
0.2,0,68,12.39934
0.2,5,68,12.469276
0.2,9,68,12.50278667
0.2,14,68,12.567216
0.2,18,68,12.61622
0.2,23,68,12.75597333
0.2,0,68,12.40743867
0.2,5,68,12.456844
0.2,9,68,12.50433733
0.2,14,68,12.57606533
0.2,18,68,12.64014933
0.2,23,68,12.80116933
0.2,0,68,12.42929867
0.2,5,68,12.51134667
0.2,9,68,12.55225867
0.2,14,68,12.62607733
0.2,18,68,12.68555733
0.2,23,68,12.82463467
0.2,0,63,12.35005867
0.2,5,63,12.403872
0.2,9,63,12.44613467
0.2,14,63,12.53355333
0.2,18,63,12.559372
0.2,23,63,12.70999067
0.2,0,63,12.37801067
0.2,5,63,12.352708
0.2,9,63,12.433696
0.2,14,63,12.523036
0.2,18,63,12.554988
0.2,23,63,12.66013467
0.2,0,63,12.345052
0.2,5,63,12.383076
0.2,9,63,12.45011867
0.2,14,63,12.53784933
0.2,18,63,12.58323067
0.2,23,63,12.72082
0.2,0,63,12.37089867
0.2,5,63,12.40364267
0.2,9,63,12.48990133
0.2,14,63,12.52984933
0.2,18,63,12.56290133
0.2,23,63,12.75094533
0.2,0,63,12.38535333
0.2,5,63,12.48650133
0.2,9,63,12.48569467
0.2,14,63,12.56837733
0.2,18,63,12.61046667
0.2,23,63,12.74561067
0.2,0,63,12.44810667
0.2,5,63,12.47545867
0.2,9,63,12.52270933
0.2,14,63,12.64684267
0.2,18,63,12.660716
0.2,23,63,12.79718533
0.2,0,58,12.331884
0.2,5,58,12.41111733
0.2,9,58,12.497288
0.2,14,58,13.11538933
0.2,18,58,12.971812
0.2,23,58,12.70217733
0.2,0,58,12.36925067
0.2,5,58,12.408944
0.2,9,58,12.432696
0.2,14,58,12.55296533
0.2,18,58,12.57165333
0.2,23,58,12.72494
0.2,0,58,12.42465733
0.2,5,58,12.41562267
0.2,9,58,12.48617333
0.2,14,58,12.554204
0.2,18,58,12.63898
0.2,23,58,12.72773067
0.2,0,58,12.41092133
0.2,5,58,12.440972
0.2,9,58,12.48607067
0.2,14,58,12.609872
0.2,18,58,12.62631867
0.2,23,58,12.74126133
0.2,0,58,12.42793067
0.2,5,58,12.43628667
0.2,9,58,12.48217067
0.2,14,58,12.58114667
0.2,18,58,12.605716
0.2,23,58,12.744428
0.2,0,58,12.48015333
0.2,5,58,12.50689333
0.2,9,58,12.51789733
0.2,14,58,12.603568
0.2,18,58,12.68552533
0.2,23,58,12.859632
0.2,0,53,12.40132533
0.2,5,53,12.39363467
0.2,9,53,12.42367067
0.2,14,53,12.54314133
0.2,18,53,12.544572
0.2,23,53,12.69604933
0.2,0,53,12.367352
0.2,5,53,12.408552
0.2,9,53,12.46216533
0.2,14,53,12.57810533
0.2,18,53,12.58306667
0.2,23,53,12.72172
0.2,0,53,12.43178933
0.2,5,53,12.45590533
0.2,9,53,12.49002533
0.2,14,53,12.57602533
0.2,18,53,12.63158533
0.2,23,53,12.74516667
0.2,0,53,12.44997867
0.2,5,53,12.44544933
0.2,9,53,12.47313333
0.2,14,53,12.62425067
0.2,18,53,12.700612
0.2,23,53,12.75632933
0.2,0,53,12.43435467
0.2,5,53,12.47306267
0.2,9,53,12.48260533
0.2,14,53,12.58801333
0.2,18,53,12.681388
0.2,23,53,12.80803067
0.2,0,53,12.47086933
0.2,5,53,12.47377467
0.2,9,53,12.490956
0.2,14,53,12.586844
0.2,18,53,12.61825867
0.2,23,53,12.86466267
0.2,0,48,12.37138533
0.2,5,48,12.34228267
0.2,9,48,12.45673867
0.2,14,48,12.51218267
0.2,18,48,12.541504
0.2,23,48,12.68179333
0.2,0,48,12.370056
0.2,5,48,12.38084133
0.2,9,48,12.453664
0.2,14,48,12.55001867
0.2,18,48,12.57224267
0.2,23,48,12.67084
0.2,0,48,12.384352
0.2,5,48,12.428388
0.2,9,48,12.46212533
0.2,14,48,12.51177467
0.2,18,48,12.536528
0.2,23,48,12.678736
0.2,0,48,12.39255467
0.2,5,48,12.449716
0.2,9,48,12.413256
0.2,14,48,12.536952
0.2,18,48,12.60526133
0.2,23,48,12.72599733
0.2,0,48,12.413908
0.2,5,48,12.390536
0.2,9,48,12.45639733
0.2,14,48,12.56552267
0.2,18,48,12.60462533
0.2,23,48,12.71132933
0.2,0,48,12.43712267
0.2,5,48,12.48942267
0.2,9,48,12.506068
0.2,14,48,12.59412267
0.2,18,48,12.65944667
0.2,23,48,12.82184267
0.2,0,43,12.34077733
0.2,5,43,12.394092
0.2,9,43,12.438776
0.2,14,43,12.46997067
0.2,18,43,12.571608
0.2,23,43,12.72046
0.2,0,43,12.359404
0.2,5,43,12.34655733
0.2,9,43,12.427592
0.2,14,43,12.499448
0.2,18,43,12.537748
0.2,23,43,12.62100533
0.2,0,43,12.37472533
0.2,5,43,12.38744133
0.2,9,43,12.36405333
0.2,14,43,12.54932533
0.2,18,43,12.607556
0.2,23,43,12.69556667
0.2,0,43,12.362172
0.2,5,43,12.42694533
0.2,9,43,12.38104667
0.2,14,43,12.50688667
0.2,18,43,12.61361067
0.2,23,43,12.73503067
0.2,0,43,12.38651067
0.2,5,43,12.36867733
0.2,9,43,12.48362533
0.2,14,43,12.57295467
0.2,18,43,12.66827867
0.2,23,43,12.75138533
0.2,0,43,12.37250267
0.2,5,43,12.497248
0.2,9,43,12.5408
0.2,14,43,12.57034
0.2,18,43,12.65597067
0.2,23,43,12.80942133
0.2,0,38,12.363936
0.2,5,38,12.36318267
0.2,9,38,12.491028
0.2,14,38,12.54978533
0.2,18,38,12.59694533
0.2,23,38,12.74590133
0.2,0,38,12.432392
0.2,5,38,12.44726
0.2,9,38,12.43580933
0.2,14,38,12.601668
0.2,18,38,12.64943467
0.2,23,38,12.65634533
0.2,0,38,12.386996
0.2,5,38,12.43677867
0.2,9,38,12.466416
0.2,14,38,12.594384
0.2,18,38,12.690276
0.2,23,38,12.76083733
0.2,0,38,12.382672
0.2,5,38,12.4126
0.2,9,38,12.51994667
0.2,14,38,12.51836267
0.2,18,38,12.645988
0.2,23,38,12.764784
0.2,0,38,12.44780933
0.2,5,38,12.42663067
0.2,9,38,12.498388
0.2,14,38,12.618324
0.2,18,38,12.58751867
0.2,23,38,12.76404667
0.2,0,38,12.46431867
0.2,5,38,12.522492
0.2,9,38,12.38881867
0.2,14,38,12.663088
0.2,18,38,12.726936
0.2,23,38,12.88054667
0.2,0,37,12.40542533
0.2,5,37,12.69078133
0.2,9,37,13.09051467
0.2,14,37,12.54818667
0.2,18,37,12.58851733
0.2,23,37,12.70604133
0.2,0,37,12.35975467
0.2,5,37,12.36590133
0.2,9,37,12.43789867
0.2,14,37,12.54009067
0.2,18,37,12.566308
0.2,23,37,12.72230133
0.2,0,37,12.32653867
0.2,5,37,12.341284
0.2,9,37,12.453564
0.2,14,37,12.58162
0.2,18,37,12.62162667
0.2,23,37,12.74520667
0.2,0,37,12.417848
0.2,5,37,12.361344
0.2,9,37,12.48690533
0.2,14,37,12.57334533
0.2,18,37,12.66439467
0.2,23,37,12.71306667
0.2,0,37,12.4723
0.2,5,37,12.503632
0.2,9,37,12.50891867
0.2,14,37,12.48849333
0.2,18,37,12.67720533
0.2,23,37,12.80960533
0.2,0,37,13.538276
0.2,5,37,12.46361067
0.2,9,37,12.54296933
0.2,14,37,12.636616
0.2,18,37,12.72819467
0.2,23,37,12.87207333
0.2,0,36,12.34800267
0.2,5,36,12.42815467
0.2,9,36,12.389048
0.2,14,36,12.5297
0.2,18,36,12.59554267
0.2,23,36,12.715472
0.2,0,36,12.36801067
0.2,5,36,12.325204
0.2,9,36,12.47636133
0.2,14,36,12.523544
0.2,18,36,12.52249733
0.2,23,36,12.735632
0.2,0,36,13.409352
0.2,5,36,12.429088
0.2,9,36,12.45008667
0.2,14,36,12.544164
0.2,18,36,12.56834133
0.2,23,36,12.75300533
0.2,0,36,12.40939867
0.2,5,36,12.38788267
0.2,9,36,12.54219733
0.2,14,36,12.60229867
0.2,18,36,12.621196
0.2,23,36,12.80324667
0.2,0,36,12.45210133
0.2,5,36,12.41837067
0.2,9,36,12.5379
0.2,14,36,12.59266267
0.2,18,36,12.60861733
0.2,23,36,12.77964
0.2,0,36,12.44607333
0.2,5,36,12.477552
0.2,9,36,12.45634267
0.2,14,36,12.634
0.2,18,36,12.68250133
0.2,23,36,12.88406933
0.2,0,35,12.330548
0.2,5,35,13.41755333
0.2,9,35,12.436028
0.2,14,35,12.54668667
0.2,18,35,12.58882533
0.2,23,35,12.70173333
0.2,0,35,12.439048
0.2,5,35,12.41546
0.2,9,35,12.30955333
0.2,14,35,12.61221067
0.2,18,35,12.61718533
0.2,23,35,12.771068
0.2,0,35,12.38198267
0.2,5,35,12.35492133
0.2,9,35,12.424028
0.2,14,35,12.54877067
0.2,18,35,12.623332
0.2,23,35,12.73654667
0.2,0,35,12.38215867
0.2,5,35,12.37318533
0.2,9,35,12.47352
0.2,14,35,12.58820667
0.2,18,35,12.61181333
0.2,23,35,12.77818533
0.2,0,35,12.45886133
0.2,5,35,12.41608133
0.2,9,35,12.50641867
0.2,14,35,12.58193067
0.2,18,35,12.588504
0.2,23,35,12.85293067
0.2,0,35,12.3974
0.2,5,35,12.46082
0.2,9,35,12.49406267
0.2,14,35,12.56071867
0.2,18,35,12.33269067
0.2,23,35,12.60014533
0.2,0,34,12.37103333
0.2,5,34,12.36117467
0.2,9,34,12.49283467
0.2,14,34,12.54142
0.2,18,34,12.64344
0.2,23,34,12.85599467
0.2,0,34,12.42128667
0.2,5,34,12.41587733
0.2,9,34,12.45478533
0.2,14,34,12.57017467
0.2,18,34,12.64807333
0.2,23,34,12.78854933
0.2,0,34,12.42383867
0.2,5,34,12.43658267
0.2,9,34,12.412436
0.2,14,34,12.59252533
0.2,18,34,12.65674
0.2,23,34,12.88252933
0.2,0,34,12.39086267
0.2,5,34,12.457024
0.2,9,34,12.50323067
0.2,14,34,12.56356667
0.2,18,34,12.62306667
0.2,23,34,12.90122267
0.2,0,34,12.38326667
0.2,5,34,12.49272267
0.2,9,34,12.445228
0.2,14,34,12.62297733
0.2,18,34,12.665328
0.2,23,34,12.895256
0.2,0,34,12.50133867
0.2,5,34,12.48137867
0.2,9,34,12.57539733
0.2,14,34,12.58912933
0.2,18,34,12.72894267
0.2,23,34,13.01383067
0.2,0,33,12.33616133
0.2,5,33,12.370832
0.2,9,33,12.35791867
0.2,14,33,12.52761467
0.2,18,33,12.637464
0.2,23,33,12.8411
0.2,0,33,12.37845867
0.2,5,33,12.31755867
0.2,9,33,12.48372933
0.2,14,33,12.510992
0.2,18,33,12.50910933
0.2,23,33,12.95658
0.2,0,33,12.36550533
0.2,5,33,12.43938533
0.2,9,33,12.60648
0.2,14,33,13.37826267
0.2,18,33,12.64488
0.2,23,33,12.947868
0.2,0,33,12.371556
0.2,5,33,12.38099067
0.2,9,33,12.47243733
0.2,14,33,12.58394667
0.2,18,33,12.60748933
0.2,23,33,12.96987867
0.2,0,33,12.40709467
0.2,5,33,12.300756
0.2,9,33,12.54030267
0.2,14,33,12.54799733
0.2,18,33,12.66234667
0.2,23,33,12.92670533
0.2,0,33,12.45405067
0.2,5,33,12.480368
0.2,9,33,12.48390133
0.2,14,33,12.63224
0.2,18,33,12.63619733
0.2,23,33,13.0653
0.2,0,32,12.41980533
0.2,5,32,12.325428
0.2,9,32,12.44567067
0.2,14,32,12.55224933
0.2,18,32,12.626808
0.2,0,32,12.03846267
0.2,5,32,13.25884667
0.2,9,32,12.19181467
0.2,14,32,12.31682133
0.2,18,32,12.37601333
0.2,0,32,12.17782267
0.2,5,32,12.20399733
0.2,9,32,12.06146
0.2,14,32,12.31546267
0.2,18,32,12.29103467
0.2,0,32,12.12508133
0.2,5,32,12.097468
0.2,9,32,12.23326933
0.2,14,32,12.31107867
0.2,18,32,12.39700933
0.2,0,32,12.077944
0.2,5,32,12.21776533
0.2,9,32,12.20189467
0.2,14,32,12.34446133
0.2,18,32,12.379056
0.2,0,32,12.17394533
0.2,5,32,12.11906667
0.2,9,32,12.27988533
0.2,14,32,12.35905867
0.2,18,32,12.40966267
0.2,0,31,12.38790667
0.2,5,31,12.42104
0.2,9,31,12.42294533
0.2,14,31,12.48428667
0.2,18,31,12.68354133
0.2,0,31,12.360584
0.2,5,31,12.32887733
0.2,9,31,12.382488
0.2,14,31,12.56856667
0.2,18,31,12.527032
0.2,0,31,12.403556
0.2,5,31,12.44048133
0.2,9,31,12.36967067
0.2,14,31,12.501436
0.2,18,31,12.68829733
0.2,0,31,12.40239867
0.2,5,31,12.42068
0.2,9,31,12.488504
0.2,14,31,12.59287067
0.2,18,31,12.72425067
0.2,0,31,12.40895733
0.2,5,31,12.38362667
0.2,9,31,12.52725467
0.2,14,31,12.60856667
0.2,18,31,12.64619333
0.2,0,31,12.495576
0.2,5,31,12.49615867
0.2,9,31,12.38908667
0.2,14,31,12.62661733
0.2,18,31,12.78144267
0.2,0,30,12.253984
0.2,5,30,12.41430267
0.2,9,30,12.39752133
0.2,14,30,12.54656533
0.2,18,30,12.62372933
0.2,0,30,12.350268
0.2,5,30,12.32980533
0.2,9,30,12.41033867
0.2,14,30,12.58069333
0.2,18,30,12.656952
0.2,0,30,12.239256
0.2,5,30,12.46376667
0.2,9,30,12.48303467
0.2,14,30,12.45478133
0.2,18,30,12.65229067
0.2,0,30,12.40447333
0.2,5,30,12.42939467
0.2,9,30,12.428144
0.2,14,30,12.47703333
0.2,18,30,12.76247067
0.2,0,30,12.40056
0.2,5,30,12.44053067
0.2,9,30,12.47974267
0.2,14,30,12.54666
0.2,18,30,12.7939
0.2,0,30,12.34958133
0.2,5,30,12.49241333
0.2,9,30,12.51208533
0.2,14,30,12.557284
0.2,18,30,13.98648533
0.2,0,29,12.36278133
0.2,5,29,12.37385067
0.2,9,29,12.354812
0.2,14,29,12.576764
0.2,18,29,12.87099467
0.2,0,29,12.33259067
0.2,5,29,12.35943333
0.2,9,29,12.396212
0.2,14,29,12.618288
0.2,18,29,12.43186133
0.2,0,29,12.163944
0.2,5,29,12.165852
0.2,9,29,12.17262667
0.2,14,29,12.21766667
0.2,18,29,12.63098933
0.2,0,29,12.12937467
0.2,5,29,12.007112
0.2,9,29,12.241396
0.2,14,29,12.353172
0.2,18,29,12.60965333
0.2,0,29,12.16833467
0.2,5,29,12.08512933
0.2,9,29,12.281472
0.2,14,29,12.357408
0.2,18,29,12.57842133
0.2,0,29,12.19594933
0.2,5,29,12.16373467
0.2,9,29,12.18702933
0.2,14,29,12.4446
0.2,18,29,12.696988
0.2,0,28,12.25622
0.2,5,28,12.394088
0.2,9,28,12.39930267
0.2,14,28,12.48080533
0.2,0,28,12.06184667
0.2,5,28,12.12803867
0.2,9,28,12.08174933
0.2,14,28,12.36374
0.2,0,28,12.06233467
0.2,5,28,12.053888
0.2,9,28,12.207132
0.2,14,28,12.273368
0.2,0,28,12.04289067
0.2,5,28,12.155196
0.2,9,28,12.11414933
0.2,14,28,12.350308
0.2,0,28,12.12116267
0.2,5,28,12.07253467
0.2,9,28,12.26721333
0.2,14,28,12.36248933
0.2,0,28,12.04257333
0.2,5,28,12.232396
0.2,9,28,12.23014
0.2,14,28,12.34094
0.2,0,27,12.35875333
0.2,5,27,12.31068
0.2,9,27,12.38398667
0.2,14,27,12.62652533
0.2,0,27,12.31134533
0.2,5,27,12.36818933
0.2,9,27,12.41326533
0.2,14,27,12.47109733
0.2,0,27,12.41274667
0.2,5,27,13.557056
0.2,9,27,12.44905467
0.2,14,27,12.59685733
0.2,0,27,13.575068
0.2,5,27,12.44756267
0.2,9,27,12.43752133
0.2,14,27,13.79000533
0.2,0,27,12.428744
0.2,5,27,12.43009733
0.2,9,27,12.46799733
0.2,14,27,12.678432
0.2,0,27,12.35479867
0.2,5,27,12.48319467
0.2,9,27,12.50578533
0.2,14,27,12.69010533
0.2,0,26,12.260676
0.2,5,26,12.39510533
0.2,9,26,12.50015333
0.2,14,26,12.69057333
0.2,0,26,12.270932
0.2,5,26,12.422176
0.2,9,26,12.36847333
0.2,14,26,12.73544267
0.2,0,26,12.388756
0.2,5,26,12.30588
0.2,9,26,12.47345467
0.2,14,26,12.70635467
0.2,0,26,12.36327467
0.2,5,26,12.44925467
0.2,9,26,12.48047067
0.2,14,26,12.658668
0.2,0,26,12.47563467
0.2,5,26,12.51634
0.2,9,26,12.52135333
0.2,14,26,12.834924
0.2,0,26,12.38538
0.2,5,26,12.92308133
0.2,9,26,13.182748
0.2,14,26,12.83189467
0.2,0,25,12.23244933
0.2,5,25,12.41008533
0.2,9,25,12.480012
0.2,0,25,12.12998
0.2,5,25,12.178024
0.2,9,25,12.15098533
0.2,0,25,12.00027867
0.2,5,25,12.18966667
0.2,9,25,12.17615867
0.2,0,25,12.127576
0.2,5,25,12.15711733
0.2,9,25,12.13423067
0.2,0,25,12.16578533
0.2,5,25,12.09640133
0.2,9,25,12.28063467
0.2,0,25,12.18191733
0.2,5,25,12.225532
0.2,9,25,12.256028
0.2,0,24,12.424724
0.2,5,24,12.32804267
0.2,9,24,12.50555867
0.2,0,24,12.42906667
0.2,5,24,12.3152
0.2,9,24,12.507924
0.2,0,24,12.41427067
0.2,5,24,12.38168933
0.2,9,24,12.50442
0.2,0,24,12.33769333
0.2,5,24,12.38954267
0.2,9,24,12.4943
0.2,0,24,12.38203067
0.2,5,24,12.43762
0.2,9,24,12.522332
0.2,0,24,12.46193333
0.2,5,24,12.44326
0.2,9,24,12.58495067
0.2,0,23,12.41164933
0.2,5,23,12.437484
0.2,9,23,12.39493333
0.2,0,23,12.42669333
0.2,5,23,12.46412933
0.2,9,23,12.545796
0.2,0,23,12.38631467
0.2,5,23,12.41090133
0.2,9,23,12.40248
0.2,0,23,12.457308
0.2,5,23,12.48389067
0.2,9,23,12.55116
0.2,0,23,12.44105733
0.2,5,23,12.43177333
0.2,9,23,12.57513867
0.2,0,23,12.48490267
0.2,5,23,12.46514
0.2,9,23,12.572552
0.2,0,22,12.338992
0.2,5,22,12.41435067
0.2,9,22,12.561988
0.2,0,22,12.43736667
0.2,5,22,12.350808
0.2,9,22,12.56197067
0.2,0,22,12.38333733
0.2,5,22,12.43244133
0.2,9,22,12.48555067
0.2,0,22,12.42173867
0.2,5,22,12.45595333
0.2,9,22,12.51244267
0.2,0,22,12.431768
0.2,5,22,12.480244
0.2,9,22,12.45682667
0.2,0,22,12.531332
0.2,5,22,12.55554
0.2,9,22,12.626452
0.2,0,21,12.34340667
0.2,5,21,12.438216
0.2,0,21,12.092372
0.2,5,21,12.194572
0.2,0,21,12.09266267
0.2,5,21,12.20850667
0.2,0,21,12.132968
0.2,5,21,12.19811067
0.2,0,21,13.24461867
0.2,5,21,12.197704
0.2,0,21,12.18489067
0.2,5,21,12.17328667
0.2,0,20,12.369372
0.2,5,20,12.423892
0.2,0,20,12.31854533
0.2,5,20,12.418256
0.2,0,20,12.38553067
0.2,5,20,12.38050933
0.2,0,20,12.44850267
0.2,5,20,12.53466667
0.2,0,20,12.34996667
0.2,5,20,12.47171867
0.2,0,20,12.47017467
0.2,5,20,12.577164
0.8,0,74,12.958472
0.8,5,74,13.18659333
0.8,9,74,13.30689733
0.8,14,74,13.69596667
0.8,18,74,13.888992
0.8,23,74,14.256736
0.8,0,74,13.033632
0.8,5,74,13.208428
0.8,9,74,13.30443867
0.8,14,74,13.64893467
0.8,18,74,13.83078667
0.8,23,74,14.271604
0.8,0,74,13.035904
0.8,5,74,13.184464
0.8,9,74,13.30796533
0.8,14,74,13.65860667
0.8,18,74,13.84793733
0.8,23,74,14.266956
0.8,0,74,13.05759467
0.8,5,74,13.18406667
0.8,9,74,13.32159067
0.8,14,74,13.67887067
0.8,18,74,13.85869867
0.8,23,74,14.278428
0.8,0,74,13.08440533
0.8,5,74,13.22263333
0.8,9,74,13.37686133
0.8,14,74,13.728396
0.8,18,74,13.86674267
0.8,23,74,14.30855733
0.8,0,74,13.08408667
0.8,5,74,13.21485333
0.8,9,74,13.36500267
0.8,14,74,13.71311467
0.8,18,74,13.89583867
0.8,23,74,14.38866667
0.8,0,73,14.06147333
0.8,5,73,13.16359467
0.8,9,73,13.323852
0.8,14,73,13.647604
0.8,18,73,13.849096
0.8,23,73,14.308668
0.8,0,73,13.075528
0.8,5,73,13.22086667
0.8,9,73,13.36093467
0.8,14,73,13.69958533
0.8,18,73,13.819536
0.8,23,73,14.26473067
0.8,0,73,13.07617467
0.8,5,73,13.2008
0.8,9,73,13.35140667
0.8,14,73,13.61732267
0.8,18,73,13.87094
0.8,23,73,14.26561333
0.8,0,73,13.062236
0.8,5,73,13.20855333
0.8,9,73,13.33038
0.8,14,73,13.711344
0.8,18,73,13.83858533
0.8,23,73,14.29106933
0.8,0,73,13.089804
0.8,5,73,13.21117333
0.8,9,73,13.37444533
0.8,14,73,13.67570133
0.8,18,73,13.87943333
0.8,23,73,14.323516
0.8,0,73,13.142844
0.8,5,73,13.25041733
0.8,9,73,13.39287733
0.8,14,73,13.76419467
0.8,18,73,13.93309867
0.8,23,73,14.43674533
0.8,0,68,13.036476
0.8,5,68,13.19543067
0.8,9,68,13.288184
0.8,14,68,13.640948
0.8,18,68,13.832068
0.8,23,68,14.21738533
0.8,0,68,13.046564
0.8,5,68,13.16445333
0.8,9,68,13.30659867
0.8,14,68,13.66652533
0.8,18,68,13.82142133
0.8,23,68,14.24166533
0.8,0,68,13.027004
0.8,5,68,13.17643733
0.8,9,68,13.34252667
0.8,14,68,13.659496
0.8,18,68,13.836044
0.8,23,68,14.24648667
0.8,0,68,13.039744
0.8,5,68,13.187524
0.8,9,68,13.32791867
0.8,14,68,13.66121733
0.8,18,68,13.910704
0.8,23,68,14.37118667
0.8,0,68,12.7772
0.8,5,68,12.94353867
0.8,9,68,13.104388
0.8,14,68,13.43503867
0.8,18,68,13.62090267
0.8,23,68,14.04340267
0.8,0,68,12.845424
0.8,5,68,12.97468933
0.8,9,68,13.14326133
0.8,14,68,13.39554533
0.8,18,68,13.623632
0.8,23,68,14.07474533
0.8,0,63,13.0011
0.8,5,63,13.16907067
0.8,9,63,13.30405867
0.8,14,63,13.61792533
0.8,18,63,13.82089467
0.8,23,63,14.21627333
0.8,0,63,12.991628
0.8,5,63,13.164564
0.8,9,63,13.3111
0.8,14,63,13.65496667
0.8,18,63,13.82518133
0.8,23,63,14.24623467
0.8,0,63,13.09746533
0.8,5,63,13.21534
0.8,9,63,13.34708267
0.8,14,63,13.69441067
0.8,18,63,13.92065867
0.8,23,63,14.26152667
0.8,0,63,13.099544
0.8,5,63,13.23616267
0.8,9,63,13.40989467
0.8,14,63,13.713184
0.8,18,63,13.88769867
0.8,23,63,14.304772
0.8,0,63,13.15753467
0.8,5,63,13.26621333
0.8,9,63,13.38540133
0.8,14,63,13.69154933
0.8,18,63,13.903528
0.8,23,63,14.343584
0.8,0,63,13.12715333
0.8,5,63,13.23295333
0.8,9,63,13.386372
0.8,14,63,13.78499467
0.8,18,63,13.916956
0.8,23,63,14.37355467
0.8,0,58,13.04465333
0.8,5,58,13.187752
0.8,9,58,13.33755733
0.8,14,58,13.65999467
0.8,18,58,13.82376533
0.8,23,58,14.22676267
0.8,0,58,13.074652
0.8,5,58,13.18380133
0.8,9,58,13.327232
0.8,14,58,13.58446133
0.8,18,58,13.80661067
0.8,23,58,14.220452
0.8,0,58,13.06374667
0.8,5,58,13.21089067
0.8,9,58,13.3201
0.8,14,58,13.62467067
0.8,18,58,13.81576933
0.8,23,58,14.23482667
0.8,0,58,13.07088667
0.8,5,58,13.19961867
0.8,9,58,13.373284
0.8,14,58,13.69095333
0.8,18,58,13.88695467
0.8,23,58,14.265096
0.8,0,58,13.10184267
0.8,5,58,13.18731867
0.8,9,58,13.36442267
0.8,14,58,13.70543467
0.8,18,58,13.862472
0.8,23,58,15.35806267
0.8,0,58,13.09379333
0.8,5,58,13.27936133
0.8,9,58,13.38680933
0.8,14,58,14.21585333
0.8,18,58,14.41421867
0.8,23,58,14.327228
0.8,0,53,13.07384667
0.8,5,53,13.18304533
0.8,9,53,13.326596
0.8,14,53,13.68607867
0.8,18,53,13.81205333
0.8,23,53,14.28748933
0.8,0,53,13.06000933
0.8,5,53,13.20477333
0.8,9,53,13.37894667
0.8,14,53,13.67471467
0.8,18,53,13.82100133
0.8,23,53,14.20378
0.8,0,53,13.106764
0.8,5,53,13.27372533
0.8,9,53,13.38370533
0.8,14,53,13.68661867
0.8,18,53,13.855876
0.8,23,53,14.28542267
0.8,0,53,13.122592
0.8,5,53,13.223132
0.8,9,53,13.390324
0.8,14,53,13.657824
0.8,18,53,13.83862
0.8,23,53,14.29367733
0.8,0,53,13.11272933
0.8,5,53,13.23571333
0.8,9,53,13.38144933
0.8,14,53,13.74525467
0.8,18,53,13.90900533
0.8,23,53,14.33835867
0.8,0,53,13.16213333
0.8,5,53,13.278204
0.8,9,53,13.36121733
0.8,14,53,13.701228
0.8,18,53,13.88087467
0.8,23,53,14.350428
0.8,0,48,13.03066933
0.8,5,48,13.17820667
0.8,9,48,13.29546933
0.8,14,48,13.58414533
0.8,18,48,13.77204533
0.8,23,48,14.23834
0.8,0,48,13.094776
0.8,5,48,13.15533867
0.8,9,48,13.30514133
0.8,14,48,13.66250533
0.8,18,48,13.86485467
0.8,23,48,13.99823333
0.8,0,48,12.80091733
0.8,5,48,12.947344
0.8,9,48,13.108744
0.8,14,48,13.39955333
0.8,18,48,13.53811467
0.8,23,48,13.96976
0.8,0,48,12.80516533
0.8,5,48,12.94522933
0.8,9,48,13.13161067
0.8,14,48,13.40253733
0.8,18,48,13.59432667
0.8,23,48,13.99848933
0.8,0,48,12.82007467
0.8,5,48,12.96718933
0.8,9,48,13.10480533
0.8,14,48,13.43701333
0.8,18,48,13.68941067
0.8,23,48,14.91099867
0.8,0,48,12.85019467
0.8,5,48,13.969996
0.8,9,48,13.13587467
0.8,14,48,14.00519067
0.8,18,48,14.09857333
0.8,23,48,14.736252
0.8,0,43,13.00252267
0.8,5,43,13.805028
0.8,9,43,13.72242267
0.8,14,43,14.28880133
0.8,18,43,14.07007867
0.8,23,43,14.934032
0.8,0,43,13.22386667
0.8,5,43,13.17519867
0.8,9,43,13.33123333
0.8,14,43,13.65078533
0.8,18,43,13.80341733
0.8,23,43,15.391324
0.8,0,43,13.072504
0.8,5,43,13.407284
0.8,9,43,14.096144
0.8,14,43,13.65116667
0.8,18,43,13.82921467
0.8,23,43,14.24957733
0.8,0,43,13.05495733
0.8,5,43,13.19916133
0.8,9,43,13.37276
0.8,14,43,13.66245067
0.8,18,43,13.85725867
0.8,23,43,14.25127467
0.8,0,43,13.08433333
0.8,5,43,13.188808
0.8,9,43,13.372572
0.8,14,43,13.67078667
0.8,18,43,13.82892933
0.8,23,43,14.2861
0.8,0,43,13.08337733
0.8,5,43,13.23656
0.8,9,43,13.406092
0.8,14,43,13.71300133
0.8,18,43,13.90628267
0.8,23,43,14.34252933
0.8,0,38,13.04922533
0.8,5,38,13.169904
0.8,9,38,13.31368133
0.8,14,38,13.61791333
0.8,18,38,13.812428
0.8,23,38,14.22562667
0.8,0,38,13.09513867
0.8,5,38,13.15677333
0.8,9,38,13.29426
0.8,14,38,13.610404
0.8,18,38,13.79340667
0.8,23,38,14.21109333
0.8,0,38,13.071324
0.8,5,38,13.19766933
0.8,9,38,13.33316267
0.8,14,38,13.66686933
0.8,18,38,13.827432
0.8,23,38,14.225072
0.8,0,38,13.03482267
0.8,5,38,13.21422533
0.8,9,38,13.342588
0.8,14,38,13.72024667
0.8,18,38,13.89021733
0.8,23,38,14.337632
0.8,0,38,13.13035467
0.8,5,38,13.20942667
0.8,9,38,13.40471067
0.8,14,38,13.733032
0.8,18,38,13.91550267
0.8,23,38,14.334116
0.8,0,38,13.126624
0.8,5,38,13.30923467
0.8,9,38,13.400624
0.8,14,38,13.70433867
0.8,18,38,13.94603867
0.8,23,38,14.32801067
0.8,0,37,13.02986133
0.8,5,37,13.179948
0.8,9,37,13.328356
0.8,14,37,13.630728
0.8,18,37,13.809492
0.8,23,37,14.28079867
0.8,0,37,13.02510133
0.8,5,37,13.19858533
0.8,9,37,13.305244
0.8,14,37,14.743744
0.8,18,37,13.80192667
0.8,23,37,14.25063333
0.8,0,37,13.07884533
0.8,5,37,13.21320667
0.8,9,37,13.36240133
0.8,14,37,13.64507067
0.8,18,37,13.79689333
0.8,23,37,14.26256533
0.8,0,37,13.08286667
0.8,5,37,13.15098267
0.8,9,37,13.33342667
0.8,14,37,13.65641467
0.8,18,37,13.81166267
0.8,23,37,14.26814533
0.8,0,37,13.10375067
0.8,5,37,13.27678933
0.8,9,37,13.33738
0.8,14,37,13.67352667
0.8,18,37,13.87951733
0.8,23,37,14.31069733
0.8,0,37,13.09678
0.8,5,37,13.24001467
0.8,9,37,13.407056
0.8,14,37,13.734828
0.8,18,37,13.91636267
0.8,23,37,14.394636
0.8,0,36,13.0209
0.8,5,36,13.20552667
0.8,9,36,13.330992
0.8,14,36,13.66568133
0.8,18,36,13.838148
0.8,23,36,14.34777467
0.8,0,36,13.04211467
0.8,5,36,13.19321733
0.8,9,36,13.30768
0.8,14,36,13.65827867
0.8,18,36,13.79942533
0.8,23,36,14.33715467
0.8,0,36,13.06861333
0.8,5,36,13.23054133
0.8,9,36,13.366548
0.8,14,36,13.6839
0.8,18,36,13.88456933
0.8,23,36,14.378612
0.8,0,36,13.05520667
0.8,5,36,13.21693733
0.8,9,36,13.34429867
0.8,14,36,13.71149333
0.8,18,36,13.83732
0.8,23,36,14.415908
0.8,0,36,13.14890667
0.8,5,36,13.23399333
0.8,9,36,13.348688
0.8,14,36,13.70536533
0.8,18,36,13.924528
0.8,23,36,14.46309467
0.8,0,36,13.133
0.8,5,36,13.26857067
0.8,9,36,13.45032533
0.8,14,36,13.77980133
0.8,18,36,13.89317467
0.8,23,36,14.4834
0.8,0,35,13.011084
0.8,5,35,13.13783467
0.8,9,35,13.325508
0.8,14,35,13.65722667
0.8,18,35,13.80394933
0.8,23,35,14.37870533
0.8,0,35,13.08635333
0.8,5,35,13.22213467
0.8,9,35,13.34698933
0.8,14,35,13.66798533
0.8,18,35,13.77990267
0.8,23,35,14.4047
0.8,0,35,13.05895867
0.8,5,35,13.204832
0.8,9,35,13.3346
0.8,14,35,13.67477867
0.8,18,35,13.810968
0.8,23,35,14.37616667
0.8,0,35,13.03267467
0.8,5,35,13.199268
0.8,9,35,13.39748
0.8,14,35,13.74749867
0.8,18,35,13.857088
0.8,23,35,14.43602
0.8,0,35,13.09444267
0.8,5,35,13.18361067
0.8,9,35,13.372196
0.8,14,35,13.68651067
0.8,18,35,13.915616
0.8,23,35,14.47092933
0.8,0,35,13.15257333
0.8,5,35,13.285372
0.8,9,35,13.457056
0.8,14,35,13.75711867
0.8,18,35,14.010824
0.8,23,35,14.22647867
0.8,0,34,13.08061733
0.8,5,34,13.25740267
0.8,9,34,13.369188
0.8,14,34,13.689496
0.8,18,34,13.894528
0.8,23,34,14.563548
0.8,0,34,13.05114133
0.8,5,34,13.231544
0.8,9,34,13.39684533
0.8,14,34,13.69540667
0.8,18,34,13.91286
0.8,23,34,14.615512
0.8,0,34,13.11527467
0.8,5,34,13.28077867
0.8,9,34,13.40707467
0.8,14,34,13.71364267
0.8,18,34,13.957396
0.8,23,34,14.61273333
0.8,0,34,13.13357467
0.8,5,34,13.26898133
0.8,9,34,13.38485067
0.8,14,34,13.698108
0.8,18,34,13.88844133
0.8,23,34,14.61125333
0.8,0,34,13.12792267
0.8,5,34,13.278
0.8,9,34,13.39368267
0.8,14,34,13.70244
0.8,18,34,13.93918133
0.8,23,34,14.643468
0.8,0,34,13.15392667
0.8,5,34,13.28992267
0.8,9,34,13.4278
0.8,14,34,13.75751867
0.8,18,34,13.935836
0.8,23,34,14.69432667
0.8,0,33,13.061668
0.8,5,33,13.178264
0.8,9,33,13.32475733
0.8,14,33,13.68296267
0.8,18,33,13.979948
0.8,23,33,14.83292667
0.8,0,33,13.089832
0.8,5,33,13.17665067
0.8,9,33,13.34578933
0.8,14,33,13.62109333
0.8,18,33,13.97785867
0.8,23,33,14.81175467
0.8,0,33,13.067584
0.8,5,33,13.194472
0.8,9,33,13.34272667
0.8,14,33,13.675584
0.8,18,33,13.95531067
0.8,23,33,14.91277867
0.8,0,33,13.06190133
0.8,5,33,13.24164133
0.8,9,33,13.37268267
0.8,14,33,13.70778933
0.8,18,33,13.95843067
0.8,23,33,14.855336
0.8,0,33,13.08693333
0.8,5,33,13.263644
0.8,9,33,14.38653867
0.8,14,33,13.76363467
0.8,18,33,15.00713733
0.8,23,33,14.99627467
0.8,0,33,14.01595467
0.8,5,33,13.28548667
0.8,9,33,13.401776
0.8,14,33,13.72484533
0.8,18,33,14.02364
0.8,23,33,14.971156
0.8,0,32,13.01476133
0.8,5,32,13.168792
0.8,9,32,13.33545467
0.8,14,32,13.67289467
0.8,18,32,14.037576
0.8,0,32,12.785996
0.8,5,32,12.90936
0.8,9,32,13.04934667
0.8,14,32,13.423008
0.8,18,32,13.76980267
0.8,0,32,12.798816
0.8,5,32,12.90995733
0.8,9,32,13.047072
0.8,14,32,13.433944
0.8,18,32,13.79188667
0.8,0,32,12.81086667
0.8,5,32,12.970168
0.8,9,32,13.08186667
0.8,14,32,13.46598133
0.8,18,32,13.796104
0.8,0,32,12.799416
0.8,5,32,12.92815333
0.8,9,32,13.099732
0.8,14,32,13.42727467
0.8,18,32,13.85701867
0.8,0,32,12.82662
0.8,5,32,12.973236
0.8,9,32,13.14012533
0.8,14,32,13.44342267
0.8,18,32,13.853724
0.8,0,31,13.02047867
0.8,5,31,13.16039867
0.8,9,31,13.31043067
0.8,14,31,13.70613467
0.8,18,31,14.04282667
0.8,0,31,13.04333867
0.8,5,31,13.19984
0.8,9,31,13.32574667
0.8,14,31,13.73348667
0.8,18,31,14.08413333
0.8,0,31,13.084156
0.8,5,31,13.16052133
0.8,9,31,13.30761867
0.8,14,31,13.77548667
0.8,18,31,14.111092
0.8,0,31,13.05587733
0.8,5,31,13.23553867
0.8,9,31,13.38026267
0.8,14,31,13.743172
0.8,18,31,14.11012667
0.8,0,31,13.085188
0.8,5,31,13.25170933
0.8,9,31,13.37242667
0.8,14,31,13.773504
0.8,18,31,14.129904
0.8,0,31,13.12681467
0.8,5,31,13.24535333
0.8,9,31,14.46922267
0.8,14,31,13.741476
0.8,18,31,15.2006
0.8,0,30,12.999504
0.8,5,30,13.11063867
0.8,9,30,13.30436667
0.8,14,30,13.75408667
0.8,18,30,14.18966133
0.8,0,30,13.025592
0.8,5,30,13.15013067
0.8,9,30,13.30578
0.8,14,30,13.7538
0.8,18,30,14.21161733
0.8,0,30,13.06654533
0.8,5,30,13.178484
0.8,9,30,13.33694
0.8,14,30,13.78831467
0.8,18,30,14.241208
0.8,0,30,13.06039467
0.8,5,30,13.194192
0.8,9,30,13.35141867
0.8,14,30,13.727388
0.8,18,30,14.235372
0.8,0,30,13.08735067
0.8,5,30,13.224676
0.8,9,30,13.37384933
0.8,14,30,13.84530133
0.8,18,30,15.44384267
0.8,0,30,13.11253867
0.8,5,30,13.25931867
0.8,9,30,13.384948
0.8,14,30,13.874684
0.8,18,30,14.330688
0.8,0,29,12.99252133
0.8,5,29,13.18531867
0.8,9,29,13.32084
0.8,14,29,13.73711467
0.8,18,29,14.64291867
0.8,0,29,13.05435333
0.8,5,29,13.857232
0.8,9,29,13.53690933
0.8,14,29,13.78802133
0.8,18,29,14.715452
0.8,0,29,13.03948133
0.8,5,29,13.143248
0.8,9,29,13.333556
0.8,14,29,13.774568
0.8,18,29,14.66613733
0.8,0,29,13.04055067
0.8,5,29,13.20283733
0.8,9,29,13.31600667
0.8,14,29,13.80075867
0.8,18,29,14.67235733
0.8,0,29,13.0874
0.8,5,29,13.211788
0.8,9,29,13.34988
0.8,14,29,13.82976933
0.8,18,29,14.75802933
0.8,0,29,13.094524
0.8,5,29,13.21548133
0.8,9,29,13.318748
0.8,14,29,13.84907333
0.8,18,29,14.78238267
0.8,0,28,12.98903333
0.8,5,28,13.13417733
0.8,9,28,13.30350133
0.8,14,28,13.86194267
0.8,0,28,12.75836267
0.8,5,28,12.87457867
0.8,9,28,13.024412
0.8,14,28,13.58254933
0.8,0,28,12.79203333
0.8,5,28,12.897264
0.8,9,28,13.07508267
0.8,14,28,13.571896
0.8,0,28,12.71255467
0.8,5,28,12.91795867
0.8,9,28,13.06414133
0.8,14,28,13.57788533
0.8,0,28,12.78317467
0.8,5,28,13.97385467
0.8,9,28,13.111016
0.8,14,28,13.66478133
0.8,0,28,12.78640533
0.8,5,28,12.97525733
0.8,9,28,13.110968
0.8,14,28,13.67687067
0.8,0,27,12.98659467
0.8,5,27,13.167092
0.8,9,27,13.333892
0.8,14,27,13.922256
0.8,0,27,13.049576
0.8,5,27,13.18153333
0.8,9,27,13.31795733
0.8,14,27,13.965732
0.8,0,27,13.027416
0.8,5,27,13.18511467
0.8,9,27,13.30414267
0.8,14,27,13.96467733
0.8,0,27,13.050116
0.8,5,27,13.23623333
0.8,9,27,13.36473067
0.8,14,27,14.047512
0.8,0,27,13.072376
0.8,5,27,13.24494533
0.8,9,27,13.39061867
0.8,14,27,13.99739867
0.8,0,27,13.10239067
0.8,5,27,13.24200533
0.8,9,27,13.424632
0.8,14,27,14.092256
0.8,0,26,13.004432
0.8,5,26,13.16176533
0.8,9,26,13.35548267
0.8,14,26,14.17170533
0.8,0,26,13.029948
0.8,5,26,13.153284
0.8,9,26,13.336672
0.8,14,26,14.19214533
0.8,0,26,13.080852
0.8,5,26,13.18643867
0.8,9,26,13.37340133
0.8,14,26,14.22621067
0.8,0,26,13.06522533
0.8,5,26,13.194652
0.8,9,26,13.38777333
0.8,14,26,14.251264
0.8,0,26,13.085336
0.8,5,26,13.22443733
0.8,9,26,13.40734267
0.8,14,26,14.288516
0.8,0,26,13.09500533
0.8,5,26,13.24800267
0.8,9,26,13.42366533
0.8,14,26,14.30438533
0.8,0,25,13.01462533
0.8,5,25,13.13527467
0.8,9,25,13.352344
0.8,0,25,12.68134667
0.8,5,25,12.89274933
0.8,9,25,13.17855467
0.8,0,25,12.73591467
0.8,5,25,12.89281867
0.8,9,25,13.13493467
0.8,0,25,12.80458267
0.8,5,25,12.94565333
0.8,9,25,13.15851333
0.8,0,25,12.78142533
0.8,5,25,12.960424
0.8,9,25,13.176968
0.8,0,25,12.69657467
0.8,5,25,12.940812
0.8,9,25,13.16335067
0.8,0,24,13.00882
0.8,5,24,13.14343067
0.8,9,24,13.349824
0.8,0,24,13.00743733
0.8,5,24,13.17765733
0.8,9,24,13.37327467
0.8,0,24,13.043588
0.8,5,24,13.160864
0.8,9,24,13.43228133
0.8,0,24,13.03533867
0.8,5,24,13.189876
0.8,9,24,13.33046533
0.8,0,24,13.04821467
0.8,5,24,13.22569733
0.8,9,24,13.43076533
0.8,0,24,13.08885733
0.8,5,24,13.22487067
0.8,9,24,13.424216
0.8,0,23,12.97134267
0.8,5,23,13.15241333
0.8,9,23,13.38289867
0.8,0,23,12.98509733
0.8,5,23,13.10662533
0.8,9,23,13.41739333
0.8,0,23,13.00974533
0.8,5,23,13.14761067
0.8,9,23,13.429392
0.8,0,23,12.981052
0.8,5,23,13.17754933
0.8,9,23,13.425108
0.8,0,23,13.028008
0.8,5,23,13.144996
0.8,9,23,13.48892267
0.8,0,23,13.07399467
0.8,5,23,13.21291333
0.8,9,23,13.454984
0.8,0,22,12.99061733
0.8,5,22,13.15716533
0.8,9,22,13.48499867
0.8,0,22,12.98670667
0.8,5,22,13.2015
0.8,9,22,13.49194267
0.8,0,22,13.01648667
0.8,5,22,13.18326533
0.8,9,22,13.473532
0.8,0,22,13.01879733
0.8,5,22,13.18601867
0.8,9,22,13.472348
0.8,0,22,13.02239867
0.8,5,22,13.17995867
0.8,9,22,13.495068
0.8,0,22,13.04412133
0.8,5,22,13.21416533
0.8,9,22,13.55928933
0.8,0,21,12.992824
0.8,5,21,13.13722133
0.8,0,21,12.76427733
0.8,5,21,12.965964
0.8,0,21,12.73773733
0.8,5,21,12.98248267
0.8,0,21,12.778384
0.8,5,21,12.98085867
0.8,0,21,12.767036
0.8,5,21,12.970748
0.8,0,21,12.80212933
0.8,5,21,12.950384
0.8,0,20,12.91348533
0.8,5,20,13.188748
0.8,0,20,12.990608
0.8,5,20,13.20856533
0.8,0,20,13.00797067
0.8,5,20,13.200072
0.8,0,20,13.00529067
0.8,5,20,13.19818667
0.8,0,20,13.03791067
0.8,5,20,13.22873867
0.8,0,20,13.05303867
0.8,5,20,13.293736
0.4,0,74,12.55664533
0.4,5,74,12.65538933
0.4,9,74,12.72379733
0.4,14,74,12.90245467
0.4,18,74,13.00361067
0.4,23,74,13.24389333
0.4,0,74,12.5876
0.4,5,74,12.60258267
0.4,9,74,12.763168
0.4,14,74,12.905816
0.4,18,74,12.98905467
0.4,23,74,13.21669867
0.4,0,74,12.642148
0.4,5,74,12.63322533
0.4,9,74,12.74474533
0.4,14,74,12.90172667
0.4,18,74,12.95957067
0.4,23,74,13.23944267
0.4,0,74,12.653056
0.4,5,74,12.71548133
0.4,9,74,12.76324267
0.4,14,74,12.95396
0.4,18,74,13.03258267
0.4,23,74,13.274512
0.4,0,74,12.65318267
0.4,5,74,12.72659067
0.4,9,74,12.80254
0.4,14,74,12.968236
0.4,18,74,13.06015733
0.4,23,74,13.28317733
0.4,0,74,12.65045467
0.4,5,74,12.77070267
0.4,9,74,12.78104
0.4,14,74,12.96136667
0.4,18,74,13.064036
0.4,23,74,13.328172
0.4,0,73,12.58435467
0.4,5,73,12.63911067
0.4,9,73,12.72746133
0.4,14,73,12.91474133
0.4,18,73,13.000436
0.4,23,73,13.259772
0.4,0,73,12.65134533
0.4,5,73,12.61624133
0.4,9,73,12.748464
0.4,14,73,12.95460533
0.4,18,73,12.99703867
0.4,23,73,13.21994
0.4,0,73,12.59831867
0.4,5,73,12.633764
0.4,9,73,12.68878533
0.4,14,73,12.909764
0.4,18,73,13.02908933
0.4,23,73,13.21108933
0.4,0,73,12.55264267
0.4,5,73,12.65038933
0.4,9,73,12.73981467
0.4,14,73,12.94497733
0.4,18,73,13.016236
0.4,23,73,13.252188
0.4,0,73,12.61642
0.4,5,73,12.65329467
0.4,9,73,12.79156
0.4,14,73,12.96676267
0.4,18,73,13.023688
0.4,23,73,13.25006933
0.4,0,73,12.64359467
0.4,5,73,12.692712
0.4,9,73,12.771036
0.4,14,73,12.98078533
0.4,18,73,13.14005067
0.4,23,73,13.34233867
0.4,0,68,12.60598533
0.4,5,68,12.61932667
0.4,9,68,12.74492667
0.4,14,68,12.861752
0.4,18,68,12.98774
0.4,23,68,13.205152
0.4,0,68,12.57287467
0.4,5,68,12.66244267
0.4,9,68,12.73216667
0.4,14,68,12.88388533
0.4,18,68,13.01271333
0.4,23,68,13.22370133
0.4,0,68,12.60677867
0.4,5,68,12.669384
0.4,9,68,12.617004
0.4,14,68,12.91295067
0.4,18,68,13.05041867
0.4,23,68,13.236768
0.4,0,68,12.60688267
0.4,5,68,12.69165467
0.4,9,68,12.79608933
0.4,14,68,12.863924
0.4,18,68,13.05612667
0.4,23,68,13.282676
0.4,0,68,12.688132
0.4,5,68,12.72240933
0.4,9,68,12.77790667
0.4,14,68,13.02823867
0.4,18,68,13.08356133
0.4,23,68,13.32161467
0.4,0,68,12.71130667
0.4,5,68,12.75312
0.4,9,68,12.75833333
0.4,14,68,12.97611867
0.4,18,68,13.122368
0.4,23,68,13.36737333
0.4,0,63,12.57832933
0.4,5,63,13.74567067
0.4,9,63,12.709956
0.4,14,63,13.04031867
0.4,18,63,13.82272667
0.4,23,63,13.23667867
0.4,0,63,13.71537333
0.4,5,63,12.72326
0.4,9,63,12.72694933
0.4,14,63,12.90680267
0.4,18,63,12.998188
0.4,23,63,13.193844
0.4,0,63,12.60817467
0.4,5,63,12.65198533
0.4,9,63,12.696416
0.4,14,63,12.92463867
0.4,18,63,12.99610133
0.4,23,63,13.23136533
0.4,0,63,12.62896133
0.4,5,63,12.634604
0.4,9,63,12.80379067
0.4,14,63,12.92296667
0.4,18,63,13.018188
0.4,23,63,13.217472
0.4,0,63,12.61535733
0.4,5,63,12.69550933
0.4,9,63,12.775476
0.4,14,63,12.954512
0.4,18,63,13.02781867
0.4,23,63,13.289368
0.4,0,63,12.68405867
0.4,5,63,12.66670667
0.4,9,63,12.79488933
0.4,14,63,12.97364
0.4,18,63,13.07146533
0.4,23,63,13.30089067
0.4,0,58,12.58258933
0.4,5,58,12.570272
0.4,9,58,12.76287333
0.4,14,58,12.91154533
0.4,18,58,12.98558267
0.4,23,58,13.22934
0.4,0,58,12.60871733
0.4,5,58,12.63930267
0.4,9,58,12.76054133
0.4,14,58,12.923668
0.4,18,58,12.976072
0.4,23,58,13.258808
0.4,0,58,12.64874533
0.4,5,58,12.674148
0.4,9,58,12.73482933
0.4,14,58,12.92839067
0.4,18,58,12.998184
0.4,23,58,13.25494667
0.4,0,58,12.62095333
0.4,5,58,12.63185867
0.4,9,58,12.79837067
0.4,14,58,12.884148
0.4,18,58,13.03439867
0.4,23,58,13.293308
0.4,0,58,12.69419333
0.4,5,58,12.68000133
0.4,9,58,12.78900667
0.4,14,58,12.99012
0.4,18,58,13.12007467
0.4,23,58,13.34326533
0.4,0,58,12.74052667
0.4,5,58,12.70368267
0.4,9,58,12.79349333
0.4,14,58,12.96818133
0.4,18,58,13.07942133
0.4,23,58,13.35681867
0.4,0,53,12.595176
0.4,5,53,12.60908533
0.4,9,53,13.79118533
0.4,14,53,12.912472
0.4,18,53,13.003536
0.4,23,53,13.26812133
0.4,0,53,12.82376933
0.4,5,53,13.369964
0.4,9,53,12.728924
0.4,14,53,12.935424
0.4,18,53,12.585972
0.4,23,53,13.012748
0.4,0,53,12.32572267
0.4,5,53,12.37626533
0.4,9,53,12.49836667
0.4,14,53,12.611112
0.4,18,53,12.78895733
0.4,23,53,13.01915067
0.4,0,53,12.35063333
0.4,5,53,12.30938267
0.4,9,53,12.53845333
0.4,14,53,12.71472667
0.4,18,53,12.644796
0.4,23,53,12.97702533
0.4,0,53,12.360952
0.4,5,53,12.42430533
0.4,9,53,12.480936
0.4,14,53,12.66479867
0.4,18,53,12.78096133
0.4,23,53,12.96219333
0.4,0,53,12.407364
0.4,5,53,12.4802
0.4,9,53,12.519552
0.4,14,53,12.71129333
0.4,18,53,12.84062533
0.4,23,53,13.02837333
0.4,0,48,12.60411733
0.4,5,48,12.53455067
0.4,9,48,12.759744
0.4,14,48,12.88622267
0.4,18,48,13.063816
0.4,23,48,13.24818533
0.4,0,48,12.57219333
0.4,5,48,12.642672
0.4,9,48,12.652428
0.4,14,48,12.84676533
0.4,18,48,12.98475467
0.4,23,48,13.21684667
0.4,0,48,12.61354133
0.4,5,48,12.705512
0.4,9,48,12.76294533
0.4,14,48,12.912316
0.4,18,48,13.05107333
0.4,23,48,13.25071067
0.4,0,48,12.617516
0.4,5,48,12.68349467
0.4,9,48,12.67061467
0.4,14,48,12.95782667
0.4,18,48,13.07267067
0.4,23,48,13.27946933
0.4,0,48,12.683288
0.4,5,48,12.70991467
0.4,9,48,12.75674533
0.4,14,48,12.99121333
0.4,18,48,13.02915067
0.4,23,48,13.26060533
0.4,0,48,12.61654933
0.4,5,48,12.762576
0.4,9,48,12.831384
0.4,14,48,12.95833067
0.4,18,48,13.07217067
0.4,23,48,13.36433467
0.4,0,43,12.544036
0.4,5,43,12.68952667
0.4,9,43,12.76207067
0.4,14,43,12.937376
0.4,18,43,12.998172
0.4,23,43,13.22229333
0.4,0,43,12.62868267
0.4,5,43,12.65181733
0.4,9,43,12.75264933
0.4,14,43,12.90378533
0.4,18,43,12.9593
0.4,23,43,13.26909733
0.4,0,43,12.61047733
0.4,5,43,12.67163867
0.4,9,43,12.72460933
0.4,14,43,12.93150933
0.4,18,43,13.06257467
0.4,23,43,13.26642667
0.4,0,43,12.623396
0.4,5,43,12.72155067
0.4,9,43,12.83084
0.4,14,43,12.950436
0.4,18,43,13.06844533
0.4,23,43,13.273728
0.4,0,43,12.71367867
0.4,5,43,12.70569333
0.4,9,43,12.74894933
0.4,14,43,12.975148
0.4,18,43,13.02478
0.4,23,43,13.30842
0.4,0,43,12.680628
0.4,5,43,12.72130133
0.4,9,43,12.856072
0.4,14,43,13.02222133
0.4,18,43,13.09132667
0.4,23,43,13.330128
0.4,0,38,12.535544
0.4,5,38,12.61521067
0.4,9,38,12.73586267
0.4,14,38,12.887908
0.4,18,38,12.999128
0.4,23,38,13.213064
0.4,0,38,12.588972
0.4,5,38,12.61790267
0.4,9,38,12.73103333
0.4,14,38,12.906948
0.4,18,38,13.01194933
0.4,23,38,13.195784
0.4,0,38,12.583896
0.4,5,38,12.57183733
0.4,9,38,12.715244
0.4,14,38,12.91863867
0.4,18,38,12.99372533
0.4,23,38,13.24586267
0.4,0,38,12.6049
0.4,5,38,12.70185333
0.4,9,38,12.77194667
0.4,14,38,12.91698667
0.4,18,38,13.01938133
0.4,23,38,13.2658
0.4,0,38,12.642068
0.4,5,38,12.71986667
0.4,9,38,12.80225867
0.4,14,38,12.95331467
0.4,18,38,13.06887733
0.4,23,38,13.30737867
0.4,0,38,12.67166
0.4,5,38,12.74493733
0.4,9,38,12.78954
0.4,14,38,13.00398133
0.4,18,38,13.063028
0.4,23,38,13.374336
0.4,0,37,12.58346933
0.4,5,37,12.646864
0.4,9,37,12.724232
0.4,14,37,12.88531333
0.4,18,37,12.98253067
0.4,23,37,13.23797067
0.4,0,37,12.61595333
0.4,5,37,12.674136
0.4,9,37,12.78808267
0.4,14,37,12.89708933
0.4,18,37,12.966432
0.4,23,37,13.25373467
0.4,0,37,12.592256
0.4,5,37,12.70240133
0.4,9,37,12.80988
0.4,14,37,12.99443333
0.4,18,37,13.036188
0.4,23,37,13.295356
0.4,0,37,12.60569333
0.4,5,37,12.69444
0.4,9,37,12.80034267
0.4,14,37,13.00870133
0.4,18,37,13.03335467
0.4,23,37,13.28275867
0.4,0,37,12.633208
0.4,5,37,12.710284
0.4,9,37,12.80606533
0.4,14,37,12.959024
0.4,18,37,14.05992133
0.4,23,37,13.31470267
0.4,0,37,12.69831867
0.4,5,37,12.70427067
0.4,9,37,12.808472
0.4,14,37,12.99990533
0.4,18,37,13.085912
0.4,23,37,13.39727733
0.4,0,36,12.62138667
0.4,5,36,12.66302667
0.4,9,36,12.75140933
0.4,14,36,12.90088
0.4,18,36,13.01126
0.4,23,36,13.29209467
0.4,0,36,12.62037733
0.4,5,36,12.709784
0.4,9,36,12.78708533
0.4,14,36,12.96085733
0.4,18,36,13.030352
0.4,23,36,13.317372
0.4,0,36,12.587448
0.4,5,36,12.671688
0.4,9,36,12.78449733
0.4,14,36,12.92754
0.4,18,36,13.07610133
0.4,23,36,13.352572
0.4,0,36,12.63056133
0.4,5,36,12.735968
0.4,9,36,12.79492667
0.4,14,36,12.98520267
0.4,18,36,13.06403733
0.4,23,36,13.33426133
0.4,0,36,12.69918533
0.4,5,36,12.68673467
0.4,9,36,12.80887333
0.4,14,36,13.00893333
0.4,18,36,13.08189733
0.4,23,36,13.38184
0.4,0,36,12.65956133
0.4,5,36,12.772396
0.4,9,36,12.85344267
0.4,14,36,13.01300933
0.4,18,36,13.163236
0.4,23,36,13.48232133
0.4,0,35,12.59549867
0.4,5,35,12.67926133
0.4,9,35,12.72341467
0.4,14,35,12.894028
0.4,18,35,13.01744933
0.4,23,35,13.333688
0.4,0,35,12.62328133
0.4,5,35,12.67663733
0.4,9,35,12.72465867
0.4,14,35,12.921124
0.4,18,35,12.97772533
0.4,23,35,13.353432
0.4,0,35,12.642088
0.4,5,35,12.68406533
0.4,9,35,12.779348
0.4,14,35,12.96817333
0.4,18,35,13.095788
0.4,23,35,13.38955467
0.4,0,35,12.64442933
0.4,5,35,12.72204533
0.4,9,35,12.75520533
0.4,14,35,12.92942667
0.4,18,35,13.05065067
0.4,23,35,13.41130533
0.4,0,35,12.683224
0.4,5,35,12.686088
0.4,9,35,12.76697333
0.4,14,35,12.97460133
0.4,18,35,13.066332
0.4,23,35,13.38798667
0.4,0,35,12.68021333
0.4,5,35,12.74110267
0.4,9,35,12.881052
0.4,14,35,13.04777467
0.4,18,35,13.13892667
0.4,23,35,13.47775867
0.4,0,34,12.60952
0.4,5,34,12.66386
0.4,9,34,12.78337467
0.4,14,34,12.907936
0.4,18,34,12.99712933
0.4,23,34,13.403528
0.4,0,34,12.63015867
0.4,5,34,12.69540533
0.4,9,34,12.71304133
0.4,14,34,12.91562
0.4,18,34,13.07191867
0.4,23,34,13.45479067
0.4,0,34,12.64498533
0.4,5,34,12.68396133
0.4,9,34,12.78484533
0.4,14,34,12.96863733
0.4,18,34,13.06972933
0.4,23,34,13.45597067
0.4,0,34,12.65222533
0.4,5,34,12.74227467
0.4,9,34,12.827236
0.4,14,34,12.95387733
0.4,18,34,13.09854933
0.4,23,34,13.485712
0.4,0,34,12.67704133
0.4,5,34,12.76434667
0.4,9,34,12.78885733
0.4,14,34,12.984876
0.4,18,34,13.09161333
0.4,23,34,13.51011867
0.4,0,34,12.684064
0.4,5,34,12.74892667
0.4,9,34,12.85596
0.4,14,34,13.02174667
0.4,18,34,13.125424
0.4,23,34,13.55132133
0.4,0,33,12.62187333
0.4,5,33,12.68887867
0.4,9,33,12.77384267
0.4,14,33,12.90374
0.4,18,33,13.065904
0.4,23,33,13.61137733
0.4,0,33,12.64860933
0.4,5,33,12.702088
0.4,9,33,12.81114933
0.4,14,33,12.94022533
0.4,18,33,13.07384933
0.4,23,33,13.59655867
0.4,0,33,12.70203733
0.4,5,33,12.71072
0.4,9,33,12.72656
0.4,14,33,13.00403067
0.4,18,33,13.13752133
0.4,23,33,13.64592267
0.4,0,33,12.670516
0.4,5,33,12.74839333
0.4,9,33,12.79431067
0.4,14,33,12.97754267
0.4,18,33,13.13729867
0.4,23,33,13.63079467
0.4,0,33,12.73167467
0.4,5,33,12.70302133
0.4,9,33,12.856608
0.4,14,33,12.99484133
0.4,18,33,13.12315733
0.4,23,33,13.679888
0.4,0,33,12.71002533
0.4,5,33,12.74348
0.4,9,33,12.84317733
0.4,14,33,13.02888533
0.4,18,33,13.215968
0.4,23,33,13.70254533
0.4,0,32,12.626264
0.4,5,32,12.69627867
0.4,9,32,12.76592667
0.4,14,32,12.903684
0.4,18,32,13.11737467
0.4,0,32,12.33056933
0.4,5,32,12.40660667
0.4,9,32,12.495948
0.4,14,32,12.74479467
0.4,18,32,12.91500267
0.4,0,32,12.381372
0.4,5,32,12.40878133
0.4,9,32,12.56453333
0.4,14,32,12.70740667
0.4,18,32,12.89792133
0.4,0,32,12.34628533
0.4,5,32,12.42869333
0.4,9,32,12.563252
0.4,14,32,12.70020533
0.4,18,32,12.906204
0.4,0,32,12.36947467
0.4,5,32,12.43392667
0.4,9,32,12.50973733
0.4,14,32,12.69233067
0.4,18,32,12.92926
0.4,0,32,12.38878667
0.4,5,32,12.45762267
0.4,9,32,12.53738933
0.4,14,32,12.76972667
0.4,18,32,12.95824667
0.4,0,31,12.62584133
0.4,5,31,12.677684
0.4,9,31,12.76290933
0.4,14,31,12.98484
0.4,18,31,13.18106
0.4,0,31,12.66372533
0.4,5,31,12.73059333
0.4,9,31,12.75275467
0.4,14,31,12.989248
0.4,18,31,13.19288533
0.4,0,31,12.580056
0.4,5,31,12.68546
0.4,9,31,12.82689067
0.4,14,31,13.04880533
0.4,18,31,13.25017067
0.4,0,31,12.713592
0.4,5,31,12.76802267
0.4,9,31,12.815592
0.4,14,31,13.08534533
0.4,18,31,13.24581733
0.4,0,31,12.707452
0.4,5,31,12.81963733
0.4,9,31,12.85755067
0.4,14,31,13.0704
0.4,18,31,13.32775733
0.4,0,31,12.73006667
0.4,5,31,12.82170533
0.4,9,31,12.875764
0.4,14,31,13.07186
0.4,18,31,13.27877733
0.4,0,30,12.59016267
0.4,5,30,12.652968
0.4,9,30,12.76809733
0.4,14,30,12.99786133
0.4,18,30,13.23925333
0.4,0,30,12.64209867
0.4,5,30,12.69717733
0.4,9,30,12.78255333
0.4,14,30,13.00894
0.4,18,30,13.26166
0.4,0,30,12.65937467
0.4,5,30,12.69149467
0.4,9,30,12.801468
0.4,14,30,13.03262667
0.4,18,30,13.24807733
0.4,0,30,12.656908
0.4,5,30,12.71050667
0.4,9,30,12.785652
0.4,14,30,12.99535733
0.4,18,30,13.32894933
0.4,0,30,12.701788
0.4,5,30,12.72619067
0.4,9,30,12.80918667
0.4,14,30,13.04869467
0.4,18,30,13.30787867
0.4,0,30,12.718792
0.4,5,30,12.76675333
0.4,9,30,12.82807867
0.4,14,30,13.101304
0.4,18,30,13.35815867
0.4,0,29,12.626608
0.4,5,29,12.64731733
0.4,9,29,12.764136
0.4,14,29,13.03432533
0.4,18,29,13.470224
0.4,0,29,12.63929333
0.4,5,29,12.72471333
0.4,9,29,12.78152267
0.4,14,29,12.961896
0.4,18,29,13.49845333
0.4,0,29,12.63574267
0.4,5,29,12.71821467
0.4,9,29,12.83635067
0.4,14,29,13.066056
0.4,18,29,13.56636667
0.4,0,29,12.66117733
0.4,5,29,12.73414133
0.4,9,29,12.76710667
0.4,14,29,13.027572
0.4,18,29,13.56891733
0.4,0,29,12.69053467
0.4,5,29,12.770612
0.4,9,29,12.842096
0.4,14,29,13.04576133
0.4,18,29,13.59371067
0.4,0,29,12.60768133
0.4,5,29,12.75770667
0.4,9,29,12.794872
0.4,14,29,13.09685333
0.4,18,29,13.59322533
0.4,0,28,12.60714933
0.4,5,28,12.41677733
0.4,9,28,12.46614933
0.4,14,28,12.79486933
0.4,0,28,12.32157067
0.4,5,28,12.40209867
0.4,9,28,13.553416
0.4,14,28,12.79515067
0.4,0,28,12.339096
0.4,5,28,12.4783
0.4,9,28,12.55176133
0.4,14,28,12.81217067
0.4,0,28,12.352636
0.4,5,28,12.43428533
0.4,9,28,12.57582667
0.4,14,28,12.82887467
0.4,0,28,12.4091
0.4,5,28,12.51312
0.4,9,28,12.582368
0.4,14,28,12.86932533
0.4,0,28,12.42559733
0.4,5,28,12.489028
0.4,9,28,12.570708
0.4,14,28,12.876684
0.4,0,27,12.5838
0.4,5,27,12.677448
0.4,9,27,12.77504133
0.4,14,27,13.079996
0.4,0,27,13.66064933
0.4,5,27,12.69737467
0.4,9,27,12.80858
0.4,14,27,13.13208133
0.4,0,27,12.66274667
0.4,5,27,12.74661733
0.4,9,27,12.80391333
0.4,14,27,13.46333467
0.4,0,27,13.35005067
0.4,5,27,12.75286
0.4,9,27,12.79102133
0.4,14,27,13.176868
0.4,0,27,12.73093867
0.4,5,27,12.757404
0.4,9,27,12.82832933
0.4,14,27,13.19889067
0.4,0,27,12.75238267
0.4,5,27,12.744544
0.4,9,27,12.81459867
0.4,14,27,13.259484
0.4,0,26,12.59307333
0.4,5,26,12.663464
0.4,9,26,12.81462267
0.4,14,26,14.248804
0.4,0,26,12.65426933
0.4,5,26,12.74466933
0.4,9,26,12.801308
0.4,14,26,13.24598533
0.4,0,26,13.792172
0.4,5,26,12.73728533
0.4,9,26,12.79102667
0.4,14,26,13.28499067
0.4,0,26,12.69359067
0.4,5,26,12.73702533
0.4,9,26,12.83517867
0.4,14,26,13.360516
0.4,0,26,12.73987867
0.4,5,26,12.79761333
0.4,9,26,12.81632667
0.4,14,26,13.33871733
0.4,0,26,12.707184
0.4,5,26,12.77692
0.4,9,26,12.83868267
0.4,14,26,13.40211333
0.4,0,25,12.599996
0.4,5,25,12.696236
0.4,9,25,12.80748267
0.4,0,25,12.37226667
0.4,5,25,12.43919067
0.4,9,25,12.54634667
0.4,0,25,12.42799333
0.4,5,25,12.57666267
0.4,9,25,12.606636
0.4,0,25,12.31791467
0.4,5,25,12.20671067
0.4,9,25,12.4781
0.4,0,25,12.230712
0.4,5,25,12.34612667
0.4,9,25,12.32749333
0.4,0,25,12.13955333
0.4,5,25,12.41395467
0.4,9,25,12.41146133
0.4,0,25,12.22478133
0.4,5,25,12.39501067
0.4,9,25,12.50941867
0.4,0,25,12.367908
0.4,5,25,12.36832133
0.4,9,25,12.402204
0.4,0,24,12.54497867
0.4,5,24,12.539928
0.4,9,24,12.76013733
0.4,0,24,12.48116267
0.4,5,24,12.63644933
0.4,9,24,12.65141867
0.4,0,24,12.593504
0.4,5,24,12.548584
0.4,9,24,12.79534667
0.4,0,24,12.57209733
0.4,5,24,12.530536
0.4,9,24,12.815988
0.4,0,24,12.620616
0.4,5,24,12.55385333
0.4,9,24,12.82685067
0.4,0,24,12.68601733
0.4,5,24,12.64138
0.4,9,24,12.83601733
0.4,0,23,12.38446667
0.4,5,23,12.654416
0.4,9,23,12.79762267
0.4,0,23,12.515076
0.4,5,23,12.541684
0.4,9,23,12.81045733
0.4,0,23,12.56026667
0.4,5,23,12.53146667
0.4,9,23,12.77493467
0.4,0,23,12.52380133
0.4,5,23,12.53027867
0.4,9,23,12.823072
0.4,0,23,12.59419067
0.4,5,23,12.56922267
0.4,9,23,12.806888
0.4,0,23,12.63826933
0.4,5,23,12.65730533
0.4,9,23,13.394056
0.4,0,22,12.472132
0.4,5,22,12.611968
0.4,9,22,12.765984
0.4,0,22,12.409264
0.4,5,22,12.65358533
0.4,9,22,12.78541467
0.4,0,22,12.58674133
0.4,5,22,12.57552667
0.4,9,22,12.797112
0.4,0,22,12.52765467
0.4,5,22,12.55060133
0.4,9,22,12.84599067
0.4,0,22,12.61019333
0.4,5,22,12.60696267
0.4,9,22,12.838516
0.4,0,22,12.61881067
0.4,5,22,12.709544
0.4,9,22,12.80683333
0.4,0,21,12.44871733
0.4,5,21,12.61824133
0.4,9,21,12.77187733
0.4,0,21,12.58916133
0.4,5,21,12.67269733
0.4,9,21,12.86064267
0.4,0,21,12.53874533
0.4,5,21,12.69737467
0.4,9,21,12.87534133
0.4,0,21,12.62882933
0.4,5,21,12.594844
0.4,9,21,12.94996533
0.4,0,21,12.633124
0.4,5,21,12.67187867
0.4,9,21,12.94332667
0.4,0,21,12.56286
0.4,5,21,12.757548
0.4,9,21,12.99884267
0.4,0,20,12.42254267
0.4,5,20,12.69394533
0.4,0,20,12.088736
0.4,5,20,12.43006267
0.4,0,20,12.14662933
0.4,5,20,12.430564
0.4,0,20,12.18520533
0.4,5,20,12.390996
0.4,0,20,12.15799867
0.4,5,20,12.441132
0.4,0,20,12.25277733
0.4,5,20,12.46253733
0.01,0,74,12.04624133
0.01,5,74,12.21301333
0.01,9,74,12.21800267
0.01,14,74,12.06392933
0.01,18,74,12.22780933
0.01,23,74,12.18893733
0.01,0,74,12.09700667
0.01,5,74,12.20175067
0.01,9,74,12.12356933
0.01,14,74,12.11485867
0.01,18,74,12.21675867
0.01,23,74,12.23078267
0.01,0,74,12.1315
0.01,5,74,12.174008
0.01,9,74,12.14727467
0.01,14,74,12.14749333
0.01,18,74,12.21792133
0.01,23,74,12.20680667
0.01,0,74,12.10425733
0.01,5,74,12.23295733
0.01,9,74,12.18477467
0.01,14,74,12.20672667
0.01,18,74,12.14212667
0.01,23,74,12.21259067
0.01,0,74,12.255748
0.01,5,74,12.237724
0.01,9,74,12.19792533
0.01,14,74,12.155316
0.01,18,74,12.215376
0.01,23,74,12.16576667
0.01,0,74,12.27918
0.01,5,74,12.22218933
0.01,9,74,12.18631467
0.01,14,74,12.25605067
0.01,18,74,12.18686533
0.01,23,74,12.308384
0.01,0,73,12.08626667
0.01,5,73,12.14930667
0.01,9,73,12.11256933
0.01,14,73,12.17760533
0.01,18,73,12.18276267
0.01,23,73,12.09504133
0.01,0,73,12.193552
0.01,5,73,12.1212
0.01,9,73,12.28968933
0.01,14,73,12.15480267
0.01,18,73,12.050212
0.01,23,73,11.914552
0.01,0,73,11.89212667
0.01,5,73,11.78673867
0.01,9,73,11.89812133
0.01,14,73,11.900704
0.01,18,73,11.80643067
0.01,23,73,11.78819067
0.01,0,73,11.939356
0.01,5,73,11.922576
0.01,9,73,11.801492
0.01,14,73,11.99348667
0.01,18,73,11.97072
0.01,23,73,11.82589733
0.01,0,73,11.93462933
0.01,5,73,11.88584533
0.01,9,73,11.891056
0.01,14,73,11.99835733
0.01,18,73,11.864588
0.01,23,73,11.99296933
0.01,0,73,12.002488
0.01,5,73,11.83323333
0.01,9,73,12.01160267
0.01,14,73,12.00637467
0.01,18,73,11.87192
0.01,23,73,12.038812
0.01,0,68,12.13999733
0.01,5,68,12.19092267
0.01,9,68,12.09344133
0.01,14,68,12.20988133
0.01,18,68,12.12669733
0.01,23,68,12.15328133
0.01,0,68,12.19480267
0.01,5,68,12.126564
0.01,9,68,12.06822533
0.01,14,68,12.09870533
0.01,18,68,12.170036
0.01,23,68,12.19773067
0.01,0,68,12.04886533
0.01,5,68,12.17531067
0.01,9,68,12.170964
0.01,14,68,12.16997067
0.01,18,68,12.13945333
0.01,23,68,12.18156533
0.01,0,68,12.19506267
0.01,5,68,12.083412
0.01,9,68,12.17024533
0.01,14,68,12.19771867
0.01,18,68,12.095932
0.01,23,68,11.766372
0.01,0,68,11.96835067
0.01,5,68,11.94105067
0.01,9,68,11.82074667
0.01,14,68,11.95116667
0.01,18,68,11.86935733
0.01,23,68,11.93637333
0.01,0,68,11.994216
0.01,5,68,11.88016267
0.01,9,68,12.02723867
0.01,14,68,11.91632133
0.01,18,68,11.972296
0.01,23,68,11.84259867
0.01,0,63,12.17756533
0.01,5,63,12.08196
0.01,9,63,12.15058667
0.01,14,63,12.10121067
0.01,18,63,12.18756933
0.01,23,63,12.17586533
0.01,0,63,12.18963067
0.01,5,63,12.12192533
0.01,9,63,12.127328
0.01,14,63,12.216052
0.01,18,63,12.064804
0.01,23,63,12.170448
0.01,0,63,12.19083467
0.01,5,63,11.82200133
0.01,9,63,11.95632133
0.01,14,63,11.811132
0.01,18,63,11.91912667
0.01,23,63,11.90471733
0.01,0,63,11.85275333
0.01,5,63,11.94185467
0.01,9,63,11.902344
0.01,14,63,11.890596
0.01,18,63,11.97066
0.01,23,63,11.92759867
0.01,0,63,11.920676
0.01,5,63,11.96397467
0.01,9,63,11.85736533
0.01,14,63,11.96470933
0.01,18,63,11.977892
0.01,23,63,11.845616
0.01,0,63,11.98652
0.01,5,63,11.9476
0.01,9,63,11.906704
0.01,14,63,11.997368
0.01,18,63,11.83876
0.01,23,63,12.035352
0.01,0,58,12.083452
0.01,5,58,12.184224
0.01,9,58,12.14758933
0.01,14,58,12.096372
0.01,18,58,12.211548
0.01,23,58,13.08671333
0.01,0,58,12.22237067
0.01,5,58,12.20560133
0.01,9,58,12.02885733
0.01,14,58,12.22688533
0.01,18,58,12.16999733
0.01,23,58,12.11082267
0.01,0,58,12.216448
0.01,5,58,12.07308267
0.01,9,58,12.20267733
0.01,14,58,12.115872
0.01,18,58,12.18146667
0.01,23,58,12.21209067
0.01,0,58,12.051356
0.01,5,58,12.19964933
0.01,9,58,12.236764
0.01,14,58,12.02602667
0.01,18,58,12.213364
0.01,23,58,12.13457733
0.01,0,58,12.04599467
0.01,5,58,12.17228133
0.01,9,58,12.06415067
0.01,14,58,12.13783067
0.01,18,58,12.23292667
0.01,23,58,12.09974
0.01,0,58,12.20078533
0.01,5,58,12.20842933
0.01,9,58,12.09588
0.01,14,58,12.2369
0.01,18,58,12.17825467
0.01,23,58,12.13714667
0.01,0,53,12.18143067
0.01,5,53,12.00363867
0.01,9,53,12.176396
0.01,14,53,12.149312
0.01,18,53,12.09356267
0.01,23,53,12.18310133
0.01,0,53,12.07705333
0.01,5,53,12.15858267
0.01,9,53,12.05672667
0.01,14,53,12.17557333
0.01,18,53,12.11585733
0.01,23,53,12.07125733
0.01,0,53,12.20336133
0.01,5,53,12.06136533
0.01,9,53,12.19355067
0.01,14,53,12.13296667
0.01,18,53,12.035668
0.01,23,53,12.173804
0.01,0,53,12.17770667
0.01,5,53,12.03653067
0.01,9,53,12.22510667
0.01,14,53,12.169544
0.01,18,53,12.039944
0.01,23,53,12.20954267
0.01,0,53,12.17294667
0.01,5,53,12.05430133
0.01,9,53,12.22070533
0.01,14,53,12.203044
0.01,18,53,12.13667733
0.01,23,53,12.253924
0.01,0,53,12.069656
0.01,5,53,12.27973867
0.01,9,53,12.18275467
0.01,14,53,12.140744
0.01,18,53,12.24985067
0.01,23,53,12.08924267
0.01,0,48,12.18789867
0.01,5,48,12.03374
0.01,9,48,12.214344
0.01,14,48,12.214648
0.01,18,48,12.07494933
0.01,23,48,12.20441333
0.01,0,48,12.06019333
0.01,5,48,12.21373067
0.01,9,48,12.0889
0.01,14,48,12.17444133
0.01,18,48,12.213268
0.01,23,48,12.06913733
0.01,0,48,12.172916
0.01,5,48,12.18622667
0.01,9,48,12.01052267
0.01,14,48,12.25291733
0.01,18,48,12.14620533
0.01,23,48,12.04218533
0.01,0,48,12.23737067
0.01,5,48,11.97638
0.01,9,48,11.83700933
0.01,14,48,11.926696
0.01,18,48,11.85882133
0.01,23,48,11.82523733
0.01,0,48,11.9549
0.01,5,48,11.82232533
0.01,9,48,12.01102133
0.01,14,48,11.92684667
0.01,18,48,11.94050933
0.01,23,48,12.00343067
0.01,0,48,11.866336
0.01,5,48,12.009544
0.01,9,48,11.95704133
0.01,14,48,11.89985333
0.01,18,48,11.987584
0.01,23,48,11.88069733
0.01,0,43,12.23550933
0.01,5,43,12.14519333
0.01,9,43,12.09348667
0.01,14,43,12.195756
0.01,18,43,12.05423067
0.01,23,43,12.22900933
0.01,0,43,12.186456
0.01,5,43,12.03216667
0.01,9,43,12.23992933
0.01,14,43,12.145504
0.01,18,43,12.14276
0.01,23,43,12.21250533
0.01,0,43,12.10466667
0.01,5,43,12.194228
0.01,9,43,12.20218267
0.01,14,43,12.45810133
0.01,18,43,12.88668267
0.01,23,43,12.20270667
0.01,0,43,12.06044133
0.01,5,43,12.20446
0.01,9,43,12.181608
0.01,14,43,12.053896
0.01,18,43,12.20491333
0.01,23,43,12.17660533
0.01,0,43,12.181572
0.01,5,43,13.31144667
0.01,9,43,12.143152
0.01,14,43,12.19650267
0.01,18,43,12.172556
0.01,23,43,12.15442667
0.01,0,43,12.26686933
0.01,5,43,12.13048267
0.01,9,43,12.28052133
0.01,14,43,12.12720267
0.01,18,43,12.22694
0.01,23,43,12.214828
0.01,0,38,12.19929733
0.01,5,38,12.05713333
0.01,9,38,12.210776
0.01,14,38,12.160412
0.01,18,38,12.085352
0.01,23,38,12.204088
0.01,0,38,12.02824133
0.01,5,38,12.196828
0.01,9,38,12.165352
0.01,14,38,12.03257733
0.01,18,38,12.16832933
0.01,23,38,11.81986267
0.01,0,38,11.77836267
0.01,5,38,11.890624
0.01,9,38,11.74932667
0.01,14,38,11.91595467
0.01,18,38,11.87384667
0.01,23,38,11.782204
0.01,0,38,11.910568
0.01,5,38,11.83080667
0.01,9,38,11.931004
0.01,14,38,11.923372
0.01,18,38,11.93541467
0.01,23,38,11.85193067
0.01,0,38,12.01890667
0.01,5,38,11.83596533
0.01,9,38,11.9503
0.01,14,38,11.95539333
0.01,18,38,11.85224133
0.01,23,38,11.97238933
0.01,0,38,11.848548
0.01,5,38,11.96913867
0.01,9,38,11.98401333
0.01,14,38,11.825704
0.01,18,38,11.97593867
0.01,23,38,11.86800267
0.01,0,37,11.75693867
0.01,5,37,11.92645067
0.01,9,37,11.901716
0.01,14,37,11.82864667
0.01,18,37,11.93260133
0.01,23,37,11.76749733
0.01,0,37,11.92300133
0.01,5,37,11.94735733
0.01,9,37,11.77590667
0.01,14,37,11.947044
0.01,18,37,11.76972667
0.01,23,37,11.97389333
0.01,0,37,11.80820267
0.01,5,37,11.90317733
0.01,9,37,11.92916667
0.01,14,37,11.789836
0.01,18,37,11.987
0.01,23,37,11.86416667
0.01,0,37,12.005088
0.01,5,37,11.82438533
0.01,9,37,11.964776
0.01,14,37,11.86816133
0.01,18,37,11.87947733
0.01,23,37,11.945728
0.01,0,37,11.79921067
0.01,5,37,11.98272
0.01,9,37,11.859196
0.01,14,37,11.87680933
0.01,18,37,11.999748
0.01,23,37,11.81590933
0.01,0,37,12.01820133
0.01,5,37,11.86330267
0.01,9,37,12.00463733
0.01,14,37,11.96704
0.01,18,37,11.88986267
0.01,23,37,12.08033467
0.01,0,36,11.954092
0.01,5,36,11.757576
0.01,9,36,11.89047733
0.01,14,36,11.89462133
0.01,18,36,11.77126267
0.01,23,36,11.93110933
0.01,0,36,11.74874267
0.01,5,36,11.955936
0.01,9,36,11.84986667
0.01,14,36,11.89994533
0.01,18,36,11.89444933
0.01,23,36,11.70876533
0.01,0,36,11.927704
0.01,5,36,11.78836667
0.01,9,36,11.850976
0.01,14,36,11.91402
0.01,18,36,11.72538133
0.01,23,36,11.890444
0.01,0,36,11.76208267
0.01,5,36,11.918088
0.01,9,36,11.88647733
0.01,14,36,11.80446533
0.01,18,36,11.97968933
0.01,23,36,11.75285333
0.01,0,36,11.95772267
0.01,5,36,11.87745067
0.01,9,36,11.88249867
0.01,14,36,11.905632
0.01,18,36,11.847564
0.01,23,36,12.015696
0.01,0,36,11.82810667
0.01,5,36,11.96227467
0.01,9,36,11.99486133
0.01,14,36,11.85079333
0.01,18,36,12.0226
0.01,23,36,11.84984133
0.01,0,35,12.17849067
0.01,5,35,12.079336
0.01,9,35,12.22396933
0.01,14,35,12.06512533
0.01,18,35,12.25267467
0.01,23,35,12.21656
0.01,0,35,12.07582133
0.01,5,35,12.27726
0.01,9,35,12.09161067
0.01,14,35,12.18553733
0.01,18,35,12.241892
0.01,23,35,12.08782533
0.01,0,35,11.970696
0.01,5,35,11.849656
0.01,9,35,11.94988
0.01,14,35,11.84048133
0.01,18,35,11.84991333
0.01,23,35,11.913852
0.01,0,35,11.750944
0.01,5,35,11.9195
0.01,9,35,11.772912
0.01,14,35,11.895632
0.01,18,35,11.871036
0.01,23,35,11.82182
0.01,0,35,11.96270667
0.01,5,35,11.77668667
0.01,9,35,11.96228
0.01,14,35,11.93095733
0.01,18,35,11.89241067
0.01,23,35,12.002448
0.01,0,35,11.825684
0.01,5,35,12.03182933
0.01,9,35,11.86836533
0.01,14,35,11.969744
0.01,18,35,11.92186
0.01,23,35,11.86999733
0.01,0,34,12.12856
0.01,5,34,12.073248
0.01,9,34,12.160336
0.01,14,34,12.03239867
0.01,18,34,12.19213333
0.01,23,34,12.00703867
0.01,0,34,12.188244
0.01,5,34,12.10117867
0.01,9,34,12.08399867
0.01,14,34,12.160332
0.01,18,34,12.00860533
0.01,23,34,13.19697333
0.01,0,34,12.15646667
0.01,5,34,11.99794267
0.01,9,34,12.20509333
0.01,14,34,12.0848
0.01,18,34,12.522348
0.01,23,34,12.82806533
0.01,0,34,12.121164
0.01,5,34,12.124196
0.01,9,34,12.20355467
0.01,14,34,12.03994667
0.01,18,34,12.23281733
0.01,23,34,12.15232267
0.01,0,34,12.14229467
0.01,5,34,12.29011067
0.01,9,34,12.01679467
0.01,14,34,12.24805733
0.01,18,34,12.12350533
0.01,23,34,12.22747333
0.01,0,34,12.187492
0.01,5,34,12.132932
0.01,9,34,12.25167467
0.01,14,34,12.12400933
0.01,18,34,12.27498667
0.01,23,34,12.23137333
0.01,0,33,12.20090133
0.01,5,33,12.04185733
0.01,9,33,12.18417467
0.01,14,33,12.160608
0.01,18,33,12.09418533
0.01,23,33,12.22117867
0.01,0,33,12.08000667
0.01,5,33,12.179876
0.01,9,33,12.02939333
0.01,14,33,12.24026933
0.01,18,33,12.03151867
0.01,23,33,11.93085333
0.01,0,33,11.82216933
0.01,5,33,11.80454267
0.01,9,33,11.95374133
0.01,14,33,11.68428533
0.01,18,33,11.94784933
0.01,23,33,11.876964
0.01,0,33,11.876528
0.01,5,33,11.926728
0.01,9,33,11.78767867
0.01,14,33,11.970008
0.01,18,33,11.83942933
0.01,23,33,11.97487467
0.01,0,33,11.890812
0.01,5,33,11.86728933
0.01,9,33,11.970136
0.01,14,33,11.81490933
0.01,18,33,11.99419467
0.01,23,33,11.887212
0.01,0,33,11.939916
0.01,5,33,11.981844
0.01,9,33,11.82761733
0.01,14,33,11.93085867
0.01,18,33,11.87204267
0.01,23,33,11.96486533
0.01,0,32,12.18328
0.01,5,32,12.12288133
0.01,9,32,11.772692
0.01,14,32,11.89828
0.01,18,32,11.81262133
0.01,0,32,11.89180267
0.01,5,32,11.84135467
0.01,9,32,11.80722267
0.01,14,32,11.90409467
0.01,18,32,11.781304
0.01,0,32,11.92272267
0.01,5,32,11.840016
0.01,9,32,11.80375333
0.01,14,32,11.903592
0.01,18,32,11.79002133
0.01,0,32,11.94601867
0.01,5,32,11.833472
0.01,9,32,11.83614933
0.01,14,32,11.90532933
0.01,18,32,11.82235733
0.01,0,32,11.932864
0.01,5,32,11.763316
0.01,9,32,11.97289333
0.01,14,32,11.82134133
0.01,18,32,11.929656
0.01,0,32,11.96053867
0.01,5,32,11.79398667
0.01,9,32,12.01398
0.01,14,32,11.82254933
0.01,18,32,12.010652
0.01,0,31,11.98748133
0.01,5,31,13.16271867
0.01,9,31,12.13002933
0.01,14,31,12.08558133
0.01,18,31,12.220892
0.01,0,31,12.03191467
0.01,5,31,12.19926933
0.01,9,31,12.04618933
0.01,14,31,12.22236933
0.01,18,31,12.07520533
0.01,0,31,12.115648
0.01,5,31,12.14854667
0.01,9,31,11.98379867
0.01,14,31,12.21307867
0.01,18,31,12.07974933
0.01,0,31,12.137456
0.01,5,31,12.245784
0.01,9,31,12.08001467
0.01,14,31,12.61732133
0.01,18,31,11.893288
0.01,0,31,11.76458267
0.01,5,31,11.96912267
0.01,9,31,11.78139067
0.01,14,31,11.96845867
0.01,18,31,11.842004
0.01,0,31,11.96911867
0.01,5,31,11.918632
0.01,9,31,11.885252
0.01,14,31,11.97970667
0.01,18,31,11.83021733
0.01,0,30,12.090836
0.01,5,30,12.10208533
0.01,9,30,12.186496
0.01,14,30,12.07247067
0.01,18,30,12.21050933
0.01,0,30,12.039748
0.01,5,30,13.27904133
0.01,9,30,12.18067333
0.01,14,30,12.044512
0.01,18,30,12.232576
0.01,0,30,12.10325867
0.01,5,30,12.175556
0.01,9,30,12.205924
0.01,14,30,12.089532
0.01,18,30,12.234708
0.01,0,30,12.05641067
0.01,5,30,12.17702667
0.01,9,30,12.14719067
0.01,14,30,12.171616
0.01,18,30,12.19623733
0.01,0,30,12.07617333
0.01,5,30,12.29702667
0.01,9,30,12.102152
0.01,14,30,12.22345067
0.01,18,30,12.22223067
0.01,0,30,12.15688
0.01,5,30,12.29030133
0.01,9,30,12.050676
0.01,14,30,12.29858133
0.01,18,30,12.12970533
0.01,0,29,12.14435867
0.01,5,29,11.97196933
0.01,9,29,12.13856533
0.01,14,29,12.09654667
0.01,18,29,12.105776
0.01,0,29,12.20057467
0.01,5,29,12.054056
0.01,9,29,12.16489067
0.01,14,29,12.04414667
0.01,18,29,12.19878533
0.01,0,29,12.140384
0.01,5,29,12.06628667
0.01,9,29,12.23417867
0.01,14,29,12.02234
0.01,18,29,12.00100933
0.01,0,29,11.775724
0.01,5,29,11.93096667
0.01,9,29,11.872108
0.01,14,29,11.788528
0.01,18,29,11.89273733
0.01,0,29,11.90583733
0.01,5,29,11.812644
0.01,9,29,11.98708933
0.01,14,29,11.80201733
0.01,18,29,11.97811067
0.01,0,29,11.93684933
0.01,5,29,11.86991467
0.01,9,29,11.92494667
0.01,14,29,11.81694267
0.01,18,29,11.96708933
0.01,0,28,12.02492
0.01,5,28,12.190732
0.01,9,28,11.98122
0.01,14,28,12.15099467
0.01,0,28,11.789836
0.01,5,28,11.904756
0.01,9,28,11.796936
0.01,14,28,11.872036
0.01,0,28,11.86227467
0.01,5,28,11.80430267
0.01,9,28,11.96237467
0.01,14,28,11.73534667
0.01,0,28,11.764464
0.01,5,28,11.92865867
0.01,9,28,11.78029067
0.01,14,28,11.89874933
0.01,0,28,11.794324
0.01,5,28,11.96932267
0.01,9,28,11.82370133
0.01,14,28,11.90169867
0.01,0,28,11.953912
0.01,5,28,11.77660267
0.01,9,28,11.91564
0.01,14,28,11.75974533
0.01,0,27,12.16991467
0.01,5,27,12.00961333
0.01,9,27,12.18313333
0.01,14,27,12.02407333
0.01,0,27,12.19680533
0.01,5,27,12.08448133
0.01,9,27,12.15764267
0.01,14,27,11.94655867
0.01,0,27,11.779924
0.01,5,27,11.89403067
0.01,9,27,11.84368933
0.01,14,27,11.87760267
0.01,0,27,11.904332
0.01,5,27,11.76728533
0.01,9,27,11.94447467
0.01,14,27,11.82807067
0.01,0,27,11.988204
0.01,5,27,11.81249067
0.01,9,27,12.005764
0.01,14,27,11.87458667
0.01,0,27,11.93673067
0.01,5,27,11.87079467
0.01,9,27,11.912768
0.01,14,27,11.99448267
0.01,0,26,12.11862
0.01,5,26,12.15743867
0.01,9,26,12.043564
0.01,14,26,12.22650933
0.01,0,26,12.01580667
0.01,5,26,12.20993867
0.01,9,26,12.06250267
0.01,14,26,12.18967333
0.01,0,26,12.11221067
0.01,5,26,12.108676
0.01,9,26,12.20931733
0.01,14,26,12.09770667
0.01,0,26,12.239116
0.01,5,26,12.043648
0.01,9,26,12.23204667
0.01,14,26,12.15027067
0.01,0,26,12.20800133
0.01,5,26,11.942008
0.01,9,26,11.98995067
0.01,14,26,11.88685733
0.01,0,26,11.93261467
0.01,5,26,11.88374933
0.01,9,26,11.95159733
0.01,14,26,11.94228267
0.01,0,25,12.186936
0.01,5,25,12.00359467
0.01,9,25,12.1755
0.01,0,25,11.76533333
0.01,5,25,11.95418
0.01,9,25,11.80792267
0.01,0,25,11.88513333
0.01,5,25,11.73383867
0.01,9,25,11.964864
0.01,0,25,11.990764
0.01,5,25,11.76231067
0.01,9,25,11.98301733
0.01,0,25,11.97508
0.01,5,25,11.89027867
0.01,9,25,11.91496
0.01,0,25,11.85410533
0.01,5,25,11.95072267
0.01,9,25,11.95377067
0.01,0,24,12.210196
0.01,5,24,11.97759733
0.01,9,24,12.19458667
0.01,0,24,12.01602933
0.01,5,24,12.1521
0.01,9,24,12.11257867
0.01,0,24,12.07526533
0.01,5,24,12.17283467
0.01,9,24,12.02134933
0.01,0,24,12.23130933
0.01,5,24,12.04032933
0.01,9,24,12.22244267
0.01,0,24,12.08627467
0.01,5,24,12.12532267
0.01,9,24,12.17801333
0.01,0,24,12.17707733
0.01,5,24,12.244272
0.01,9,24,12.089192
0.01,0,23,12.11048133
0.01,5,23,11.82162933
0.01,9,23,11.933412
0.01,0,23,11.733644
0.01,5,23,11.89542133
0.01,9,23,11.75433867
0.01,0,23,11.94600133
0.01,5,23,11.82339733
0.01,9,23,11.871132
0.01,0,23,12.86755733
0.01,5,23,11.83968533
0.01,9,23,11.95755733
0.01,0,23,11.75730667
0.01,5,23,11.946288
0.01,9,23,11.78144933
0.01,0,23,11.95708
0.01,5,23,11.74268
0.01,9,23,11.97087733
0.01,0,22,12.07456267
0.01,5,22,12.22334933
0.01,9,22,12.02354533
0.01,0,22,12.19929467
0.01,5,22,12.01314133
0.01,9,22,12.20135467
0.01,0,22,12.036092
0.01,5,22,12.13957333
0.01,9,22,12.15638267
0.01,0,22,12.13209467
0.01,5,22,12.21857067
0.01,9,22,12.061016
0.01,0,22,12.24583467
0.01,5,22,12.06050667
0.01,9,22,12.205556
0.01,0,22,12.151696
0.01,5,22,12.20419467
0.01,9,22,12.21337733
0.01,0,21,12.18758267
0.01,5,21,12.04356
0.01,9,21,12.200784
0.01,0,21,12.04823467
0.01,5,21,12.19948267
0.01,9,21,12.11257067
0.01,0,21,12.04677333
0.01,5,21,12.211416
0.01,9,21,12.03831867
0.01,0,21,12.23898267
0.01,5,21,13.06486933
0.01,9,21,12.22841733
0.01,0,21,12.21973333
0.01,5,21,13.11540533
0.01,9,21,12.302988
0.01,0,21,12.17054533
0.01,5,21,12.79724933
0.01,9,21,11.93986667
0.01,0,20,12.13441867
0.01,5,20,12.16601467
0.01,0,20,11.90505467
0.01,5,20,11.78039067
0.01,0,20,11.88911333
0.01,5,20,11.74775467
0.01,5,20,11.87177333
0.01,0,20,11.93530267
0.01,5,20,11.894448
0.01,0,20,11.92598
0.01,5,20,11.90544
1.0,0,74,13.40480933
1.0,5,74,13.58238933
1.0,9,74,13.65217467
1.0,14,74,14.13317467
1.0,18,74,14.37621867
1.0,23,74,15.37585467
1.0,0,74,14.02311067
1.0,5,74,14.104152
1.0,9,74,14.25909333
1.0,14,74,14.25971733
1.0,18,74,14.42677467
1.0,23,74,15.08289067
1.0,0,74,14.519788
1.0,5,74,13.65252933
1.0,9,74,15.798056
1.0,14,74,14.29623333
1.0,18,74,14.39942533
1.0,23,74,15.14327067
1.0,0,74,13.539724
1.0,5,74,13.5735
1.0,9,74,13.90864667
1.0,14,74,14.34212933
1.0,18,74,14.51295867
1.0,23,74,15.21036
1.0,0,74,13.60590933
1.0,5,74,13.75422
1.0,9,74,14.07980533
1.0,14,74,14.40663333
1.0,18,74,14.62373467
1.0,23,74,15.31928533
1.0,0,74,13.71650133
1.0,5,74,13.79859867
1.0,9,74,14.14358267
1.0,14,74,14.40794933
1.0,18,74,14.81308267
1.0,23,74,15.46456267
1.0,0,73,13.24722133
1.0,5,73,13.59525733
1.0,9,73,13.766792
1.0,14,73,14.09734533
1.0,18,73,14.48868133
1.0,23,73,14.980584
1.0,0,73,13.36431067
1.0,5,73,13.67103067
1.0,9,73,13.739556
1.0,14,73,14.13277333
1.0,18,73,14.517124
1.0,23,73,14.98145733
1.0,0,73,13.47774267
1.0,5,73,13.54430667
1.0,9,73,13.73527467
1.0,14,73,14.33036
1.0,18,73,14.42964933
1.0,23,73,15.00377333
1.0,0,73,14.72105067
1.0,5,73,13.74170133
1.0,9,73,13.81952
1.0,14,73,15.51168267
1.0,18,73,14.604904
1.0,23,73,15.11083733
1.0,0,73,13.62080933
1.0,5,73,13.770252
1.0,9,73,14.74621867
1.0,14,73,14.72262
1.0,18,73,14.56428267
1.0,23,73,15.29238
1.0,0,73,13.74812
1.0,5,73,13.70489733
1.0,9,73,14.13450267
1.0,14,73,14.522372
1.0,18,73,15.8316
1.0,23,73,15.69446533
1.0,0,68,13.40213733
1.0,5,68,13.446416
1.0,9,68,13.99712133
1.0,14,68,14.99972
1.0,18,68,14.93775733
1.0,23,68,14.90738933
1.0,0,68,13.48520533
1.0,5,68,13.46307467
1.0,9,68,13.833448
1.0,14,68,14.99083333
1.0,18,68,15.87828
1.0,23,68,15.996992
1.0,0,68,13.496312
1.0,5,68,14.65479733
1.0,9,68,13.80692667
1.0,14,68,15.42530933
1.0,18,68,14.516988
1.0,23,68,14.99703733
1.0,0,68,13.58415867
1.0,5,68,13.57896667
1.0,9,68,13.90371733
1.0,14,68,14.3442
1.0,18,68,14.45622267
1.0,23,68,15.11042
1.0,0,68,13.68848667
1.0,5,68,13.647036
1.0,9,68,14.02686933
1.0,14,68,14.42424533
1.0,18,68,14.56453867
1.0,23,68,15.32527867
1.0,0,68,13.76152
1.0,5,68,13.71706933
1.0,9,68,14.095316
1.0,14,68,14.46186
1.0,18,68,14.816652
1.0,23,68,16.262348
1.0,0,63,13.39996133
1.0,5,63,13.374516
1.0,9,63,13.74440667
1.0,14,63,14.18146933
1.0,18,63,14.50044267
1.0,23,63,15.61474267
1.0,0,63,13.49135467
1.0,5,63,13.63193467
1.0,9,63,13.694704
1.0,14,63,14.26952667
1.0,18,63,14.496224
1.0,23,63,14.90870133
1.0,0,63,14.465252
1.0,5,63,13.77113867
1.0,9,63,13.75081467
1.0,14,63,14.24975867
1.0,18,63,14.563424
1.0,23,63,14.959372
1.0,0,63,13.609512
1.0,5,63,13.78297333
1.0,9,63,13.75596
1.0,14,63,14.34870933
1.0,18,63,14.618288
1.0,23,63,15.077304
1.0,0,63,13.64928667
1.0,5,63,13.82420267
1.0,9,63,13.916352
1.0,14,63,14.41461467
1.0,18,63,14.584404
1.0,23,63,15.224772
1.0,0,63,13.74450533
1.0,5,63,13.83954933
1.0,9,63,14.01287867
1.0,14,63,14.52823067
1.0,18,63,14.64874267
1.0,23,63,14.950068
1.0,0,58,13.415116
1.0,5,58,13.44402133
1.0,9,58,13.79374
1.0,14,58,14.163468
1.0,18,58,14.406852
1.0,23,58,15.008756
1.0,0,58,13.51553333
1.0,5,58,13.473164
1.0,9,58,13.83767467
1.0,14,58,14.30204267
1.0,18,58,14.47516933
1.0,23,58,14.949632
1.0,0,58,13.56194667
1.0,5,58,13.68771067
1.0,9,58,13.84734
1.0,14,58,14.339316
1.0,18,58,14.37076267
1.0,23,58,15.11718533
1.0,0,58,13.75348667
1.0,5,58,14.74781333
1.0,9,58,14.79889067
1.0,14,58,14.326388
1.0,18,58,14.523576
1.0,23,58,16.20316933
1.0,0,58,13.72805867
1.0,5,58,13.87749467
1.0,9,58,13.90201067
1.0,14,58,14.492012
1.0,18,58,14.75164533
1.0,23,58,15.38055467
1.0,0,58,13.80135867
1.0,5,58,13.887572
1.0,9,58,14.102384
1.0,14,58,14.557872
1.0,18,58,14.71207333
1.0,23,58,15.50230133
1.0,0,53,13.24653333
1.0,5,53,13.61288133
1.0,9,53,13.75075467
1.0,14,53,14.10072267
1.0,18,53,14.447572
1.0,23,53,14.98298533
1.0,0,53,13.35004
1.0,5,53,13.57086
1.0,9,53,13.648456
1.0,14,53,14.25599467
1.0,18,53,14.48470667
1.0,23,53,14.95298667
1.0,0,53,13.489188
1.0,5,53,13.52076667
1.0,9,53,13.867808
1.0,14,53,14.249852
1.0,18,53,14.45886667
1.0,23,53,15.11398667
1.0,0,53,13.410468
1.0,5,53,13.77874667
1.0,9,53,13.933384
1.0,14,53,14.27594533
1.0,18,53,14.589792
1.0,23,53,15.19188267
1.0,0,53,13.58063333
1.0,5,53,13.75242533
1.0,9,53,13.90445467
1.0,14,53,14.45610933
1.0,18,53,14.66126133
1.0,23,53,15.26237867
1.0,0,53,13.71305333
1.0,5,53,13.89610133
1.0,9,53,14.05301733
1.0,14,53,14.56482933
1.0,18,53,14.67745467
1.0,23,53,15.513412
1.0,0,48,13.31321867
1.0,5,48,13.55548933
1.0,9,48,13.76447867
1.0,14,48,14.10587467
1.0,18,48,14.37771867
1.0,23,48,14.94976
1.0,0,48,13.49027333
1.0,5,48,13.48110267
1.0,9,48,13.92444533
1.0,14,48,14.233836
1.0,18,48,14.38511733
1.0,23,48,14.98478933
1.0,0,48,13.461588
1.0,5,48,13.559248
1.0,9,48,13.898976
1.0,14,48,14.3179
1.0,18,48,14.404016
1.0,23,48,15.03842133
1.0,0,48,13.54352133
1.0,5,48,13.56021333
1.0,9,48,13.94896533
1.0,14,48,14.35215467
1.0,18,48,14.492844
1.0,23,48,15.078776
1.0,0,48,13.646424
1.0,5,48,13.69135467
1.0,9,48,14.03178533
1.0,14,48,14.41364533
1.0,18,48,14.517168
1.0,23,48,15.21696133
1.0,0,48,13.75459867
1.0,5,48,13.88686133
1.0,9,48,13.965588
1.0,14,48,14.45193467
1.0,18,48,14.68639467
1.0,23,48,15.46474
1.0,0,43,13.263672
1.0,5,43,13.54864533
1.0,9,43,13.783944
1.0,14,43,14.07288133
1.0,18,43,14.450084
1.0,23,43,14.99721867
1.0,0,43,13.46381733
1.0,5,43,13.52320133
1.0,9,43,13.865392
1.0,14,43,14.10825467
1.0,18,43,14.06697333
1.0,23,43,14.72315333
1.0,0,43,13.246716
1.0,5,43,13.38659867
1.0,9,43,13.56179733
1.0,14,43,14.04972533
1.0,18,43,14.23420667
1.0,23,43,14.757688
1.0,0,43,13.29680933
1.0,5,43,13.43406
1.0,9,43,13.50890533
1.0,14,43,14.07021333
1.0,18,43,15.35243733
1.0,23,43,14.896144
1.0,0,43,13.416608
1.0,5,43,13.421924
1.0,9,43,13.74647467
1.0,14,43,14.15138133
1.0,18,43,15.31227733
1.0,23,43,15.034592
1.0,0,43,13.371612
1.0,5,43,13.55407867
1.0,9,43,13.64906667
1.0,14,43,14.25005067
1.0,18,43,14.513924
1.0,23,43,15.15983333
1.0,0,38,13.342104
1.0,5,38,13.60082133
1.0,9,38,13.76863333
1.0,14,38,14.17899067
1.0,18,38,14.49205333
1.0,23,38,15.031868
1.0,0,38,13.410476
1.0,5,38,13.56199067
1.0,9,38,13.84392133
1.0,14,38,14.27557333
1.0,18,38,14.52736267
1.0,23,38,15.092896
1.0,0,38,13.521496
1.0,5,38,13.63062533
1.0,9,38,13.84241733
1.0,14,38,14.26589333
1.0,18,38,14.56808267
1.0,23,38,15.128828
1.0,0,38,13.569528
1.0,5,38,13.76320667
1.0,9,38,13.967684
1.0,14,38,14.37078133
1.0,18,38,14.60314933
1.0,23,38,15.095808
1.0,0,38,13.63861333
1.0,5,38,13.783072
1.0,9,38,14.00892667
1.0,14,38,14.49817467
1.0,18,38,14.71159067
1.0,23,38,15.36988
1.0,0,38,13.74320933
1.0,5,38,13.90918667
1.0,9,38,14.10917733
1.0,14,38,14.59596533
1.0,18,38,14.81739733
1.0,23,38,15.116156
1.0,0,37,13.42953333
1.0,5,37,14.737168
1.0,9,37,13.80371067
1.0,14,37,14.23510267
1.0,18,37,14.46831867
1.0,23,37,15.27494
1.0,0,37,14.300776
1.0,5,37,13.66243333
1.0,9,37,13.88463733
1.0,14,37,14.83575067
1.0,18,37,15.022032
1.0,23,37,16.14396267
1.0,0,37,13.545516
1.0,5,37,14.91582
1.0,9,37,13.91845733
1.0,14,37,15.53883733
1.0,18,37,15.68208267
1.0,23,37,15.14143067
1.0,0,37,13.61900267
1.0,5,37,13.78014933
1.0,9,37,13.99192267
1.0,14,37,14.56919333
1.0,18,37,15.48465333
1.0,23,37,16.38331867
1.0,0,37,13.68119867
1.0,5,37,15.08046533
1.0,9,37,14.06495467
1.0,14,37,15.52385333
1.0,18,37,15.35657867
1.0,23,37,15.686768
1.0,0,37,13.78040133
1.0,5,37,13.92432267
1.0,9,37,14.11019867
1.0,14,37,14.53367467
1.0,18,37,15.89413733
1.0,23,37,16.49502933
1.0,0,36,13.40502267
1.0,5,36,13.55651067
1.0,9,36,13.795072
1.0,14,36,14.24720933
1.0,18,36,14.474296
1.0,23,36,15.11703067
1.0,0,36,13.48496133
1.0,5,36,13.627544
1.0,9,36,13.78935867
1.0,14,36,14.27900533
1.0,18,36,14.47030533
1.0,23,36,15.19834267
1.0,0,36,13.557808
1.0,5,36,13.718884
1.0,9,36,13.91125733
1.0,14,36,14.319036
1.0,18,36,14.599688
1.0,23,36,15.28149067
1.0,0,36,13.586924
1.0,5,36,13.758692
1.0,9,36,13.938992
1.0,14,36,14.36640667
1.0,18,36,14.65824133
1.0,23,36,15.39005733
1.0,0,36,13.666232
1.0,5,36,13.843552
1.0,9,36,14.08293733
1.0,14,36,14.492492
1.0,18,36,14.68756
1.0,23,36,15.50218133
1.0,0,36,13.764656
1.0,5,36,13.907768
1.0,9,36,14.1085
1.0,14,36,14.58294667
1.0,18,36,14.769376
1.0,23,36,15.660156
1.0,0,35,13.47034
1.0,5,35,13.57183333
1.0,9,35,13.813912
1.0,14,35,14.21261867
1.0,18,35,14.49447733
1.0,23,35,16.083304
1.0,0,35,13.52118533
1.0,5,35,13.63335467
1.0,9,35,13.850896
1.0,14,35,14.26389867
1.0,18,35,14.55241733
1.0,23,35,15.237268
1.0,0,35,13.52334
1.0,5,35,13.72320267
1.0,9,35,13.898932
1.0,14,35,14.3287
1.0,18,35,14.581348
1.0,23,35,15.32838533
1.0,0,35,13.52365333
1.0,5,35,13.75098667
1.0,9,35,14.001044
1.0,14,35,14.41213867
1.0,18,35,14.627996
1.0,23,35,15.448372
1.0,0,35,13.68970667
1.0,5,35,13.838544
1.0,9,35,14.022908
1.0,14,35,14.45212
1.0,18,35,14.765264
1.0,23,35,15.658184
1.0,0,35,13.78607067
1.0,5,35,13.95059867
1.0,9,35,14.14196267
1.0,14,35,14.605668
1.0,18,35,14.80897067
1.0,23,35,15.79414133
1.0,0,34,13.42052
1.0,5,34,14.726784
1.0,9,34,13.83763467
1.0,14,34,14.224452
1.0,18,34,14.494044
1.0,23,34,15.50305733
1.0,0,34,14.44892
1.0,5,34,13.63421867
1.0,9,34,14.90510667
1.0,14,34,14.27067867
1.0,18,34,14.552096
1.0,23,34,16.20142
1.0,0,34,13.93917333
1.0,5,34,14.344772
1.0,9,34,14.16964933
1.0,14,34,14.340472
1.0,18,34,14.595204
1.0,23,34,16.62874933
1.0,0,34,14.61699333
1.0,5,34,13.78652267
1.0,9,34,13.95839333
1.0,14,34,14.37338533
1.0,18,34,14.64648267
1.0,23,34,15.89874267
1.0,0,34,14.43646667
1.0,5,34,13.87036933
1.0,9,34,14.058092
1.0,14,34,14.486068
1.0,18,34,14.70361467
1.0,23,34,15.889332
1.0,0,34,13.80671733
1.0,5,34,13.99654933
1.0,9,34,14.15920133
1.0,14,34,14.59102933
1.0,18,34,14.84107333
1.0,23,34,16.00378267
1.0,0,33,13.414708
1.0,5,33,13.61159467
1.0,9,33,13.79034
1.0,14,33,14.22778
1.0,18,33,14.55264533
1.0,23,33,15.8168
1.0,0,33,13.48975333
1.0,5,33,13.67890933
1.0,9,33,13.86369867
1.0,14,33,14.293732
1.0,18,33,14.60259333
1.0,23,33,15.83787467
1.0,0,33,13.54626267
1.0,5,33,13.748428
1.0,9,33,13.93792267
1.0,14,33,14.351032
1.0,18,33,14.64868933
1.0,23,33,15.87578933
1.0,0,33,13.529496
1.0,5,33,13.76892667
1.0,9,33,13.94933467
1.0,14,33,14.36902267
1.0,18,33,14.75755333
1.0,23,33,16.04467733
1.0,0,33,13.66214133
1.0,5,33,13.828256
1.0,9,33,14.04472267
1.0,14,33,14.52193067
1.0,18,33,14.841928
1.0,23,33,16.13908533
1.0,0,33,13.773412
1.0,5,33,13.94699867
1.0,9,33,14.175644
1.0,14,33,14.627116
1.0,18,33,15.00074267
1.0,23,33,16.19987467
1.0,0,32,13.39723867
1.0,5,32,13.60394
1.0,9,32,13.75036133
1.0,14,32,14.21435067
1.0,18,32,14.66162533
1.0,0,32,13.21417733
1.0,5,32,13.42046133
1.0,9,32,13.59648133
1.0,14,32,14.03696667
1.0,18,32,14.55918933
1.0,0,32,13.999576
1.0,5,32,13.69575733
1.0,9,32,13.616104
1.0,14,32,14.120076
1.0,18,32,14.52904933
1.0,0,32,13.32936
1.0,5,32,13.52363867
1.0,9,32,13.71449333
1.0,14,32,14.155204
1.0,18,32,14.61641867
1.0,0,32,13.42178
1.0,5,32,13.58699867
1.0,9,32,13.84943867
1.0,14,32,14.239968
1.0,18,32,14.78729467
1.0,0,32,13.38966933
1.0,5,32,13.578332
1.0,9,32,13.782672
1.0,14,32,14.20389867
1.0,18,32,14.84993867
1.0,0,31,13.45478533
1.0,5,31,13.585004
1.0,9,31,13.80153333
1.0,14,31,14.32055867
1.0,18,31,14.745232
1.0,0,31,13.44225067
1.0,5,31,13.62935333
1.0,9,31,13.817368
1.0,14,31,14.36044133
1.0,18,31,14.77539867
1.0,0,31,13.503892
1.0,5,31,13.68839467
1.0,9,31,13.88890533
1.0,14,31,14.441412
1.0,18,31,14.87342933
1.0,0,31,13.59518
1.0,5,31,13.79505733
1.0,9,31,13.94556133
1.0,14,31,14.465656
1.0,18,31,14.93099733
1.0,0,31,13.72203067
1.0,5,31,13.88107333
1.0,9,31,14.06026
1.0,14,31,14.57263467
1.0,18,31,15.13375733
1.0,0,31,13.795132
1.0,5,31,13.934196
1.0,9,31,14.12689067
1.0,14,31,14.61763333
1.0,18,31,15.32080533
1.0,0,30,13.392572
1.0,5,30,13.600944
1.0,9,30,13.77048133
1.0,14,30,14.36040533
1.0,18,30,14.957888
1.0,0,30,13.45902533
1.0,5,30,13.56312933
1.0,9,30,13.82561867
1.0,14,30,14.41634933
1.0,18,30,14.97218667
1.0,0,30,13.49572133
1.0,5,30,13.71089333
1.0,9,30,13.87464933
1.0,14,30,14.46539333
1.0,18,30,15.04836
1.0,0,30,13.568948
1.0,5,30,13.747128
1.0,9,30,13.947868
1.0,14,30,14.53516933
1.0,18,30,15.20065067
1.0,0,30,13.64476133
1.0,5,30,13.83518533
1.0,9,30,14.039396
1.0,14,30,14.61395333
1.0,18,30,15.38805067
1.0,0,30,13.75836533
1.0,5,30,13.928004
1.0,9,30,14.13456133
1.0,14,30,14.74107333
1.0,18,30,15.551076
1.0,0,29,13.46009733
1.0,5,29,13.576156
1.0,9,29,13.84019333
1.0,14,29,14.471588
1.0,18,29,15.63220933
1.0,0,29,13.526176
1.0,5,29,13.684612
1.0,9,29,13.80203867
1.0,14,29,14.39885733
1.0,18,29,15.603768
1.0,0,29,13.54260667
1.0,5,29,13.68853867
1.0,9,29,13.798044
1.0,14,29,14.48369867
1.0,18,29,15.660728
1.0,0,29,13.57130933
1.0,5,29,13.76298533
1.0,9,29,13.98891467
1.0,14,29,14.55346533
1.0,18,29,15.76853467
1.0,0,29,13.684072
1.0,5,29,13.873588
1.0,9,29,14.03694
1.0,14,29,14.721008
1.0,18,29,15.881588
1.0,0,29,13.79988533
1.0,5,29,13.93213067
1.0,9,29,14.09691733
1.0,14,29,14.753052
1.0,18,29,15.892412
1.0,0,28,14.51606533
1.0,5,28,13.61912
1.0,9,28,13.82422667
1.0,14,28,14.49066533
1.0,0,28,13.18870933
1.0,5,28,13.301684
1.0,9,28,13.60202933
1.0,14,28,14.24152933
1.0,0,28,13.28853067
1.0,5,28,13.39992
1.0,9,28,13.53757333
1.0,14,28,14.347948
1.0,0,28,13.60245733
1.0,5,28,14.28023333
1.0,9,28,13.64952667
1.0,14,28,14.41524667
1.0,0,28,13.43654267
1.0,5,28,13.48551733
1.0,9,28,13.832888
1.0,14,28,14.53232
1.0,0,28,13.428336
1.0,5,28,14.59861067
1.0,9,28,13.81500533
1.0,14,28,14.54113867
1.0,0,27,13.29048667
1.0,5,27,14.59556667
1.0,9,27,13.761336
1.0,14,27,15.71181467
1.0,0,27,13.45582667
1.0,5,27,13.64166133
1.0,9,27,13.813508
1.0,14,27,14.68533467
1.0,0,27,13.51598
1.0,5,27,13.67948267
1.0,9,27,13.87712
1.0,14,27,14.73544533
1.0,0,27,13.579168
1.0,5,27,13.70101067
1.0,9,27,13.97860133
1.0,14,27,14.80704
1.0,0,27,13.666676
1.0,5,27,13.71320533
1.0,9,27,14.051384
1.0,14,27,14.94556933
1.0,0,27,13.76114533
1.0,5,27,13.88181867
1.0,9,27,14.149836
1.0,14,27,15.06229733
1.0,0,26,13.34694533
1.0,5,26,13.58177733
1.0,9,26,13.852796
1.0,14,26,15.301064
1.0,0,26,14.28380667
1.0,5,26,14.119284
1.0,9,26,14.46922667
1.0,14,26,14.99731867
1.0,0,26,13.487028
1.0,5,26,13.596472
1.0,9,26,13.921688
1.0,14,26,15.15762933
1.0,0,26,13.62548533
1.0,5,26,14.71898267
1.0,9,26,13.97105333
1.0,14,26,16.285264
1.0,0,26,13.655316
1.0,5,26,14.87540133
1.0,9,26,14.050892
1.0,14,26,15.388184
1.0,0,26,13.77749733
1.0,5,26,13.86974667
1.0,9,26,14.149652
1.0,14,26,15.44849067
1.0,0,25,13.336544
1.0,5,25,13.47736267
1.0,9,25,13.86152133
1.0,0,25,13.16418533
1.0,5,25,13.27767067
1.0,9,25,13.45051467
1.0,0,25,13.2724
1.0,5,25,13.419308
1.0,9,25,13.684424
1.0,0,25,13.27120933
1.0,5,25,13.459348
1.0,9,25,13.63886533
1.0,0,25,13.39100667
1.0,5,25,13.562404
1.0,9,25,13.767732
1.0,0,25,13.45312133
1.0,5,25,13.555176
1.0,9,25,13.8487
1.0,0,24,13.41932
1.0,5,24,13.57364667
1.0,9,24,13.84714133
1.0,0,24,13.408172
1.0,5,24,13.45317333
1.0,9,24,13.90462533
1.0,0,24,13.49010133
1.0,5,24,13.605792
1.0,9,24,13.84000667
1.0,0,24,13.53449067
1.0,5,24,13.70804667
1.0,9,24,13.693176
1.0,0,24,13.31737333
1.0,5,24,13.60802533
1.0,9,24,13.84819867
1.0,0,24,13.32371467
1.0,5,24,13.45197467
1.0,9,24,13.929448
1.0,0,23,13.190088
1.0,5,23,13.59824533
1.0,9,23,13.93478
1.0,0,23,13.41898
1.0,5,23,13.59437467
1.0,9,23,13.96110533
1.0,0,23,13.437652
1.0,5,23,13.64024133
1.0,9,23,14.007924
1.0,0,23,13.54934
1.0,5,23,13.63986
1.0,9,23,14.04597867
1.0,0,23,13.60879333
1.0,5,23,13.73877067
1.0,9,23,14.14506533
1.0,0,23,13.69642267
1.0,5,23,13.87660267
1.0,9,23,14.304064
1.0,0,22,13.21926533
1.0,5,22,13.631332
1.0,9,22,13.99192533
1.0,0,22,13.347448
1.0,5,22,13.55010667
1.0,9,22,14.04534533
1.0,0,22,13.50658133
1.0,5,22,13.56984133
1.0,9,22,14.057188
1.0,0,22,13.51896
1.0,5,22,13.72798267
1.0,9,22,13.996656
1.0,0,22,13.64638
1.0,5,22,13.89780133
1.0,9,22,14.089284
1.0,0,22,13.727692
1.0,5,22,13.94792933
1.0,9,22,14.277504
1.0,0,21,13.24621733
1.0,5,21,13.640972
1.0,9,21,14.04946267
1.0,0,21,13.332388
1.0,5,21,13.70855867
1.0,9,21,14.22520533
1.0,0,21,13.38203733
1.0,5,21,13.75812267
1.0,9,21,14.2401
1.0,0,21,13.51352533
1.0,5,21,13.86504667
1.0,9,21,14.3388
1.0,0,21,13.62458533
1.0,5,21,13.82937067
1.0,9,21,14.489056
1.0,0,21,13.77391467
1.0,5,21,13.85545333
1.0,9,21,14.63798133
1.0,0,20,13.30178667
1.0,5,20,13.686044
1.0,0,20,13.09073867
1.0,5,20,13.42390667
1.0,0,20,13.23883867
1.0,5,20,13.35542933
1.0,0,20,13.190204
1.0,5,20,13.523764
1.0,0,20,13.345132
1.0,5,20,13.66865333
1.0,0,20,13.219252
1.0,5,20,13.687988
0.6,0,74,12.85295067
0.6,5,74,13.18600267
0.6,9,74,13.290836
0.6,14,74,13.46058267
0.6,18,74,13.722948
0.6,23,74,14.004724
0.6,0,74,12.97237067
0.6,5,74,13.25480933
0.6,9,74,13.24548667
0.6,14,74,13.52452
0.6,18,74,13.76421733
0.6,23,74,14.06536533
0.6,0,74,13.062588
0.6,5,74,13.26652533
0.6,9,74,13.25761467
0.6,14,74,14.62588
0.6,18,74,13.80360133
0.6,23,74,15.16802933
0.6,0,74,13.20475467
0.6,5,74,13.24953067
0.6,9,74,13.456048
0.6,14,74,13.572392
0.6,18,74,13.847508
0.6,23,74,14.21440933
0.6,0,74,13.18829067
0.6,5,74,13.459516
0.6,9,74,13.482408
0.6,14,74,13.700172
0.6,18,74,14.35598267
0.6,23,74,15.00262
0.6,0,74,13.38192133
0.6,5,74,13.42093333
0.6,9,74,13.62050267
0.6,14,74,13.88462133
0.6,18,74,13.93089867
0.6,23,74,15.61651067
0.6,0,73,13.01149733
0.6,5,73,13.101276
0.6,9,73,13.176576
0.6,14,73,13.45482
0.6,18,73,13.721168
0.6,23,73,13.940464
0.6,0,73,13.09392
0.6,5,73,13.090504
0.6,9,73,13.28679333
0.6,14,73,13.43030267
0.6,18,73,13.729192
0.6,23,73,14.03331067
0.6,0,73,12.96626
0.6,5,73,13.22124667
0.6,9,73,13.35022
0.6,14,73,13.52967733
0.6,18,73,13.78609867
0.6,23,73,13.999308
0.6,0,73,13.1684
0.6,5,73,13.29619733
0.6,9,73,13.27893333
0.6,14,73,13.66228533
0.6,18,73,13.812112
0.6,23,73,14.087232
0.6,0,73,13.26174933
0.6,5,73,13.24142133
0.6,9,73,13.50925333
0.6,14,73,13.75776533
0.6,18,73,13.745652
0.6,23,73,14.30478933
0.6,0,73,13.37018933
0.6,5,73,13.44288133
0.6,9,73,13.489128
0.6,14,73,13.770612
0.6,18,73,14.03254
0.6,23,73,14.45018133
0.6,0,68,12.86761733
0.6,5,68,13.17660533
0.6,9,68,13.25951067
0.6,14,68,13.39419733
0.6,18,68,13.69604133
0.6,23,68,14.02498267
0.6,0,68,12.90568667
0.6,5,68,13.21438133
0.6,9,68,13.30842267
0.6,14,68,13.43284533
0.6,18,68,13.70228933
0.6,23,68,13.83412267
0.6,0,68,13.15076933
0.6,5,68,13.224548
0.6,9,68,13.255484
0.6,14,68,13.60129467
0.6,18,68,13.64598267
0.6,23,68,14.10512533
0.6,0,68,13.04964667
0.6,5,68,13.29997067
0.6,9,68,13.40344133
0.6,14,68,13.51329733
0.6,18,68,13.82445867
0.6,23,68,14.177512
0.6,0,68,13.13088
0.6,5,68,13.38119333
0.6,9,68,13.504668
0.6,14,68,13.63209733
0.6,18,68,13.953364
0.6,23,68,14.32893067
0.6,0,68,13.26334
0.6,5,68,13.481728
0.6,9,68,13.44134933
0.6,14,68,13.86468
0.6,18,68,13.93836267
0.6,23,68,14.375412
0.6,0,63,12.92680133
0.6,5,63,13.13576
0.6,9,63,13.321488
0.6,14,63,13.468796
0.6,18,63,13.60861467
0.6,23,63,14.055804
0.6,0,63,13.03752533
0.6,5,63,13.06657467
0.6,9,63,13.28706267
0.6,14,63,13.43471333
0.6,18,63,13.61712
0.6,23,63,14.00206667
0.6,0,63,13.13418133
0.6,5,63,13.12920933
0.6,9,63,13.37432267
0.6,14,63,13.443996
0.6,18,63,13.782064
0.6,23,63,14.05671867
0.6,0,63,13.09806
0.6,5,63,13.304196
0.6,9,63,13.40177733
0.6,14,63,13.576908
0.6,18,63,13.78231467
0.6,23,63,14.06863333
0.6,0,63,13.26781467
0.6,5,63,13.26889067
0.6,9,63,13.471656
0.6,14,63,13.76466933
0.6,18,63,13.87221333
0.6,23,63,14.17729333
0.6,0,63,13.4038
0.6,5,63,13.38860133
0.6,9,63,13.42701867
0.6,14,63,13.855192
0.6,18,63,14.45659867
0.6,23,63,14.983216
0.6,0,58,12.84712933
0.6,5,58,13.13437867
0.6,9,58,13.26648667
0.6,14,58,13.37156667
0.6,18,58,13.68124667
0.6,23,58,14.03638267
0.6,0,58,13.02757867
0.6,5,58,13.09308267
0.6,9,58,13.27750533
0.6,14,58,13.48732133
0.6,18,58,13.56829333
0.6,23,58,14.03039333
0.6,0,58,13.046588
0.6,5,58,13.22788
0.6,9,58,13.37510133
0.6,14,58,13.475168
0.6,18,58,13.80433467
0.6,23,58,14.10458133
0.6,0,58,13.16527333
0.6,5,58,13.20286667
0.6,9,58,13.36229733
0.6,14,58,13.67198933
0.6,18,58,13.78842933
0.6,23,58,14.09304267
0.6,0,58,13.31904267
0.6,5,58,13.404036
0.6,9,58,13.31862
0.6,14,58,13.74197333
0.6,18,58,13.87855067
0.6,23,58,14.246856
0.6,0,58,13.35516267
0.6,5,58,13.354856
0.6,9,58,13.55309733
0.6,14,58,13.89142133
0.6,18,58,13.87737867
0.6,23,58,14.53526533
0.6,0,53,13.008928
0.6,5,53,13.06619467
0.6,9,53,13.297616
0.6,14,53,13.383548
0.6,18,53,13.669156
0.6,23,53,14.01830533
0.6,0,53,12.969232
0.6,5,53,13.14184
0.6,9,53,13.32431867
0.6,14,53,13.467136
0.6,18,53,13.70865733
0.6,23,53,14.038212
0.6,0,53,14.22962
0.6,5,53,13.17094133
0.6,9,53,13.28081733
0.6,14,53,13.61633733
0.6,18,53,13.686184
0.6,23,53,14.09137733
0.6,0,53,13.16670933
0.6,5,53,13.23135067
0.6,9,53,13.35249867
0.6,14,53,13.73326667
0.6,18,53,14.58407067
0.6,23,53,14.35638133
0.6,0,53,14.16145733
0.6,5,53,13.52441333
0.6,9,53,13.44715467
0.6,14,53,13.66489067
0.6,18,53,13.95122267
0.6,23,53,15.379116
0.6,0,53,13.33822133
0.6,5,53,14.209416
0.6,9,53,13.58414933
0.6,14,53,13.880292
0.6,18,53,13.94596267
0.6,23,53,14.50115867
0.6,0,48,12.86564
0.6,5,48,13.16735867
0.6,9,48,13.26001333
0.6,14,48,13.40602133
0.6,18,48,13.65110133
0.6,23,48,13.857436
0.6,0,48,13.10057067
0.6,5,48,13.16637067
0.6,9,48,13.18687867
0.6,14,48,13.57083467
0.6,18,48,13.55221333
0.6,23,48,13.96778
0.6,0,48,13.111652
0.6,5,48,13.07568
0.6,9,48,13.36652267
0.6,14,48,13.580136
0.6,18,48,13.65081067
0.6,23,48,14.06536533
0.6,0,48,13.07727333
0.6,5,48,13.26472267
0.6,9,48,13.338956
0.6,14,48,13.533452
0.6,18,48,13.81093333
0.6,23,48,14.14853467
0.6,0,48,13.18386133
0.6,5,48,13.42656
0.6,9,48,13.44048267
0.6,14,48,13.71266267
0.6,18,48,13.866688
0.6,23,48,14.18248133
0.6,0,48,13.33689867
0.6,5,48,13.51546933
0.6,9,48,13.38706933
0.6,14,48,13.809636
0.6,18,48,13.94441467
0.6,23,48,14.28780267
0.6,0,43,12.972816
0.6,5,43,13.07405333
0.6,9,43,13.29525733
0.6,14,43,13.40777333
0.6,18,43,13.71722267
0.6,23,43,14.00138667
0.6,0,43,13.01268933
0.6,5,43,13.23666
0.6,9,43,13.20194133
0.6,14,43,13.56077333
0.6,18,43,13.730484
0.6,23,43,13.944252
0.6,0,43,13.079516
0.6,5,43,13.30526133
0.6,9,43,13.30062133
0.6,14,43,13.58287467
0.6,18,43,13.81216133
0.6,23,43,14.06008
0.6,0,43,13.143132
0.6,5,43,13.28851067
0.6,9,43,13.25705467
0.6,14,43,13.66352667
0.6,18,43,13.82444267
0.6,23,43,14.05627867
0.6,0,43,13.33886933
0.6,5,43,13.43150267
0.6,9,43,13.39818933
0.6,14,43,13.805812
0.6,18,43,13.963808
0.6,23,43,14.222828
0.6,0,43,13.40796933
0.6,5,43,13.45671333
0.6,9,43,13.54082533
0.6,14,43,13.88734267
0.6,18,43,13.98668533
0.6,23,43,14.42233067
0.6,0,38,12.872052
0.6,5,38,13.13970933
0.6,9,38,13.22611467
0.6,14,38,13.41472933
0.6,18,38,13.702868
0.6,23,38,13.965284
0.6,0,38,12.98825333
0.6,5,38,13.18481733
0.6,9,38,13.18661067
0.6,14,38,13.57218267
0.6,18,38,13.74350133
0.6,23,38,13.87933867
0.6,0,38,13.17839467
0.6,5,38,13.24635333
0.6,9,38,13.14933867
0.6,14,38,13.645484
0.6,18,38,13.765444
0.6,23,38,13.95589333
0.6,0,38,13.171112
0.6,5,38,13.18528933
0.6,9,38,13.43572133
0.6,14,38,13.70256533
0.6,18,38,13.763096
0.6,23,38,14.17620933
0.6,0,38,13.306312
0.6,5,38,13.30779867
0.6,9,38,13.51044933
0.6,14,38,13.80241467
0.6,18,38,13.740488
0.6,23,38,14.32310133
0.6,0,38,13.370248
0.6,5,38,13.30647333
0.6,9,38,13.61772667
0.6,14,38,13.85188533
0.6,18,38,13.803096
0.6,23,38,14.37512533
0.6,0,37,12.93852267
0.6,5,37,13.08314533
0.6,9,37,13.28330267
0.6,14,37,13.40934933
0.6,18,37,13.695824
0.6,23,37,14.10295867
0.6,0,37,13.03051733
0.6,5,37,13.22802133
0.6,9,37,13.22369467
0.6,14,37,13.55325867
0.6,18,37,13.73685067
0.6,23,37,13.96248533
0.6,0,37,13.12717733
0.6,5,37,13.21103867
0.6,9,37,13.32422
0.6,14,37,13.63068133
0.6,18,37,13.592444
0.6,23,37,14.141488
0.6,0,37,13.19625333
0.6,5,37,13.144112
0.6,9,37,14.453624
0.6,14,37,13.66338667
0.6,18,37,13.81768
0.6,23,37,14.0376
0.6,0,37,13.35831333
0.6,5,37,13.404344
0.6,9,37,13.42517067
0.6,14,37,13.778828
0.6,18,37,13.824972
0.6,23,37,14.30707867
0.6,0,37,13.43391067
0.6,5,37,13.47177467
0.6,9,37,13.54007067
0.6,14,37,13.85628533
0.6,18,37,13.89985467
0.6,23,37,14.49110133
0.6,0,36,12.90729867
0.6,5,36,13.05986
0.6,9,36,13.27645467
0.6,14,36,13.48153733
0.6,18,36,13.64839067
0.6,23,36,13.999696
0.6,0,36,13.12771467
0.6,5,36,13.111164
0.6,9,36,13.20117067
0.6,14,36,13.62258533
0.6,18,36,13.65490667
0.6,23,36,14.030132
0.6,0,36,13.19498533
0.6,5,36,13.093712
0.6,9,36,13.30327867
0.6,14,36,13.64802533
0.6,18,36,13.71315067
0.6,23,36,14.078852
0.6,0,36,13.15429333
0.6,5,36,13.14781733
0.6,9,36,13.400664
0.6,14,36,14.88679333
0.6,18,36,14.75703067
0.6,23,36,14.49474267
0.6,0,36,12.93016933
0.6,5,36,13.06723867
0.6,9,36,13.24110667
0.6,14,36,13.342856
0.6,18,36,13.650556
0.6,23,36,14.197528
0.6,0,36,12.929512
0.6,5,36,13.13310533
0.6,9,36,13.21864533
0.6,14,36,13.408064
0.6,18,36,13.71256533
0.6,23,36,14.25238533
0.6,0,35,12.98466533
0.6,5,35,13.13667467
0.6,9,35,13.11877867
0.6,14,35,13.55581067
0.6,18,35,13.64084133
0.6,23,35,14.08139733
0.6,0,35,13.07866133
0.6,5,35,13.100664
0.6,9,35,13.109328
0.6,14,35,13.56848667
0.6,18,35,13.74726667
0.6,23,35,14.010956
0.6,0,35,13.14143467
0.6,5,35,13.2193
0.6,9,35,13.20895067
0.6,14,35,13.63702933
0.6,18,35,13.77784267
0.6,23,35,14.25048
0.6,0,35,12.98574267
0.6,5,35,13.29606667
0.6,9,35,13.41251733
0.6,14,35,13.582392
0.6,18,35,13.88047867
0.6,23,35,14.35182133
0.6,0,35,13.24752667
0.6,5,35,13.34621867
0.6,9,35,13.325224
0.6,14,35,13.818784
0.6,18,35,13.95830667
0.6,23,35,14.27740933
0.6,0,35,12.99482
0.6,5,35,13.02790533
0.6,9,35,13.289336
0.6,14,35,13.35440933
0.6,18,35,13.67146667
0.6,23,35,14.197932
0.6,0,34,13.025284
0.6,5,34,12.99384667
0.6,9,34,13.17101867
0.6,14,34,13.52132133
0.6,18,34,13.5673
0.6,23,34,14.26762267
0.6,0,34,13.039916
0.6,5,34,13.04821733
0.6,9,34,13.27411467
0.6,14,34,13.45050667
0.6,18,34,13.717432
0.6,23,34,14.21534933
0.6,0,34,13.16497733
0.6,5,34,13.09127733
0.6,9,34,13.22761333
0.6,14,34,13.601268
0.6,18,34,13.60832933
0.6,23,34,14.41728933
0.6,0,34,13.17135067
0.6,5,34,13.20206
0.6,9,34,13.389728
0.6,14,34,13.64283733
0.6,18,34,13.772208
0.6,23,34,14.511272
0.6,0,34,13.16696
0.6,5,34,13.39117067
0.6,9,34,13.46487333
0.6,14,34,13.62982533
0.6,18,34,13.91058
0.6,23,34,14.62765333
0.6,0,34,13.34915733
0.6,5,34,13.401224
0.6,9,34,13.48652533
0.6,14,34,13.81843467
0.6,18,34,13.86848533
0.6,23,34,14.77537067
0.6,0,33,12.88056133
0.6,5,33,13.09512133
0.6,9,33,13.24487333
0.6,14,33,13.29976
0.6,18,33,13.70560267
0.6,23,33,14.486864
0.6,0,33,12.93629067
0.6,5,33,13.14886533
0.6,9,33,13.143688
0.6,14,33,13.53644667
0.6,18,33,13.73863733
0.6,23,33,14.3756
0.6,0,33,13.13883467
0.6,5,33,13.21314667
0.6,9,33,13.19783867
0.6,14,33,13.53797467
0.6,18,33,13.58064267
0.6,23,33,14.59053867
0.6,0,33,13.17659467
0.6,5,33,13.158428
0.6,9,33,13.40531333
0.6,14,33,13.62338267
0.6,18,33,13.68525467
0.6,23,33,14.704496
0.6,0,33,13.258756
0.6,5,33,13.21206667
0.6,9,33,13.46191733
0.6,14,33,13.76998533
0.6,18,33,13.78113467
0.6,23,33,14.81429333
0.6,0,33,13.34278667
0.6,5,33,13.42068933
0.6,9,33,13.56309733
0.6,14,33,13.829584
0.6,18,33,13.928284
0.6,23,33,14.90394667
0.6,0,32,12.969144
0.6,5,32,12.95508
0.6,9,32,13.22495733
0.6,14,32,14.55195467
0.6,18,32,13.741924
0.6,0,32,12.79218933
0.6,5,32,12.86568533
0.6,9,32,13.06175333
0.6,14,32,13.18401867
0.6,18,32,13.613016
0.6,0,32,12.83384133
0.6,5,32,13.89145867
0.6,9,32,12.955652
0.6,14,32,13.36571733
0.6,18,32,13.505836
0.6,0,32,12.93567733
0.6,5,32,12.973532
0.6,9,32,13.16996667
0.6,14,32,13.240676
0.6,18,32,13.71288
0.6,0,32,12.99669867
0.6,5,32,13.14324667
0.6,9,32,13.21649733
0.6,14,32,13.33385333
0.6,18,32,13.86862533
0.6,0,32,12.94898
0.6,5,32,12.96476267
0.6,9,32,13.23662667
0.6,14,32,13.40303467
0.6,18,32,13.90395733
0.6,0,31,12.87501733
0.6,5,31,13.17734133
0.6,9,31,13.28674533
0.6,14,31,13.418344
0.6,18,31,13.891704
0.6,0,31,13.10342533
0.6,5,31,13.05323733
0.6,9,31,13.32248933
0.6,14,31,13.65387067
0.6,18,31,13.78771333
0.6,0,31,13.09186133
0.6,5,31,13.163136
0.6,9,31,13.25040533
0.6,14,31,13.74406667
0.6,18,31,13.963564
0.6,0,31,13.09436133
0.6,5,31,13.30391867
0.6,9,31,13.287452
0.6,14,31,13.78176533
0.6,18,31,14.05787867
0.6,0,31,13.253064
0.6,5,31,13.25785067
0.6,9,31,13.554516
0.6,14,31,13.84679867
0.6,18,31,14.16326533
0.6,0,31,13.39532133
0.6,5,31,13.29950533
0.6,9,31,13.53512267
0.6,14,31,13.905852
0.6,18,31,15.41032933
0.6,0,30,12.85869467
0.6,5,30,13.08268933
0.6,9,30,13.204764
0.6,14,30,13.45359333
0.6,18,30,13.96865067
0.6,0,30,13.05606133
0.6,5,30,13.10412667
0.6,9,30,13.30093067
0.6,14,30,13.57734667
0.6,18,30,13.90369867
0.6,0,30,13.11551467
0.6,5,30,13.23068133
0.6,9,30,13.24411067
0.6,14,30,13.70200667
0.6,18,30,14.04673067
0.6,0,30,13.14986533
0.6,5,30,13.14364267
0.6,9,30,13.36403733
0.6,14,30,13.77775867
0.6,18,30,14.19972933
0.6,0,30,13.27371333
0.6,5,30,13.22184133
0.6,9,30,13.500432
0.6,14,30,13.85257867
0.6,18,30,14.35109333
0.6,0,30,13.35284267
0.6,5,30,13.42729067
0.6,9,30,13.49239733
0.6,14,30,13.97213733
0.6,18,30,14.49576
0.6,0,29,13.03409733
0.6,5,29,13.01758
0.6,9,29,13.32233333
0.6,14,29,13.63551067
0.6,18,29,14.35514533
0.6,0,29,13.10426267
0.6,5,29,13.15085867
0.6,9,29,13.28467733
0.6,14,29,13.66755867
0.6,18,29,14.43306533
0.6,0,29,13.119644
0.6,5,29,13.17453467
0.6,9,29,13.38252933
0.6,14,29,13.692032
0.6,18,29,14.44392
0.6,0,29,13.17751867
0.6,5,29,13.27532667
0.6,9,29,13.32584533
0.6,14,29,13.77604
0.6,18,29,14.55543467
0.6,0,29,13.285892
0.6,5,29,13.331408
0.6,9,29,13.483296
0.6,14,29,13.92568133
0.6,18,29,14.70531333
0.6,0,29,13.370452
0.6,5,29,13.42548133
0.6,9,29,13.53636267
0.6,14,29,13.97455867
0.6,18,29,14.74655867
0.6,0,28,13.08466533
0.6,5,28,13.13326133
0.6,9,28,13.28223733
0.6,14,28,13.722756
0.6,0,28,12.73556133
0.6,5,28,12.86933733
0.6,9,28,13.02330267
0.6,14,28,13.26949733
0.6,0,28,12.84282667
0.6,5,28,12.897236
0.6,9,28,13.99920533
0.6,14,28,13.463508
0.6,0,28,12.91790933
0.6,5,28,13.03405067
0.6,9,28,13.14659067
0.6,14,28,13.49816933
0.6,0,28,12.98963867
0.6,5,28,13.08369733
0.6,9,28,13.20784133
0.6,14,28,13.63429467
0.6,0,28,12.93373733
0.6,5,28,13.074732
0.6,9,28,13.21934267
0.6,14,28,13.70454
0.6,0,27,13.05329733
0.6,5,27,13.11384667
0.6,9,27,13.27181333
0.6,14,27,13.816892
0.6,0,27,13.118764
0.6,5,27,13.21275067
0.6,9,27,13.31720533
0.6,14,27,13.840676
0.6,0,27,13.16595867
0.6,5,27,14.368628
0.6,9,27,13.36797467
0.6,14,27,13.861548
0.6,0,27,13.22029867
0.6,5,27,13.33380133
0.6,9,27,13.43752133
0.6,14,27,13.96953333
0.6,0,27,13.328888
0.6,5,27,13.397324
0.6,9,27,13.53880267
0.6,14,27,14.11562667
0.6,0,27,13.399052
0.6,5,27,13.466336
0.6,9,27,13.62234133
0.6,14,27,14.27126133
0.6,0,26,13.02938267
0.6,5,26,13.12833733
0.6,9,26,13.24706667
0.6,14,26,13.912648
0.6,0,26,13.07803333
0.6,5,26,13.183072
0.6,9,26,13.26238533
0.6,14,26,14.026616
0.6,0,26,13.123444
0.6,5,26,13.229724
0.6,9,26,13.347312
0.6,14,26,14.089912
0.6,0,26,13.190076
0.6,5,26,13.26080933
0.6,9,26,13.421944
0.6,14,26,14.21775867
0.6,0,26,13.29744133
0.6,5,26,13.39086267
0.6,9,26,13.50439333
0.6,14,26,14.41296933
0.6,0,26,13.338068
0.6,5,26,13.38205467
0.6,9,26,13.55583333
0.6,14,26,14.47073467
0.6,0,25,13.036484
0.6,5,25,13.17575467
0.6,9,25,13.38872933
0.6,0,25,12.83694
0.6,5,25,12.945856
0.6,9,25,13.113924
0.6,0,25,12.84370533
0.6,5,25,12.909204
0.6,9,25,13.060652
0.6,0,25,12.884212
0.6,5,25,12.986676
0.6,9,25,13.19582
0.6,0,25,12.87752133
0.6,5,25,13.12149733
0.6,9,25,13.22590667
0.6,0,25,12.95296267
0.6,5,25,13.08936933
0.6,9,25,13.34853467
0.6,0,24,13.06995333
0.6,5,24,13.118152
0.6,9,24,13.34314133
0.6,0,24,13.128488
0.6,5,24,13.16027733
0.6,9,24,13.418244
0.6,0,24,13.109128
0.6,5,24,13.24883067
0.6,9,24,13.428404
0.6,0,24,13.17627333
0.6,5,24,13.300064
0.6,9,24,13.48867467
0.6,0,24,13.29212
0.6,5,24,13.350988
0.6,9,24,13.56560667
0.6,0,24,13.33742933
0.6,5,24,13.43559867
0.6,9,24,13.64398
0.6,0,23,13.000488
0.6,5,23,13.13120267
0.6,9,23,13.28198
0.6,0,23,13.03272533
0.6,5,23,13.168952
0.6,9,23,13.32594533
0.6,0,23,13.12099733
0.6,5,23,13.22305867
0.6,9,23,13.34495467
0.6,0,23,13.255952
0.6,5,23,13.28630667
0.6,9,23,13.486184
0.6,0,23,13.19250533
0.6,5,23,13.40611733
0.6,9,23,13.504068
0.6,0,23,13.26982667
0.6,5,23,13.48013333
0.6,9,23,13.67012
0.6,0,22,12.90952
0.6,5,22,13.15770267
0.6,9,22,13.36661467
0.6,0,22,12.94343333
0.6,5,22,13.20026667
0.6,9,22,13.47971867
0.6,0,22,13.10727067
0.6,5,22,13.183732
0.6,9,22,13.50224133
0.6,0,22,13.17613467
0.6,5,22,13.21487467
0.6,9,22,13.54811867
0.6,0,22,13.286412
0.6,5,22,13.36395067
0.6,9,22,13.61792267
0.6,0,22,13.341496
0.6,5,22,13.38911733
0.6,9,22,13.66610133
0.6,0,21,12.98477067
0.6,5,21,13.11190933
0.6,9,21,13.14154667
0.6,0,21,12.77794267
0.6,5,21,13.00130133
0.6,9,21,13.293612
0.6,0,21,12.7532
0.6,5,21,13.060996
0.6,9,21,13.325168
0.6,0,21,12.87206933
0.6,5,21,13.07855867
0.6,9,21,13.37991067
0.6,0,21,13.01931467
0.6,5,21,13.20304533
0.6,9,21,13.43967867
0.6,0,21,13.05625067
0.6,5,21,13.21823333
0.6,9,21,13.619296
0.6,0,20,12.98944933
0.6,5,20,13.20902
0.6,0,20,12.58198133
0.6,5,20,12.93741733
0.6,0,20,12.72726933
0.6,5,20,13.01926267
0.6,0,20,12.71692667
0.6,5,20,13.035388
0.6,0,20,12.80413867
0.6,5,20,13.13965067
0.6,0,20,13.01273333
0.6,5,20,13.13094533
0.2,0,74,12.54140267
0.2,5,74,12.78177067
0.2,9,74,12.73422667
0.2,14,74,12.81266133
0.2,18,74,12.92519467
0.2,23,74,13.02856667
0.2,0,74,12.74473867
0.2,5,74,12.749196
0.2,9,74,12.736572
0.2,14,74,12.83142
0.2,18,74,12.912092
0.2,23,74,13.034084
0.2,0,74,12.765112
0.2,5,74,12.709
0.2,9,74,12.83787733
0.2,14,74,12.92869733
0.2,18,74,12.95139867
0.2,23,74,13.09711467
0.2,0,74,13.92472267
0.2,5,74,12.809436
0.2,9,74,12.91779467
0.2,14,74,12.992992
0.2,18,74,13.04699733
0.2,23,74,13.17752
0.2,0,74,12.92126933
0.2,5,74,12.924628
0.2,9,74,12.977396
0.2,14,74,13.07115467
0.2,18,74,13.14526533
0.2,23,74,13.23311467
0.2,0,74,12.96166267
0.2,5,74,13.03046533
0.2,9,74,13.04382933
0.2,14,74,13.152476
0.2,18,74,13.24182667
0.2,23,74,13.36194133
0.2,0,73,12.69323867
0.2,5,73,12.70147733
0.2,9,73,12.74310933
0.2,14,73,12.85183733
0.2,18,73,12.91225067
0.2,23,73,12.98305333
0.2,0,73,12.730696
0.2,5,73,12.82562533
0.2,9,73,12.82887867
0.2,14,73,12.87397067
0.2,18,73,12.94325333
0.2,23,73,13.06757467
0.2,0,73,12.80298267
0.2,5,73,12.80871467
0.2,9,73,12.827796
0.2,14,73,12.97082133
0.2,18,73,12.97318933
0.2,23,73,13.09649333
0.2,0,73,12.85799467
0.2,5,73,12.86405867
0.2,9,73,12.92796667
0.2,14,73,13.01467067
0.2,18,73,13.04908267
0.2,23,73,13.182644
0.2,0,73,12.93033867
0.2,5,73,12.97061333
0.2,9,73,13.04947867
0.2,14,73,13.104876
0.2,18,73,13.1376
0.2,23,73,13.26560533
0.2,0,73,13.004588
0.2,5,73,13.032624
0.2,9,73,13.07957733
0.2,14,73,13.19765067
0.2,18,73,13.20549733
0.2,23,73,13.40642533
0.2,0,68,12.69592267
0.2,5,68,12.719788
0.2,9,68,12.76004267
0.2,14,68,12.81673333
0.2,18,68,12.86962667
0.2,23,68,13.00181333
0.2,0,68,12.76326667
0.2,5,68,12.77374933
0.2,9,68,12.80065067
0.2,14,68,12.87349067
0.2,18,68,12.95622
0.2,23,68,13.03791467
0.2,0,68,12.76257333
0.2,5,68,13.786256
0.2,9,68,12.847292
0.2,14,68,12.88250933
0.2,18,68,13.03029733
0.2,23,68,13.083916
0.2,0,68,12.97298533
0.2,5,68,13.76246
0.2,9,68,12.89788933
0.2,14,68,13.00157067
0.2,18,68,13.02849867
0.2,23,68,13.18183467
0.2,0,68,12.93486533
0.2,5,68,12.99086933
0.2,9,68,13.017056
0.2,14,68,13.08105733
0.2,18,68,13.148696
0.2,23,68,13.30074667
0.2,0,68,12.98675467
0.2,5,68,13.01051867
0.2,9,68,13.020212
0.2,14,68,13.189824
0.2,18,68,13.254764
0.2,23,68,13.02974667
0.2,0,63,12.70207867
0.2,5,63,12.75156133
0.2,9,63,12.76036667
0.2,14,63,12.892516
0.2,18,63,12.9509
0.2,23,63,12.98539733
0.2,0,63,12.73060133
0.2,5,63,12.73201867
0.2,9,63,12.81048
0.2,14,63,12.90550667
0.2,18,63,12.96368
0.2,23,63,13.10495333
0.2,0,63,12.77561467
0.2,5,63,12.85323733
0.2,9,63,12.87846667
0.2,14,63,12.97711733
0.2,18,63,12.97950533
0.2,23,63,13.090036
0.2,0,63,12.81204133
0.2,5,63,12.919912
0.2,9,63,12.88795733
0.2,14,63,13.02358
0.2,18,63,13.11760667
0.2,23,63,13.097484
0.2,0,63,12.940836
0.2,5,63,12.91850667
0.2,9,63,12.93616
0.2,14,63,13.11788133
0.2,18,63,13.1742
0.2,23,63,13.28837067
0.2,0,63,12.996556
0.2,5,63,13.028
0.2,9,63,13.09378533
0.2,14,63,13.06317733
0.2,18,63,13.897984
0.2,23,63,13.73008267
0.2,0,58,12.66071067
0.2,5,58,12.55708267
0.2,9,58,12.78490933
0.2,14,58,12.860468
0.2,18,58,12.88634933
0.2,23,58,12.934292
0.2,0,58,12.71388133
0.2,5,58,12.68554667
0.2,9,58,12.66894
0.2,14,58,12.90874267
0.2,18,58,12.87737467
0.2,23,58,12.95487467
0.2,0,58,12.760864
0.2,5,58,12.82568267
0.2,9,58,12.71522933
0.2,14,58,12.96314933
0.2,18,58,12.99249333
0.2,23,58,12.97668133
0.2,0,58,12.85130533
0.2,5,58,12.83381733
0.2,9,58,12.850512
0.2,14,58,12.962612
0.2,18,58,13.050508
0.2,23,58,13.03213333
0.2,0,58,12.94230267
0.2,5,58,12.915248
0.2,9,58,12.93970667
0.2,14,58,13.03558933
0.2,18,58,13.13693733
0.2,23,58,13.20814533
0.2,0,58,12.940748
0.2,5,58,13.05822133
0.2,9,58,13.01306
0.2,14,58,13.0273
0.2,18,58,13.23258667
0.2,23,58,13.36184267
0.2,0,53,12.53263733
0.2,5,53,12.74026533
0.2,9,53,12.779292
0.2,14,53,12.77518
0.2,18,53,12.911224
0.2,23,53,13.035832
0.2,0,53,12.62539467
0.2,5,53,12.77833467
0.2,9,53,12.68944267
0.2,14,53,12.833728
0.2,18,53,12.906596
0.2,23,53,13.00347067
0.2,0,53,12.637652
0.2,5,53,12.76121467
0.2,9,53,12.70209733
0.2,14,53,12.92546667
0.2,18,53,12.94064267
0.2,23,53,12.97256267
0.2,0,53,12.80535333
0.2,5,53,12.82703333
0.2,9,53,13.78085067
0.2,14,53,12.967496
0.2,18,53,13.59168533
0.2,23,53,13.39611067
0.2,0,53,12.821636
0.2,5,53,13.926132
0.2,9,53,12.985368
0.2,14,53,13.02441733
0.2,18,53,13.01092533
0.2,23,53,13.180612
0.2,0,53,12.94730533
0.2,5,53,12.85112667
0.2,9,53,13.08941733
0.2,14,53,13.105692
0.2,18,53,13.07023867
0.2,23,53,13.338768
0.2,0,48,13.895768
0.2,5,48,12.70817733
0.2,9,48,12.63025733
0.2,14,48,12.84568933
0.2,18,48,12.88058533
0.2,23,48,12.900988
0.2,0,48,12.711908
0.2,5,48,12.67460267
0.2,9,48,13.93972
0.2,14,48,12.88222267
0.2,18,48,13.905604
0.2,23,48,13.03678667
0.2,0,48,12.70434533
0.2,5,48,13.71542133
0.2,9,48,12.84027333
0.2,14,48,14.00905067
0.2,18,48,12.995236
0.2,23,48,13.05499733
0.2,0,48,12.761044
0.2,5,48,12.85891467
0.2,9,48,13.38553467
0.2,14,48,13.45892133
0.2,18,48,12.996748
0.2,23,48,14.32735733
0.2,0,48,12.90736667
0.2,5,48,12.800796
0.2,9,48,12.99290267
0.2,14,48,13.024096
0.2,18,48,13.04219333
0.2,23,48,13.13776533
0.2,0,48,12.96725867
0.2,5,48,12.98897867
0.2,9,48,12.99677867
0.2,14,48,13.19655733
0.2,18,48,13.187016
0.2,23,48,13.75176667
0.2,0,43,12.69776667
0.2,5,43,12.71289867
0.2,9,43,13.81908667
0.2,14,43,12.82354267
0.2,18,43,12.862332
0.2,23,43,12.935428
0.2,0,43,12.72184
0.2,5,43,12.63834133
0.2,9,43,12.77859733
0.2,14,43,12.85157733
0.2,18,43,12.768632
0.2,23,43,14.08902667
0.2,0,43,12.69847733
0.2,5,43,13.68152667
0.2,9,43,12.84778667
0.2,14,43,12.93691467
0.2,18,43,12.83561733
0.2,23,43,13.08051333
0.2,0,43,12.766812
0.2,5,43,12.70418
0.2,9,43,12.85760667
0.2,14,43,12.977616
0.2,18,43,12.83631867
0.2,23,43,13.192644
0.2,0,43,12.900764
0.2,5,43,12.780824
0.2,9,43,12.985328
0.2,14,43,13.01092133
0.2,18,43,13.02555467
0.2,23,43,13.19635867
0.2,0,43,12.90050533
0.2,5,43,12.923924
0.2,9,43,13.08684667
0.2,14,43,13.03834933
0.2,18,43,13.2356
0.2,23,43,13.36505067
0.2,0,38,12.63599733
0.2,5,38,12.725352
0.2,9,38,12.64153467
0.2,14,38,12.85431467
0.2,18,38,12.89574667
0.2,23,38,12.89397867
0.2,0,38,12.72069867
0.2,5,38,12.74072533
0.2,9,38,12.6208
0.2,14,38,12.92099467
0.2,18,38,12.963684
0.2,23,38,12.93526133
0.2,0,38,12.77342667
0.2,5,38,12.665892
0.2,9,38,12.77766933
0.2,14,38,12.950808
0.2,18,38,12.87679333
0.2,23,38,13.09261333
0.2,0,38,12.791012
0.2,5,38,12.74020267
0.2,9,38,12.907968
0.2,14,38,12.85978933
0.2,18,38,13.05804
0.2,23,38,13.15299333
0.2,0,38,12.91807333
0.2,5,38,12.940736
0.2,9,38,12.83828133
0.2,14,38,13.09955733
0.2,18,38,13.17325333
0.2,23,38,13.179624
0.2,0,38,13.02473333
0.2,5,38,12.96384933
0.2,9,38,13.04492133
0.2,14,38,13.16371867
0.2,18,38,13.127948
0.2,23,38,13.31966133
0.2,0,37,12.704264
0.2,5,37,12.59297867
0.2,9,37,12.777432
0.2,14,37,12.82019333
0.2,18,37,12.777428
0.2,23,37,13.05873733
0.2,0,37,12.66692
0.2,5,37,12.62216533
0.2,9,37,12.79022
0.2,14,37,12.856292
0.2,18,37,12.90153067
0.2,23,37,13.07605467
0.2,0,37,12.64386133
0.2,5,37,12.80189467
0.2,9,37,12.77433333
0.2,14,37,12.82473067
0.2,18,37,13.007616
0.2,23,37,13.03969333
0.2,0,37,12.754432
0.2,5,37,12.858868
0.2,9,37,12.786636
0.2,14,37,12.92906267
0.2,18,37,13.056028
0.2,23,37,13.050516
0.2,0,37,12.88299867
0.2,5,37,12.931636
0.2,9,37,12.780908
0.2,14,37,13.088896
0.2,18,37,13.151912
0.2,23,37,13.14019467
0.2,0,37,12.96224267
0.2,5,37,12.936952
0.2,9,37,13.077428
0.2,14,37,13.16661467
0.2,18,37,13.095224
0.2,23,37,13.351092
0.2,0,36,12.56586533
0.2,5,36,12.73742
0.2,9,36,12.67986133
0.2,14,36,12.75302133
0.2,18,36,12.90431867
0.2,23,36,12.95117733
0.2,0,36,12.69529733
0.2,5,36,12.60727867
0.2,9,36,12.80963333
0.2,14,36,12.895408
0.2,18,36,12.760068
0.2,23,36,13.08880933
0.2,0,36,12.72750533
0.2,5,36,12.735668
0.2,9,36,12.88088533
0.2,14,36,12.80685333
0.2,18,36,12.96197333
0.2,23,36,13.14636533
0.2,0,36,12.737104
0.2,5,36,12.81002
0.2,9,36,12.740596
0.2,14,36,13.014348
0.2,18,36,13.057392
0.2,23,36,13.03834133
0.2,0,36,12.96235333
0.2,5,36,12.96871467
0.2,9,36,12.82577333
0.2,14,36,13.10752533
0.2,18,36,13.089352
0.2,23,36,13.26638533
0.2,0,36,12.98410267
0.2,5,36,12.87929867
0.2,9,36,13.07723867
0.2,14,36,13.036972
0.2,18,36,13.15148933
0.2,23,36,13.425452
0.2,0,35,12.58931333
0.2,5,35,12.747856
0.2,9,35,12.67676933
0.2,14,35,12.866944
0.2,18,35,12.785156
0.2,23,35,13.08365867
0.2,0,35,12.709612
0.2,5,35,12.67035333
0.2,9,35,12.78556533
0.2,14,35,12.75066667
0.2,18,35,12.94518133
0.2,23,35,13.10144667
0.2,0,35,12.67542
0.2,5,35,12.83154267
0.2,9,35,12.70242667
0.2,14,35,12.90660133
0.2,18,35,12.99244667
0.2,23,35,13.02191733
0.2,0,35,12.819852
0.2,5,35,12.90363333
0.2,9,35,12.79795067
0.2,14,35,13.01270533
0.2,18,35,12.978856
0.2,23,35,13.25712667
0.2,0,35,12.94434
0.2,5,35,12.834312
0.2,9,35,13.00380933
0.2,14,35,13.12890667
0.2,18,35,13.01459067
0.2,23,35,13.41387333
0.2,0,35,13.01708
0.2,5,35,12.885508
0.2,9,35,13.04021333
0.2,14,35,13.12150533
0.2,18,35,13.148628
0.2,23,35,13.454236
0.2,0,34,12.577416
0.2,5,34,12.74316
0.2,9,34,12.63080533
0.2,14,34,12.867644
0.2,18,34,12.93303467
0.2,23,34,12.97657067
0.2,0,34,12.79576
0.2,5,34,12.69824267
0.2,9,34,12.65814667
0.2,14,34,12.92327733
0.2,18,34,12.87288133
0.2,23,34,13.15970533
0.2,0,34,12.757628
0.2,5,34,12.76866533
0.2,9,34,12.80014
0.2,14,34,12.738448
0.2,18,34,12.947544
0.2,23,34,13.171244
0.2,0,34,12.74282667
0.2,5,34,12.85704133
0.2,9,34,12.724252
0.2,14,34,13.029504
0.2,18,34,12.96968133
0.2,23,34,13.272504
0.2,0,34,12.92632933
0.2,5,34,12.85968133
0.2,9,34,12.99678133
0.2,14,34,13.005888
0.2,18,34,13.14196267
0.2,23,34,13.403752
0.2,0,34,12.89551067
0.2,5,34,13.00716933
0.2,9,34,12.914212
0.2,14,34,13.16489733
0.2,18,34,13.23126133
0.2,23,34,13.42584133
0.2,0,33,12.66840533
0.2,5,33,12.54929467
0.2,9,33,12.77617467
0.2,14,33,12.859412
0.2,18,33,12.83451467
0.2,23,33,12.80296267
0.2,0,33,12.47222667
0.2,5,33,13.51153867
0.2,9,33,12.532056
0.2,14,33,12.64211733
0.2,18,33,12.534096
0.2,23,33,12.92938133
0.2,0,33,12.48368267
0.2,5,33,12.81966667
0.2,9,33,13.08354267
0.2,14,33,12.66477333
0.2,18,33,13.23052933
0.2,23,33,13.294276
0.2,0,33,12.53132533
0.2,5,33,13.245508
0.2,9,33,12.680988
0.2,14,33,12.700384
0.2,18,33,12.64935467
0.2,23,33,14.10854133
0.2,0,33,12.62061733
0.2,5,33,12.75111067
0.2,9,33,13.51494
0.2,14,33,12.81073333
0.2,18,33,13.22721067
0.2,23,33,13.70882933
0.2,0,33,12.682652
0.2,5,33,12.625384
0.2,9,33,12.62987733
0.2,14,33,12.81464133
0.2,18,33,12.80143733
0.2,23,33,13.12603867
0.2,0,32,12.62043867
0.2,5,32,12.67064267
0.2,9,32,12.80808667
0.2,14,32,12.740748
0.2,18,32,12.96107467
0.2,0,32,12.49001333
0.2,5,32,12.37314933
0.2,9,32,12.54962267
0.2,14,32,12.52968533
0.2,18,32,12.68518267
0.2,0,32,12.50198933
0.2,5,32,12.55929733
0.2,9,32,12.42142133
0.2,14,32,12.689848
0.2,18,32,12.734236
0.2,0,32,12.44276133
0.2,5,32,12.58735067
0.2,9,32,12.530992
0.2,14,32,12.70875733
0.2,18,32,12.80838667
0.2,0,32,12.61451733
0.2,5,32,12.55076667
0.2,9,32,12.78693867
0.2,14,32,12.71421733
0.2,18,32,12.97423467
0.2,0,32,12.629068
0.2,5,32,12.639428
0.2,9,32,12.7619
0.2,14,32,12.76301867
0.2,18,32,12.920092
0.2,0,31,12.728384
0.2,5,31,12.60689067
0.2,9,31,12.796468
0.2,14,31,12.76614667
0.2,18,31,13.01799733
0.2,0,31,12.727
0.2,5,31,12.62388133
0.2,9,31,12.83645733
0.2,14,31,12.807136
0.2,18,31,12.97122133
0.2,0,31,12.78486267
0.2,5,31,12.65384
0.2,9,31,12.886656
0.2,14,31,12.991292
0.2,18,31,12.95673733
0.2,0,31,12.92358
0.2,5,31,12.771816
0.2,9,31,12.85336
0.2,14,31,13.05434933
0.2,18,31,12.961084
0.2,0,31,12.92568
0.2,5,31,12.91836267
0.2,9,31,12.932324
0.2,14,31,13.11202933
0.2,18,31,13.13712667
0.2,0,31,13.01795467
0.2,5,31,12.90717067
0.2,9,31,13.01678933
0.2,14,31,13.216932
0.2,18,31,13.25924267
0.2,0,30,12.70483467
0.2,5,30,12.555136
0.2,9,30,12.75986667
0.2,14,30,12.889588
0.2,18,30,14.087944
0.2,0,30,12.758016
0.2,5,30,12.78248533
0.2,9,30,12.67412667
0.2,14,30,12.98711867
0.2,18,30,12.94517333
0.2,0,30,12.759908
0.2,5,30,12.80551333
0.2,9,30,12.70899333
0.2,14,30,13.036008
0.2,18,30,14.108124
0.2,0,30,12.837396
0.2,5,30,12.82682133
0.2,9,30,12.892408
0.2,14,30,13.00524267
0.2,18,30,13.210088
0.2,0,30,12.785452
0.2,5,30,12.96502933
0.2,9,30,12.98037467
0.2,14,30,13.06575467
0.2,18,30,13.3556
0.2,0,30,12.95202267
0.2,5,30,13.06052
0.2,9,30,13.05128533
0.2,14,30,13.11261067
0.2,18,30,12.817692
0.2,0,29,12.690788
0.2,5,29,12.59648133
0.2,9,29,12.70742933
0.2,14,29,12.922084
0.2,18,29,13.00716933
0.2,0,29,12.74867467
0.2,5,29,12.71166667
0.2,9,29,12.75333733
0.2,14,29,12.93627733
0.2,18,29,13.073352
0.2,0,29,12.79692133
0.2,5,29,12.64231867
0.2,9,29,12.812508
0.2,14,29,12.98626133
0.2,18,29,13.05517333
0.2,0,29,12.843096
0.2,5,29,12.83243067
0.2,9,29,12.784028
0.2,14,29,13.030136
0.2,18,29,14.39615067
0.2,0,29,12.95143733
0.2,5,29,12.80958933
0.2,9,29,12.99605733
0.2,14,29,13.03432533
0.2,18,29,14.481436
0.2,0,29,12.9975
0.2,5,29,12.91632133
0.2,9,29,14.08461467
0.2,14,29,13.21912667
0.2,18,29,14.58266933
0.2,0,28,12.67811067
0.2,5,28,12.522136
0.2,9,28,12.776868
0.2,14,28,12.828024
0.2,0,28,13.4302
0.2,5,28,12.53619867
0.2,9,28,12.47978667
0.2,14,28,12.53894267
0.2,0,28,12.36236933
0.2,5,28,12.49959467
0.2,9,28,12.56907467
0.2,14,28,12.56693467
0.2,0,28,12.56472133
0.2,5,28,12.595916
0.2,9,28,12.524372
0.2,14,28,12.81133867
0.2,0,28,12.61878933
0.2,5,28,12.64764667
0.2,9,28,13.810084
0.2,14,28,12.871632
0.2,0,28,12.58173333
0.2,5,28,12.66506
0.2,9,28,12.55112667
0.2,14,28,12.927308
0.2,0,27,12.51824267
0.2,5,27,12.74599867
0.2,9,27,12.61974
0.2,14,27,12.91193467
0.2,0,27,12.69929067
0.2,5,27,12.58811733
0.2,9,27,12.82504
0.2,14,27,12.88043067
0.2,0,27,12.75316133
0.2,5,27,12.780468
0.2,9,27,12.67255333
0.2,14,27,13.04059467
0.2,0,27,12.70379467
0.2,5,27,12.81410267
0.2,9,27,12.87004
0.2,14,27,13.01103333
0.2,0,27,12.92568
0.2,5,27,12.78456133
0.2,9,27,13.00514267
0.2,14,27,13.09688
0.2,0,27,12.89907067
0.2,5,27,13.03855733
0.2,9,27,12.94775467
0.2,14,27,13.51374133
0.2,0,26,12.54541467
0.2,5,26,12.733296
0.2,9,26,12.63644267
0.2,14,26,12.91780933
0.2,0,26,12.70255467
0.2,5,26,12.62532533
0.2,9,26,12.74120133
0.2,14,26,12.965044
0.2,0,26,12.65926
0.2,5,26,12.83313067
0.2,9,26,12.64609867
0.2,14,26,13.079316
0.2,0,26,12.80022667
0.2,5,26,12.69467333
0.2,9,26,12.92348267
0.2,14,26,13.056256
0.2,0,26,12.88445467
0.2,5,26,12.92467067
0.2,9,26,12.88407733
0.2,14,26,13.28415733
0.2,0,26,12.86923067
0.2,5,26,13.03334933
0.2,9,26,13.036548
0.2,14,26,13.21849467
0.2,0,25,13.87978
0.2,5,25,12.63325867
0.2,9,25,12.74269867
0.2,0,25,12.492412
0.2,5,25,12.40442
0.2,9,25,12.57964133
0.2,0,25,12.40258667
0.2,5,25,12.502632
0.2,9,25,12.539072
0.2,0,25,12.41499333
0.2,5,25,12.63819867
0.2,9,25,12.52275067
0.2,0,25,12.56626667
0.2,5,25,12.63872533
0.2,9,25,12.61865467
0.2,0,25,12.7076
0.2,5,25,12.52528133
0.2,9,25,12.71394533
0.2,0,24,12.56046267
0.2,5,24,12.727844
0.2,9,24,12.70889067
0.2,0,24,12.567292
0.2,5,24,12.765956
0.2,9,24,12.66605067
0.2,0,24,12.85348667
0.2,5,24,13.718824
0.2,9,24,12.693604
0.2,0,24,12.7974
0.2,5,24,12.85502667
0.2,9,24,12.76919467
0.2,0,24,12.91461067
0.2,5,24,12.76778933
0.2,9,24,13.56449067
0.2,0,24,13.29349467
0.2,5,24,12.853264
0.2,9,24,13.06882933
0.2,0,23,12.51268133
0.2,5,23,12.68957067
0.2,9,23,12.73276933
0.2,0,23,12.63872933
0.2,5,23,12.70541333
0.2,9,23,12.66646933
0.2,0,23,12.80184533
0.2,5,23,12.65412933
0.2,9,23,12.84452533
0.2,0,23,12.81951733
0.2,5,23,12.64353467
0.2,9,23,12.84500533
0.2,0,23,12.769124
0.2,5,23,12.87562667
0.2,9,23,13.056496
0.2,0,23,12.805016
0.2,5,23,13.54888
0.2,9,23,13.626968
0.2,0,22,12.64053467
0.2,5,22,12.53042
0.2,9,22,12.80250667
0.2,0,22,12.6057
0.2,5,22,12.70206533
0.2,9,22,12.809768
0.2,0,22,12.60974667
0.2,5,22,12.83574933
0.2,9,22,12.748576
0.2,0,22,12.79285067
0.2,5,22,12.81007733
0.2,9,22,12.758572
0.2,0,22,12.90647067
0.2,5,22,12.86433067
0.2,9,22,12.93903867
0.2,0,22,12.96342933
0.2,5,22,12.833408
0.2,9,22,13.12827733
0.2,0,21,12.50015867
0.2,5,21,12.739256
0.2,9,21,12.80358133
0.2,0,21,12.61252533
0.2,5,21,12.75954267
0.2,9,21,12.68678933
0.2,0,21,12.74954533
0.2,5,21,12.712496
0.2,9,21,12.83618667
0.2,0,21,12.79100933
0.2,5,21,12.69096533
0.2,9,21,12.96765867
0.2,0,21,12.82857867
0.2,5,21,12.806916
0.2,9,21,13.0834
0.2,0,21,12.79693067
0.2,5,21,13.02169067
0.2,9,21,13.18924267
0.2,0,20,12.641272
0.2,5,20,12.70506267
0.2,0,20,12.31589467
0.2,5,20,12.49996
0.2,0,20,12.459452
0.2,5,20,12.39578267
0.2,0,20,12.51122933
0.2,5,20,12.634712
0.2,0,20,12.49402133
0.2,5,20,12.74480667
0.2,0,20,12.48513067
0.2,5,20,12.753532
0.8,0,74,13.07667733
0.8,5,74,13.41091867
0.8,9,74,13.51573867
0.8,14,74,13.77833867
0.8,18,74,14.11147733
0.8,23,74,14.52041067
0.8,0,74,13.13715333
0.8,5,74,13.42247733
0.8,9,74,13.466432
